benchmark,model_key,model_id,model_revision,model_label,model_family,parameter_count,calibration_id,calibration_state,configuration_id,is_selected,feasible,gamma_star,gamma_used,s_rob,negative_log_gamma_star,setpoint_multiplier,q,r,q_final,q_over_r,q_final_over_r,selection_metric,tuning_samples,tuning_repetitions,normalization_protocol_id,protocol_id,coordinates,min_disturbance_margin,min_control_margin,max_condition_number_m,max_condition_number_h,max_norm_s,max_norm_k,bisection_iterations,bisection_converged,controller_path,controller_sha256,selection_path
harmful,llama31_8b,meta-llama/Llama-3.1-8B-Instruct,0e9e39f249a16976918f6564b8830bc894c89659,Llama-3.1-8B-Instruct,llama,8030261248,selected,current_candidate,q_00_qf_00,True,True,0.2867758274078369,0.2896435856819153,3.487044249994804,1.2490544576029035,1.5,0.01,1.0,0.01,0.01,0.01,mean per-response AXBench three-judge harmonic mean,50,1,kaz-raw-reduced-covariance-v1,full-reduced-state-60bda5a77b8709f3,raw,0.003505205735564232,1.0101492404937744,23.90509605407715,12.637031555175781,7.906531810760498,1.0677614212036133,24,True,benchmarks/harmful/cache/llama31_8b_instruct/calibrations/h_infinity/selected/grid/controllers/q_00_qf_00.pt,dc0e2fe5065b71203e4703c60a2fbb8ae6dd73492e2494e99bd3833029f3f3ab,benchmarks/harmful/cache/llama31_8b_instruct/calibrations/h_infinity/selected/selection.json
harmful,llama31_8b,meta-llama/Llama-3.1-8B-Instruct,0e9e39f249a16976918f6564b8830bc894c89659,Llama-3.1-8B-Instruct,llama,8030261248,selected,current_candidate,q_00_qf_01,False,True,0.761103630065918,0.7687146663665771,1.3138815274253672,0.27298575422086424,1.5,0.01,1.0,0.1,0.01,0.1,mean per-response AXBench three-judge harmonic mean,50,1,kaz-raw-reduced-covariance-v1,full-reduced-state-60bda5a77b8709f3,raw,0.011649489402770996,1.010210394859314,49.6658935546875,5.509783744812012,7.905928134918213,0.7003105282783508,24,True,benchmarks/harmful/cache/llama31_8b_instruct/calibrations/h_infinity/selected/grid/controllers/q_00_qf_01.pt,37d80a1699ace2c0e1820f33aa55924a3d1ee715af5d8f83f0e10e0865dc96e4,benchmarks/harmful/cache/llama31_8b_instruct/calibrations/h_infinity/selected/selection.json
harmful,llama31_8b,meta-llama/Llama-3.1-8B-Instruct,0e9e39f249a16976918f6564b8830bc894c89659,Llama-3.1-8B-Instruct,llama,8030261248,selected,current_candidate,q_00_qf_02,False,True,1.3534486293792725,1.3669831156730652,0.7388533101981318,-0.30265587543933353,1.5,0.01,1.0,0.31622776601683794,0.01,0.31622776601683794,mean per-response AXBench three-judge harmonic mean,50,1,kaz-raw-reduced-covariance-v1,full-reduced-state-60bda5a77b8709f3,raw,0.036821603775024414,1.0102105140686035,49.68878173828125,12.886212348937988,7.905868053436279,0.9564613699913025,24,True,benchmarks/harmful/cache/llama31_8b_instruct/calibrations/h_infinity/selected/grid/controllers/q_00_qf_02.pt,319b8b2422f43553c647576d6de685c6fba9827e12f44d0e365f3b7a59d8cbc9,benchmarks/harmful/cache/llama31_8b_instruct/calibrations/h_infinity/selected/selection.json
harmful,llama31_8b,meta-llama/Llama-3.1-8B-Instruct,0e9e39f249a16976918f6564b8830bc894c89659,Llama-3.1-8B-Instruct,llama,8030261248,selected,current_candidate,q_01_qf_00,False,True,0.4644334316253662,0.4690777659416199,2.1531611031969096,0.7669370428920963,1.5,0.1,1.0,0.01,0.1,0.01,mean per-response AXBench three-judge harmonic mean,50,1,kaz-raw-reduced-covariance-v1,full-reduced-state-60bda5a77b8709f3,raw,0.006002944894134998,1.0100560188293457,36.53520584106445,19.95203971862793,62.42754364013672,2.9540581703186035,24,True,benchmarks/harmful/cache/llama31_8b_instruct/calibrations/h_infinity/selected/grid/controllers/q_01_qf_00.pt,cf25595ad12cce9544a6c9c2006c246756b6def8446b4152fb8979ac4a19018c,benchmarks/harmful/cache/llama31_8b_instruct/calibrations/h_infinity/selected/selection.json
harmful,llama31_8b,meta-llama/Llama-3.1-8B-Instruct,0e9e39f249a16976918f6564b8830bc894c89659,Llama-3.1-8B-Instruct,llama,8030261248,selected,current_candidate,q_01_qf_01,False,True,0.761103630065918,0.7687146663665771,1.3138815274253672,0.27298575422086424,1.5,0.1,1.0,0.1,0.1,0.1,mean per-response AXBench three-judge harmonic mean,50,1,kaz-raw-reduced-covariance-v1,full-reduced-state-60bda5a77b8709f3,raw,0.011649489402770996,1.1017411947250366,49.6658935546875,5.509783744812012,62.42021560668945,2.9537148475646973,24,True,benchmarks/harmful/cache/llama31_8b_instruct/calibrations/h_infinity/selected/grid/controllers/q_01_qf_01.pt,9f00830d9a65cadb5b3fe654aebc79d853ae47bdce262e05fd1a768dd545309d,benchmarks/harmful/cache/llama31_8b_instruct/calibrations/h_infinity/selected/selection.json
harmful,llama31_8b,meta-llama/Llama-3.1-8B-Instruct,0e9e39f249a16976918f6564b8830bc894c89659,Llama-3.1-8B-Instruct,llama,8030261248,selected,current_candidate,q_01_qf_02,False,True,1.3534486293792725,1.3669831156730652,0.7388533101981318,-0.30265587543933353,1.5,0.1,1.0,0.31622776601683794,0.1,0.31622776601683794,mean per-response AXBench three-judge harmonic mean,50,1,kaz-raw-reduced-covariance-v1,full-reduced-state-60bda5a77b8709f3,raw,0.036821603775024414,1.101733684539795,49.68878173828125,12.886212348937988,62.417236328125,2.953575372695923,24,True,benchmarks/harmful/cache/llama31_8b_instruct/calibrations/h_infinity/selected/grid/controllers/q_01_qf_02.pt,e2ce9f0e01bdb2726390b13d4c253b2fc7c2fb659557343bbb315aafba52b0bc,benchmarks/harmful/cache/llama31_8b_instruct/calibrations/h_infinity/selected/selection.json
harmful,llama31_8b,meta-llama/Llama-3.1-8B-Instruct,0e9e39f249a16976918f6564b8830bc894c89659,Llama-3.1-8B-Instruct,llama,8030261248,selected,current_candidate,q_02_qf_00,False,True,0.9327471256256104,0.9420745968818665,1.0721019368773523,0.06962114849847209,1.5,1.0,1.0,0.01,1.0,0.01,mean per-response AXBench three-judge harmonic mean,50,1,kaz-raw-reduced-covariance-v1,full-reduced-state-60bda5a77b8709f3,raw,0.018624210730195045,1.0100138187408447,47.438472747802734,33.97194290161133,249.4899139404297,11.730755805969238,24,True,benchmarks/harmful/cache/llama31_8b_instruct/calibrations/h_infinity/selected/grid/controllers/q_02_qf_00.pt,39ec394304522c5a6f71044053ec7d16b2e60e8236fdfe5315d8c5732ee1b6ad,benchmarks/harmful/cache/llama31_8b_instruct/calibrations/h_infinity/selected/selection.json
harmful,llama31_8b,meta-llama/Llama-3.1-8B-Instruct,0e9e39f249a16976918f6564b8830bc894c89659,Llama-3.1-8B-Instruct,llama,8030261248,selected,current_candidate,q_02_qf_01,False,True,0.9737670421600342,0.9835047125816345,1.0269396649344131,0.026583180373914758,1.5,1.0,1.0,0.1,1.0,0.1,mean per-response AXBench three-judge harmonic mean,50,1,kaz-raw-reduced-covariance-v1,full-reduced-state-60bda5a77b8709f3,raw,0.020376427099108696,1.1012920141220093,46.77859115600586,25.695188522338867,249.48741149902344,11.730639457702637,24,True,benchmarks/harmful/cache/llama31_8b_instruct/calibrations/h_infinity/selected/grid/controllers/q_02_qf_01.pt,1dd40e6539cbff41cfe4f6a3e3c78d661faba8db55db8ade825f4e4b1349ffd8,benchmarks/harmful/cache/llama31_8b_instruct/calibrations/h_infinity/selected/selection.json
harmful,llama31_8b,meta-llama/Llama-3.1-8B-Instruct,0e9e39f249a16976918f6564b8830bc894c89659,Llama-3.1-8B-Instruct,llama,8030261248,selected,current_candidate,q_02_qf_02,False,True,1.3534486293792725,1.3669831156730652,0.7388533101981318,-0.30265587543933353,1.5,1.0,1.0,0.31622776601683794,1.0,0.31622776601683794,mean per-response AXBench three-judge harmonic mean,50,1,kaz-raw-reduced-covariance-v1,full-reduced-state-60bda5a77b8709f3,raw,0.036821603775024414,1.322972059249878,49.68878173828125,12.886212348937988,249.4740447998047,11.730010032653809,24,True,benchmarks/harmful/cache/llama31_8b_instruct/calibrations/h_infinity/selected/grid/controllers/q_02_qf_02.pt,a3fa5386ae2328a60f1ac3c6835c257e26d737fb9c3019c7614c8d449a39535b,benchmarks/harmful/cache/llama31_8b_instruct/calibrations/h_infinity/selected/selection.json
harmful,llama31_8b,meta-llama/Llama-3.1-8B-Instruct,0e9e39f249a16976918f6564b8830bc894c89659,Llama-3.1-8B-Instruct,llama,8030261248,selected,current_candidate,q_03_qf_00,False,True,2.937716245651245,2.9670934081077576,0.3404004731499573,-1.0776324923016358,1.5,10.0,1.0,0.01,10.0,0.01,mean per-response AXBench three-judge harmonic mean,50,1,kaz-raw-reduced-covariance-v1,full-reduced-state-60bda5a77b8709f3,raw,0.17347604036331177,1.0100011825561523,49.98476791381836,45.59519577026367,423.9219055175781,19.490705490112305,24,True,benchmarks/harmful/cache/llama31_8b_instruct/calibrations/h_infinity/selected/grid/controllers/q_03_qf_00.pt,4f16aee513dfb118a616853562a22da1e9f8dd670345657f6ec7149bb5fbdc33,benchmarks/harmful/cache/llama31_8b_instruct/calibrations/h_infinity/selected/selection.json
harmful,llama31_8b,meta-llama/Llama-3.1-8B-Instruct,0e9e39f249a16976918f6564b8830bc894c89659,Llama-3.1-8B-Instruct,llama,8030261248,selected,current_candidate,q_03_qf_01,False,True,2.946305274963379,2.9757683277130127,0.3394081422918504,-1.080551936216825,1.5,10.0,1.0,0.1,10.0,0.1,mean per-response AXBench three-judge harmonic mean,50,1,kaz-raw-reduced-covariance-v1,full-reduced-state-60bda5a77b8709f3,raw,0.1745215356349945,1.1001399755477905,49.976383209228516,45.619258880615234,423.9215087890625,19.490703582763672,24,True,benchmarks/harmful/cache/llama31_8b_instruct/calibrations/h_infinity/selected/grid/controllers/q_03_qf_01.pt,0d09bbf49c8ac15bc003d7479f3c63863f4fbfcb4a81151d719a0316d6f320ef,benchmarks/harmful/cache/llama31_8b_instruct/calibrations/h_infinity/selected/selection.json
harmful,llama31_8b,meta-llama/Llama-3.1-8B-Instruct,0e9e39f249a16976918f6564b8830bc894c89659,Llama-3.1-8B-Instruct,llama,8030261248,selected,current_candidate,q_03_qf_02,False,True,2.963423728942871,2.9930579662323,0.33744752403556055,-1.0863452650975753,1.5,10.0,1.0,0.31622776601683794,10.0,0.31622776601683794,mean per-response AXBench three-judge harmonic mean,50,1,kaz-raw-reduced-covariance-v1,full-reduced-state-60bda5a77b8709f3,raw,0.1768280416727066,1.3176113367080688,49.90015411376953,45.66365432739258,423.92169189453125,19.490697860717773,24,True,benchmarks/harmful/cache/llama31_8b_instruct/calibrations/h_infinity/selected/grid/controllers/q_03_qf_02.pt,9e733bbbc10eea88d95a1b0f6a685e38680e433b1bd3f8a25c6f7e8071f3173f,benchmarks/harmful/cache/llama31_8b_instruct/calibrations/h_infinity/selected/selection.json
harmful,llama32_1b,meta-llama/Llama-3.2-1B-Instruct,9213176726f574b556790deb65791e0c5aa438b6,Llama-3.2-1B-Instruct,llama,1235814400,selected,current_candidate,q_00_qf_00,True,True,0.13007521629333496,0.1313759684562683,7.687859597672181,2.0396424089715963,1.5,0.01,1.0,0.01,0.01,0.01,mean per-response AXBench three-judge harmonic mean,50,1,kaz-raw-reduced-covariance-v1,full-reduced-state-80f5a13054238fc5,raw,0.0011333595030009747,1.0100065469741821,15.192041397094727,5.286236763000488,0.7349804043769836,0.7545679211616516,24,True,benchmarks/harmful/cache/llama32_1b_instruct/calibrations/h_infinity/selected/grid/controllers/q_00_qf_00.pt,fe911ebc1ace60c02a6f04c2065b168141029c183747974d859bdfdb6e3b3e8e,benchmarks/harmful/cache/llama32_1b_instruct/calibrations/h_infinity/selected/selection.json
harmful,llama32_1b,meta-llama/Llama-3.2-1B-Instruct,9213176726f574b556790deb65791e0c5aa438b6,Llama-3.2-1B-Instruct,llama,1235814400,selected,current_candidate,q_00_qf_01,False,True,0.3188669681549072,0.3220556378364563,3.136104080602651,1.1429812909051018,1.5,0.01,1.0,0.1,0.01,0.1,mean per-response AXBench three-judge harmonic mean,50,1,kaz-raw-reduced-covariance-v1,full-reduced-state-80f5a13054238fc5,raw,0.002043813467025757,1.0100017786026,48.53490447998047,5.499762535095215,0.9349281787872314,0.8199216723442078,24,True,benchmarks/harmful/cache/llama32_1b_instruct/calibrations/h_infinity/selected/grid/controllers/q_00_qf_01.pt,e04ccd9feadf72e978839b91b314cbb2f270e376b5755e9b75d786bf0e3364bf,benchmarks/harmful/cache/llama32_1b_instruct/calibrations/h_infinity/selected/selection.json
harmful,llama32_1b,meta-llama/Llama-3.2-1B-Instruct,9213176726f574b556790deb65791e0c5aa438b6,Llama-3.2-1B-Instruct,llama,1235814400,selected,current_candidate,q_00_qf_02,False,True,0.5670368671417236,0.5727072358131409,1.763553761575899,0.5673309559542108,1.5,0.01,1.0,0.31622776601683794,0.01,0.31622776601683794,mean per-response AXBench three-judge harmonic mean,50,1,kaz-raw-reduced-covariance-v1,full-reduced-state-80f5a13054238fc5,raw,0.0064657628536224365,1.0100011825561523,48.5153923034668,12.806931495666504,1.2105754613876343,1.099930763244629,24,True,benchmarks/harmful/cache/llama32_1b_instruct/calibrations/h_infinity/selected/grid/controllers/q_00_qf_02.pt,fe633d0d6851f3b465e0f17796000d6c2dda5a6517e8b73ace60b040026b9bdb,benchmarks/harmful/cache/llama32_1b_instruct/calibrations/h_infinity/selected/selection.json
harmful,llama32_1b,meta-llama/Llama-3.2-1B-Instruct,9213176726f574b556790deb65791e0c5aa438b6,Llama-3.2-1B-Instruct,llama,1235814400,selected,current_candidate,q_01_qf_00,False,True,0.25531649589538574,0.2578696608543396,3.9167073654721607,1.3652513430524518,1.5,0.1,1.0,0.01,0.1,0.01,mean per-response AXBench three-judge harmonic mean,50,1,kaz-raw-reduced-covariance-v1,full-reduced-state-80f5a13054238fc5,raw,0.002273084130138159,1.0100687742233276,29.109254837036133,15.595499038696289,1.3509000539779663,0.9755994081497192,24,True,benchmarks/harmful/cache/llama32_1b_instruct/calibrations/h_infinity/selected/grid/controllers/q_01_qf_00.pt,dc4bf86348279c9258dd023b151eefc698bd7b0671a5ce9ef655b89b4a22df1c,benchmarks/harmful/cache/llama32_1b_instruct/calibrations/h_infinity/selected/selection.json
harmful,llama32_1b,meta-llama/Llama-3.2-1B-Instruct,9213176726f574b556790deb65791e0c5aa438b6,Llama-3.2-1B-Instruct,llama,1235814400,selected,current_candidate,q_01_qf_01,False,True,0.3188669681549072,0.3220556378364563,3.136104080602651,1.1429812909051018,1.5,0.1,1.0,0.1,0.1,0.1,mean per-response AXBench three-judge harmonic mean,50,1,kaz-raw-reduced-covariance-v1,full-reduced-state-80f5a13054238fc5,raw,0.002043813467025757,1.1001017093658447,48.53490447998047,5.499762535095215,1.3018479347229004,0.9281947016716003,24,True,benchmarks/harmful/cache/llama32_1b_instruct/calibrations/h_infinity/selected/grid/controllers/q_01_qf_01.pt,8fc85242cf283af691fd0aad06913f43a495329b50dc914a2495a7d23f207e49,benchmarks/harmful/cache/llama32_1b_instruct/calibrations/h_infinity/selected/selection.json
harmful,llama32_1b,meta-llama/Llama-3.2-1B-Instruct,9213176726f574b556790deb65791e0c5aa438b6,Llama-3.2-1B-Instruct,llama,1235814400,selected,current_candidate,q_01_qf_02,False,True,0.5670368671417236,0.5727072358131409,1.763553761575899,0.5673309559542108,1.5,0.1,1.0,0.31622776601683794,0.1,0.31622776601683794,mean per-response AXBench three-judge harmonic mean,50,1,kaz-raw-reduced-covariance-v1,full-reduced-state-80f5a13054238fc5,raw,0.0064657628536224365,1.1000361442565918,48.5153923034668,12.806931495666504,1.406341314315796,1.099930763244629,24,True,benchmarks/harmful/cache/llama32_1b_instruct/calibrations/h_infinity/selected/grid/controllers/q_01_qf_02.pt,b0529bdf3507d0b81f6fad419f7a3fc301cfe419eb45f994d3bfb9ef3ffd1293,benchmarks/harmful/cache/llama32_1b_instruct/calibrations/h_infinity/selected/selection.json
harmful,llama32_1b,meta-llama/Llama-3.2-1B-Instruct,9213176726f574b556790deb65791e0c5aa438b6,Llama-3.2-1B-Instruct,llama,1235814400,selected,current_candidate,q_02_qf_00,False,True,0.648033618927002,0.654513955116272,1.5431298173322787,0.4338127029154498,1.5,1.0,1.0,0.01,1.0,0.01,mean per-response AXBench three-judge harmonic mean,50,1,kaz-raw-reduced-covariance-v1,full-reduced-state-80f5a13054238fc5,raw,0.0090080751106143,1.0100103616714478,46.806114196777344,31.739362716674805,4.543519020080566,1.7852319478988647,24,True,benchmarks/harmful/cache/llama32_1b_instruct/calibrations/h_infinity/selected/grid/controllers/q_02_qf_00.pt,bbb4b2b592043edee99dce0d3f1af322d69b089bbaac59d32017a3a1f4636582,benchmarks/harmful/cache/llama32_1b_instruct/calibrations/h_infinity/selected/selection.json
harmful,llama32_1b,meta-llama/Llama-3.2-1B-Instruct,9213176726f574b556790deb65791e0c5aa438b6,Llama-3.2-1B-Instruct,llama,1235814400,selected,current_candidate,q_02_qf_01,False,True,0.6499290466308594,0.656428337097168,1.5386294937637564,0.43089208108018184,1.5,1.0,1.0,0.1,1.0,0.1,mean per-response AXBench three-judge harmonic mean,50,1,kaz-raw-reduced-covariance-v1,full-reduced-state-80f5a13054238fc5,raw,0.009080732241272926,1.1010607481002808,46.70290756225586,31.871692657470703,4.552134990692139,1.7931749820709229,24,True,benchmarks/harmful/cache/llama32_1b_instruct/calibrations/h_infinity/selected/grid/controllers/q_02_qf_01.pt,3b9ee001130417c13aeea4e6c748d4c33cc4d8f4bff5fbaa888fff48e0dedec0,benchmarks/harmful/cache/llama32_1b_instruct/calibrations/h_infinity/selected/selection.json
harmful,llama32_1b,meta-llama/Llama-3.2-1B-Instruct,9213176726f574b556790deb65791e0c5aa438b6,Llama-3.2-1B-Instruct,llama,1235814400,selected,current_candidate,q_02_qf_02,False,True,0.6536126136779785,0.6601487398147583,1.529958233781393,0.4252404368496459,1.5,1.0,1.0,0.31622776601683794,1.0,0.31622776601683794,mean per-response AXBench three-judge harmonic mean,50,1,kaz-raw-reduced-covariance-v1,full-reduced-state-80f5a13054238fc5,raw,0.00923426728695631,1.3269602060317993,46.44791793823242,32.096534729003906,4.56859827041626,1.8082441091537476,24,True,benchmarks/harmful/cache/llama32_1b_instruct/calibrations/h_infinity/selected/grid/controllers/q_02_qf_02.pt,449f5a0ba1b5a296ee32b25cc22e7d3a740b948ba56a6c074c654475d4421319,benchmarks/harmful/cache/llama32_1b_instruct/calibrations/h_infinity/selected/selection.json
harmful,llama32_1b,meta-llama/Llama-3.2-1B-Instruct,9213176726f574b556790deb65791e0c5aa438b6,Llama-3.2-1B-Instruct,llama,1235814400,selected,current_candidate,q_03_qf_00,False,True,1.7526209354400635,1.7701471447944641,0.5705740355936757,-0.5611123449294819,1.5,10.0,1.0,0.01,10.0,0.01,mean per-response AXBench three-judge harmonic mean,50,1,kaz-raw-reduced-covariance-v1,full-reduced-state-80f5a13054238fc5,raw,0.06192439794540405,1.010001301765442,49.76802444458008,45.82026672363281,30.660816192626953,2.4811623096466064,24,True,benchmarks/harmful/cache/llama32_1b_instruct/calibrations/h_infinity/selected/grid/controllers/q_03_qf_00.pt,c6e988f9cc7eea228f5c58e7ac284ca7b16b10fc28e9554bb08345849802b019,benchmarks/harmful/cache/llama32_1b_instruct/calibrations/h_infinity/selected/selection.json
harmful,llama32_1b,meta-llama/Llama-3.2-1B-Instruct,9213176726f574b556790deb65791e0c5aa438b6,Llama-3.2-1B-Instruct,llama,1235814400,selected,current_candidate,q_03_qf_01,False,True,1.752638816833496,1.770165205001831,0.5705682142808559,-0.561122547536248,1.5,10.0,1.0,0.1,10.0,0.1,mean per-response AXBench three-judge harmonic mean,50,1,kaz-raw-reduced-covariance-v1,full-reduced-state-80f5a13054238fc5,raw,0.06192580983042717,1.1001445055007935,49.767913818359375,45.81987762451172,30.662582397460938,2.482949733734131,24,True,benchmarks/harmful/cache/llama32_1b_instruct/calibrations/h_infinity/selected/grid/controllers/q_03_qf_01.pt,5f32973f63479347b4e4b37810ed3b986001353939af3e8fb309743e7a75f963,benchmarks/harmful/cache/llama32_1b_instruct/calibrations/h_infinity/selected/selection.json
harmful,llama32_1b,meta-llama/Llama-3.2-1B-Instruct,9213176726f574b556790deb65791e0c5aa438b6,Llama-3.2-1B-Instruct,llama,1235814400,selected,current_candidate,q_03_qf_02,False,True,1.7526686191558838,1.7701953053474426,0.5705585123567841,-0.5611395516495434,1.5,10.0,1.0,0.31622776601683794,10.0,0.31622776601683794,mean per-response AXBench three-judge harmonic mean,50,1,kaz-raw-reduced-covariance-v1,full-reduced-state-80f5a13054238fc5,raw,0.06191729009151459,1.3176783323287964,49.77645492553711,45.8275260925293,30.665830612182617,2.486232042312622,24,True,benchmarks/harmful/cache/llama32_1b_instruct/calibrations/h_infinity/selected/grid/controllers/q_03_qf_02.pt,b61c4969a53ab6c05a73bc00cffee12fd3690e4a62a199c68dbf112e039155b9,benchmarks/harmful/cache/llama32_1b_instruct/calibrations/h_infinity/selected/selection.json
harmful,llama32_3b,meta-llama/Llama-3.2-3B-Instruct,0cb88a4f764b7a12671c53f0838cd831a0843b95,Llama-3.2-3B-Instruct,llama,3212749824,selected,current_candidate,q_00_qf_00,False,True,0.2432107925415039,0.24564290046691895,4.111659641211646,1.4138267526481865,1.5,0.01,1.0,0.01,0.01,0.01,mean per-response AXBench three-judge harmonic mean,50,1,kaz-raw-reduced-covariance-v1,full-reduced-state-d9f71fbc1e9af641,raw,0.00751242833212018,1.010000467300415,7.996129035949707,8.64696216583252,1.163408875465393,0.9943517446517944,24,True,benchmarks/harmful/cache/llama32_3b_instruct/calibrations/h_infinity/selected/grid/controllers/q_00_qf_00.pt,c697f473400558de330ba70fa43e44bad8aed8375caa13bd8ea737680b0562a7,benchmarks/harmful/cache/llama32_3b_instruct/calibrations/h_infinity/selected/selection.json
harmful,llama32_3b,meta-llama/Llama-3.2-3B-Instruct,0cb88a4f764b7a12671c53f0838cd831a0843b95,Llama-3.2-3B-Instruct,llama,3212749824,selected,current_candidate,q_00_qf_01,False,True,0.6348192691802979,0.6411674618721008,1.5752514905403503,0.4544149360642113,1.5,0.01,1.0,0.1,0.01,0.1,mean per-response AXBench three-judge harmonic mean,50,1,kaz-raw-reduced-covariance-v1,full-reduced-state-d9f71fbc1e9af641,raw,0.008104383945465088,1.010000228881836,49.53681945800781,5.508453845977783,1.0558910369873047,0.8166405558586121,24,True,benchmarks/harmful/cache/llama32_3b_instruct/calibrations/h_infinity/selected/grid/controllers/q_00_qf_01.pt,a7ae7fb1e358f277659f67d2e827f58238fc2d0300dab71de7ba6afb4abe1262,benchmarks/harmful/cache/llama32_3b_instruct/calibrations/h_infinity/selected/selection.json
harmful,llama32_3b,meta-llama/Llama-3.2-3B-Instruct,0cb88a4f764b7a12671c53f0838cd831a0843b95,Llama-3.2-3B-Instruct,llama,3212749824,selected,current_candidate,q_00_qf_02,False,True,1.1288821697235107,1.1401709914207458,0.8858320441405528,-0.121227912779828,1.5,0.01,1.0,0.31622776601683794,0.01,0.31622776601683794,mean per-response AXBench three-judge harmonic mean,50,1,kaz-raw-reduced-covariance-v1,full-reduced-state-d9f71fbc1e9af641,raw,0.0256195068359375,1.0099999904632568,49.55351638793945,12.876489639282227,0.9852988719940186,0.9620238542556763,24,True,benchmarks/harmful/cache/llama32_3b_instruct/calibrations/h_infinity/selected/grid/controllers/q_00_qf_02.pt,57dc34c0e923297077a6e077039e4bceaa6f6b87e6d17ce950c9efc4a39a6a43,benchmarks/harmful/cache/llama32_3b_instruct/calibrations/h_infinity/selected/selection.json
harmful,llama32_3b,meta-llama/Llama-3.2-3B-Instruct,0cb88a4f764b7a12671c53f0838cd831a0843b95,Llama-3.2-3B-Instruct,llama,3212749824,selected,current_candidate,q_01_qf_00,True,True,0.415802001953125,0.41996002197265625,2.404990825688073,0.8775460888677348,1.5,0.1,1.0,0.01,0.1,0.01,mean per-response AXBench three-judge harmonic mean,50,1,kaz-raw-reduced-covariance-v1,full-reduced-state-d9f71fbc1e9af641,raw,0.007523210719227791,1.0100550651550293,23.127857208251953,14.061474800109863,1.8080400228500366,1.224402666091919,24,True,benchmarks/harmful/cache/llama32_3b_instruct/calibrations/h_infinity/selected/grid/controllers/q_01_qf_00.pt,df6ee02d322e7eb193bf4af81f4c3c99238a348259e7ed154b26ef558dcc562e,benchmarks/harmful/cache/llama32_3b_instruct/calibrations/h_infinity/selected/selection.json
harmful,llama32_3b,meta-llama/Llama-3.2-3B-Instruct,0cb88a4f764b7a12671c53f0838cd831a0843b95,Llama-3.2-3B-Instruct,llama,3212749824,selected,current_candidate,q_01_qf_01,False,True,0.6348192691802979,0.6411674618721008,1.5752514905403503,0.4544149360642113,1.5,0.1,1.0,0.1,0.1,0.1,mean per-response AXBench three-judge harmonic mean,50,1,kaz-raw-reduced-covariance-v1,full-reduced-state-d9f71fbc1e9af641,raw,0.008104383945465088,1.1000031232833862,49.53681945800781,5.508453845977783,1.8075873851776123,1.094705581665039,24,True,benchmarks/harmful/cache/llama32_3b_instruct/calibrations/h_infinity/selected/grid/controllers/q_01_qf_01.pt,b1c629856d01db03ed16a47d8af681d3a52cb8bf02ed01a617b99f7378315665,benchmarks/harmful/cache/llama32_3b_instruct/calibrations/h_infinity/selected/selection.json
harmful,llama32_3b,meta-llama/Llama-3.2-3B-Instruct,0cb88a4f764b7a12671c53f0838cd831a0843b95,Llama-3.2-3B-Instruct,llama,3212749824,selected,current_candidate,q_01_qf_02,False,True,1.1288821697235107,1.1401709914207458,0.8858320441405528,-0.121227912779828,1.5,0.1,1.0,0.31622776601683794,0.1,0.31622776601683794,mean per-response AXBench three-judge harmonic mean,50,1,kaz-raw-reduced-covariance-v1,full-reduced-state-d9f71fbc1e9af641,raw,0.0256195068359375,1.100001573562622,49.55351638793945,12.876489639282227,1.80736243724823,0.9620238542556763,24,True,benchmarks/harmful/cache/llama32_3b_instruct/calibrations/h_infinity/selected/grid/controllers/q_01_qf_02.pt,17064a818d0fa4606f4daf488b7e884eba2f52e77df2e43aca663c6823cd8a55,benchmarks/harmful/cache/llama32_3b_instruct/calibrations/h_infinity/selected/selection.json
harmful,llama32_3b,meta-llama/Llama-3.2-3B-Instruct,0cb88a4f764b7a12671c53f0838cd831a0843b95,Llama-3.2-3B-Instruct,llama,3212749824,selected,current_candidate,q_02_qf_00,False,True,0.9614765644073486,0.9710913300514221,1.04006695224693,0.039285088241670256,1.5,1.0,1.0,0.01,1.0,0.01,mean per-response AXBench three-judge harmonic mean,50,1,kaz-raw-reduced-covariance-v1,full-reduced-state-d9f71fbc1e9af641,raw,0.018594859167933464,1.0100101232528687,49.3066291809082,25.628732681274414,7.42164945602417,2.042043924331665,24,True,benchmarks/harmful/cache/llama32_3b_instruct/calibrations/h_infinity/selected/grid/controllers/q_02_qf_00.pt,d1156bc4f4e33b293ad576d50f69403040c486bbaa7075dc74cdeea7836739bf,benchmarks/harmful/cache/llama32_3b_instruct/calibrations/h_infinity/selected/selection.json
harmful,llama32_3b,meta-llama/Llama-3.2-3B-Instruct,0cb88a4f764b7a12671c53f0838cd831a0843b95,Llama-3.2-3B-Instruct,llama,3212749824,selected,current_candidate,q_02_qf_01,False,True,1.0009825229644775,1.0109923481941223,0.9990184414393493,-0.0009820406047168484,1.5,1.0,1.0,0.1,1.0,0.1,mean per-response AXBench three-judge harmonic mean,50,1,kaz-raw-reduced-covariance-v1,full-reduced-state-d9f71fbc1e9af641,raw,0.02050907164812088,1.1009511947631836,48.490516662597656,26.662294387817383,7.421629428863525,2.042036533355713,24,True,benchmarks/harmful/cache/llama32_3b_instruct/calibrations/h_infinity/selected/grid/controllers/q_02_qf_01.pt,4b71931c95d13d2a6200ec1c9c2951d9345fcd92cf47a2177e88b78ef0fdc4be,benchmarks/harmful/cache/llama32_3b_instruct/calibrations/h_infinity/selected/selection.json
harmful,llama32_3b,meta-llama/Llama-3.2-3B-Instruct,0cb88a4f764b7a12671c53f0838cd831a0843b95,Llama-3.2-3B-Instruct,llama,3212749824,selected,current_candidate,q_02_qf_02,False,True,1.130598783493042,1.1419047713279724,0.8844870652615152,-0.12274738927496309,1.5,1.0,1.0,0.31622776601683794,1.0,0.31622776601683794,mean per-response AXBench three-judge harmonic mean,50,1,kaz-raw-reduced-covariance-v1,full-reduced-state-d9f71fbc1e9af641,raw,0.02957606315612793,1.3237898349761963,43.058231353759766,23.69471549987793,7.421573162078857,2.04201602935791,24,True,benchmarks/harmful/cache/llama32_3b_instruct/calibrations/h_infinity/selected/grid/controllers/q_02_qf_02.pt,7f5b38e16b88aa952e9a8d621652e7917b4868a1bf248a60c8b2a96e497b25f3,benchmarks/harmful/cache/llama32_3b_instruct/calibrations/h_infinity/selected/selection.json
harmful,llama32_3b,meta-llama/Llama-3.2-3B-Instruct,0cb88a4f764b7a12671c53f0838cd831a0843b95,Llama-3.2-3B-Instruct,llama,3212749824,selected,current_candidate,q_03_qf_00,False,True,3.0285298824310303,3.0588151812553406,0.3301932088572593,-1.108077314463334,1.5,10.0,1.0,0.01,10.0,0.01,mean per-response AXBench three-judge harmonic mean,50,1,kaz-raw-reduced-covariance-v1,full-reduced-state-d9f71fbc1e9af641,raw,0.18438497185707092,1.0100011825561523,49.33259201049805,45.062286376953125,33.28537368774414,3.2256877422332764,24,True,benchmarks/harmful/cache/llama32_3b_instruct/calibrations/h_infinity/selected/grid/controllers/q_03_qf_00.pt,95fb1b848cc25fe85892b5804298ca41cd57443573474b8f4520610dd2ed1b37,benchmarks/harmful/cache/llama32_3b_instruct/calibrations/h_infinity/selected/selection.json
harmful,llama32_3b,meta-llama/Llama-3.2-3B-Instruct,0cb88a4f764b7a12671c53f0838cd831a0843b95,Llama-3.2-3B-Instruct,llama,3212749824,selected,current_candidate,q_03_qf_01,False,True,3.0393481254577637,3.0697416067123413,0.3290179205283987,-1.1116430600090035,1.5,10.0,1.0,0.1,10.0,0.1,mean per-response AXBench three-judge harmonic mean,50,1,kaz-raw-reduced-covariance-v1,full-reduced-state-d9f71fbc1e9af641,raw,0.18572770059108734,1.1001025438308716,49.32903289794922,45.164974212646484,33.28537368774414,3.2256875038146973,24,True,benchmarks/harmful/cache/llama32_3b_instruct/calibrations/h_infinity/selected/grid/controllers/q_03_qf_01.pt,bb3baee63519f6c8c09236a5e9e55c77d2b5d68d40b36c29e1bf4e893b2701a2,benchmarks/harmful/cache/llama32_3b_instruct/calibrations/h_infinity/selected/selection.json
harmful,llama32_3b,meta-llama/Llama-3.2-3B-Instruct,0cb88a4f764b7a12671c53f0838cd831a0843b95,Llama-3.2-3B-Instruct,llama,3212749824,selected,current_candidate,q_03_qf_02,False,True,3.0599236488342285,3.090522885322571,0.3268055398640357,-1.1183899642916357,1.5,10.0,1.0,0.31622776601683794,10.0,0.31622776601683794,mean per-response AXBench three-judge harmonic mean,50,1,kaz-raw-reduced-covariance-v1,full-reduced-state-d9f71fbc1e9af641,raw,0.18838731944561005,1.3172391653060913,49.298484802246094,45.360042572021484,33.285377502441406,3.225687265396118,24,True,benchmarks/harmful/cache/llama32_3b_instruct/calibrations/h_infinity/selected/grid/controllers/q_03_qf_02.pt,0f03a44fcbdbf09df9799f707bb44c99fb7b6f2f4b93d1295c74e4098b8c027f,benchmarks/harmful/cache/llama32_3b_instruct/calibrations/h_infinity/selected/selection.json
lciteeval,llama32_1b,meta-llama/Llama-3.2-1B-Instruct,9213176726f574b556790deb65791e0c5aa438b6,Llama-3.2-1B-Instruct,llama,1235814400,selected,current_candidate,q_00_qf_00,True,True,0.08689761161804199,0.08776658773422241,11.50779614514027,2.443024731345774,1.5,0.01,1.0,0.01,0.01,0.01,weighted_task_quality_and_steering_score,40,1,kaz-raw-reduced-covariance-v1,full-reduced-state-9c5188e2c40293b3,raw,0.0023086736910045147,1.0100005865097046,3.225315809249878,1.82065749168396,0.31518465280532837,0.37378883361816406,24,True,benchmarks/lciteeval/cache/llama32_1b_instruct/calibrations/h_infinity/selected/grid/controllers/q_00_qf_00.pt,bcc7cfc2d818b8def9ea41027d7de1a0ed132f0b3374b6fbfc254633d6845d72,benchmarks/lciteeval/cache/llama32_1b_instruct/calibrations/h_infinity/selected/selection.json
lciteeval,llama32_1b,meta-llama/Llama-3.2-1B-Instruct,9213176726f574b556790deb65791e0c5aa438b6,Llama-3.2-1B-Instruct,llama,1235814400,selected,current_candidate,q_00_qf_01,False,True,0.21873116493225098,0.2209184765815735,4.571822219799984,1.5199118606183564,1.5,0.01,1.0,0.1,0.01,0.1,weighted_task_quality_and_steering_score,40,1,kaz-raw-reduced-covariance-v1,full-reduced-state-9c5188e2c40293b3,raw,0.0018731019226834178,1.0100007057189941,21.739322662353516,6.1295552253723145,0.9839106202125549,0.862960934638977,24,True,benchmarks/lciteeval/cache/llama32_1b_instruct/calibrations/h_infinity/selected/grid/controllers/q_00_qf_01.pt,1665872c50ea2dd981c9e1d54e6de5ea2638801489fee8417ff0fa366459e30b,benchmarks/lciteeval/cache/llama32_1b_instruct/calibrations/h_infinity/selected/selection.json
lciteeval,llama32_1b,meta-llama/Llama-3.2-1B-Instruct,9213176726f574b556790deb65791e0c5aa438b6,Llama-3.2-1B-Instruct,llama,1235814400,selected,current_candidate,q_00_qf_02,False,True,0.3852427005767822,0.38909512758255005,2.595766249439141,0.9538817521988375,1.5,0.01,1.0,0.31622776601683794,0.01,0.31622776601683794,weighted_task_quality_and_steering_score,40,1,kaz-raw-reduced-covariance-v1,full-reduced-state-9c5188e2c40293b3,raw,0.002983406186103821,1.010000467300415,42.17594909667969,12.348725318908691,1.3647717237472534,1.2491415739059448,24,True,benchmarks/lciteeval/cache/llama32_1b_instruct/calibrations/h_infinity/selected/grid/controllers/q_00_qf_02.pt,4fa4515cc968c5b81af53acc7f894b58fbc193365b80ff2751c91d15d8979c92,benchmarks/lciteeval/cache/llama32_1b_instruct/calibrations/h_infinity/selected/selection.json
lciteeval,llama32_1b,meta-llama/Llama-3.2-1B-Instruct,9213176726f574b556790deb65791e0c5aa438b6,Llama-3.2-1B-Instruct,llama,1235814400,selected,current_candidate,q_01_qf_00,False,True,0.19392967224121094,0.19586896896362305,5.156508482911237,1.6402596998635357,1.5,0.1,1.0,0.01,0.1,0.01,weighted_task_quality_and_steering_score,40,1,kaz-raw-reduced-covariance-v1,full-reduced-state-9c5188e2c40293b3,raw,0.0010551640298217535,1.010215401649475,32.923179626464844,6.84311580657959,0.6861494183540344,0.6282491683959961,24,True,benchmarks/lciteeval/cache/llama32_1b_instruct/calibrations/h_infinity/selected/grid/controllers/q_01_qf_00.pt,e2c70455c826b5037ac05dc91d3dc0e431e60d95a2b9945c357eeaf19e96e9c1,benchmarks/lciteeval/cache/llama32_1b_instruct/calibrations/h_infinity/selected/selection.json
lciteeval,llama32_1b,meta-llama/Llama-3.2-1B-Instruct,9213176726f574b556790deb65791e0c5aa438b6,Llama-3.2-1B-Instruct,llama,1235814400,selected,current_candidate,q_01_qf_01,False,True,0.23450851440429688,0.23685359954833984,4.264237494916633,1.4502633829946223,1.5,0.1,1.0,0.1,0.1,0.1,weighted_task_quality_and_steering_score,40,1,kaz-raw-reduced-covariance-v1,full-reduced-state-9c5188e2c40293b3,raw,0.00246435240842402,1.1000076532363892,20.960956573486328,7.572120666503906,0.9367511868476868,0.845012366771698,24,True,benchmarks/lciteeval/cache/llama32_1b_instruct/calibrations/h_infinity/selected/grid/controllers/q_01_qf_01.pt,892db1978a84e74e510a2a4022bef640acb02bbf04b076e82bdf9ebc09a45a18,benchmarks/lciteeval/cache/llama32_1b_instruct/calibrations/h_infinity/selected/selection.json
lciteeval,llama32_1b,meta-llama/Llama-3.2-1B-Instruct,9213176726f574b556790deb65791e0c5aa438b6,Llama-3.2-1B-Instruct,llama,1235814400,selected,current_candidate,q_01_qf_02,False,True,0.3852427005767822,0.38909512758255005,2.595766249439141,0.9538817521988375,1.5,0.1,1.0,0.31622776601683794,0.1,0.31622776601683794,weighted_task_quality_and_steering_score,40,1,kaz-raw-reduced-covariance-v1,full-reduced-state-9c5188e2c40293b3,raw,0.002983406186103821,1.1000057458877563,42.17594909667969,12.348725318908691,1.5440781116485596,1.2491415739059448,24,True,benchmarks/lciteeval/cache/llama32_1b_instruct/calibrations/h_infinity/selected/grid/controllers/q_01_qf_02.pt,bbefb358e8d2429bfb08ec01f0141f135aa9f6ef3ba9fbe4dad1835c42739600,benchmarks/lciteeval/cache/llama32_1b_instruct/calibrations/h_infinity/selected/selection.json
lciteeval,llama32_1b,meta-llama/Llama-3.2-1B-Instruct,9213176726f574b556790deb65791e0c5aa438b6,Llama-3.2-1B-Instruct,llama,1235814400,selected,current_candidate,q_02_qf_00,False,True,0.523453950881958,0.5286884903907776,1.910387720476879,0.6473062164719113,1.5,1.0,1.0,0.01,1.0,0.01,weighted_task_quality_and_steering_score,40,1,kaz-raw-reduced-covariance-v1,full-reduced-state-9c5188e2c40293b3,raw,0.006137259304523468,1.0100289583206177,40.731197357177734,26.409292221069336,3.8651511669158936,1.3515706062316895,24,True,benchmarks/lciteeval/cache/llama32_1b_instruct/calibrations/h_infinity/selected/grid/controllers/q_02_qf_00.pt,aee519d251b38145af8605b34dbbb1aa1e01a371f4ed3adc97ddc5d1dfb24c84,benchmarks/lciteeval/cache/llama32_1b_instruct/calibrations/h_infinity/selected/selection.json
lciteeval,llama32_1b,meta-llama/Llama-3.2-1B-Instruct,9213176726f574b556790deb65791e0c5aa438b6,Llama-3.2-1B-Instruct,llama,1235814400,selected,current_candidate,q_02_qf_01,False,True,0.5255818367004395,0.5308376550674438,1.9026532695230103,0.6432493696759006,1.5,1.0,1.0,0.1,1.0,0.1,weighted_task_quality_and_steering_score,40,1,kaz-raw-reduced-covariance-v1,full-reduced-state-9c5188e2c40293b3,raw,0.006215271074324846,1.1029539108276367,40.55751419067383,26.430400848388672,3.8995554447174072,1.3562822341918945,24,True,benchmarks/lciteeval/cache/llama32_1b_instruct/calibrations/h_infinity/selected/grid/controllers/q_02_qf_01.pt,75505d735eb51a29cec7e4700b16adac87442efd016c3a58a878b9a4239a7151,benchmarks/lciteeval/cache/llama32_1b_instruct/calibrations/h_infinity/selected/selection.json
lciteeval,llama32_1b,meta-llama/Llama-3.2-1B-Instruct,9213176726f574b556790deb65791e0c5aa438b6,Llama-3.2-1B-Instruct,llama,1235814400,selected,current_candidate,q_02_qf_02,False,True,0.5302369594573975,0.5355393290519714,1.8859492575231287,0.6344312790365616,1.5,1.0,1.0,0.31622776601683794,1.0,0.31622776601683794,weighted_task_quality_and_steering_score,40,1,kaz-raw-reduced-covariance-v1,full-reduced-state-9c5188e2c40293b3,raw,0.006420407444238663,1.3471770286560059,39.984493255615234,26.366588592529297,3.972071647644043,1.432250738143921,24,True,benchmarks/lciteeval/cache/llama32_1b_instruct/calibrations/h_infinity/selected/grid/controllers/q_02_qf_02.pt,c9b7684b8af6e1cc1b2a10caaba0b800b36f5826b50c79ce0c9559b714ae8734,benchmarks/lciteeval/cache/llama32_1b_instruct/calibrations/h_infinity/selected/selection.json
lciteeval,llama32_1b,meta-llama/Llama-3.2-1B-Instruct,9213176726f574b556790deb65791e0c5aa438b6,Llama-3.2-1B-Instruct,llama,1235814400,selected,current_candidate,q_03_qf_00,False,True,1.5069544315338135,1.5220239758491516,0.6635900721843172,-0.4100906813197751,1.5,10.0,1.0,0.01,10.0,0.01,weighted_task_quality_and_steering_score,40,1,kaz-raw-reduced-covariance-v1,full-reduced-state-9c5188e2c40293b3,raw,0.045655474066734314,1.0100033283233643,45.071044921875,41.45746994018555,29.9704532623291,2.105374574661255,24,True,benchmarks/lciteeval/cache/llama32_1b_instruct/calibrations/h_infinity/selected/grid/controllers/q_03_qf_00.pt,9a30c0e362b331bf990e86a30c4c0633bf6abc25b19ada114fb0272272c2ed57,benchmarks/lciteeval/cache/llama32_1b_instruct/calibrations/h_infinity/selected/selection.json
lciteeval,llama32_1b,meta-llama/Llama-3.2-1B-Instruct,9213176726f574b556790deb65791e0c5aa438b6,Llama-3.2-1B-Instruct,llama,1235814400,selected,current_candidate,q_03_qf_01,False,True,1.5098869800567627,1.5249858498573303,0.6623012273159717,-0.4120348003810802,1.5,10.0,1.0,0.1,10.0,0.1,weighted_task_quality_and_steering_score,40,1,kaz-raw-reduced-covariance-v1,full-reduced-state-9c5188e2c40293b3,raw,0.04583418369293213,1.1003490686416626,45.04608917236328,41.309898376464844,29.971193313598633,2.1062912940979004,24,True,benchmarks/lciteeval/cache/llama32_1b_instruct/calibrations/h_infinity/selected/grid/controllers/q_03_qf_01.pt,dc8f3be9e76fc4c04e430033e64e91a98f2f0e9edac2b684c01f682da5335f5c,benchmarks/lciteeval/cache/llama32_1b_instruct/calibrations/h_infinity/selected/selection.json
lciteeval,llama32_1b,meta-llama/Llama-3.2-1B-Instruct,9213176726f574b556790deb65791e0c5aa438b6,Llama-3.2-1B-Instruct,llama,1235814400,selected,current_candidate,q_03_qf_02,False,True,1.5153884887695312,1.5305423736572266,0.6598967904342353,-0.41567183431994686,1.5,10.0,1.0,0.31622776601683794,10.0,0.31622776601683794,weighted_task_quality_and_steering_score,40,1,kaz-raw-reduced-covariance-v1,full-reduced-state-9c5188e2c40293b3,raw,0.04617277905344963,1.3197174072265625,44.99858856201172,41.1353874206543,29.97258949279785,2.1079885959625244,24,True,benchmarks/lciteeval/cache/llama32_1b_instruct/calibrations/h_infinity/selected/grid/controllers/q_03_qf_02.pt,136eb7139818e307b3c02ff7a725ed39d33b65ec214df7167913cad501b7a7eb,benchmarks/lciteeval/cache/llama32_1b_instruct/calibrations/h_infinity/selected/selection.json
lciteeval,qwen25_3b,Qwen/Qwen2.5-3B-Instruct,aa8e72537993ba99e69dfaafa59ed015b17504d1,Qwen-2.5-3B-Instruct,qwen2,3085938688,selected,current_candidate,q_00_qf_00,True,True,2.305424213409424,2.328478455543518,0.43375965003903966,-0.8352647000399279,1.5,0.01,1.0,0.01,0.01,0.01,mean per-response AXBench three-judge harmonic mean,50,1,kaz-raw-reduced-covariance-v1,full-reduced-state-212a6062783840e6,raw,0.15662431716918945,1.010047197341919,34.45346450805664,1.3327757120132446,4.6141839027404785,0.46453070640563965,24,True,benchmarks/lciteeval/cache/qwen25_3b_instruct/calibrations/h_infinity/selected/grid/controllers/q_00_qf_00.pt,fc84740e45d7d2eb28d2b495e6284d9245a90fbf55af74ccb4f696ec9ffb3999,benchmarks/lciteeval/cache/qwen25_3b_instruct/calibrations/h_infinity/selected/selection.json
lciteeval,qwen25_3b,Qwen/Qwen2.5-3B-Instruct,aa8e72537993ba99e69dfaafa59ed015b17504d1,Qwen-2.5-3B-Instruct,qwen2,3085938688,selected,current_candidate,q_00_qf_01,False,True,7.256162166595459,7.328723788261414,0.13781389900622812,-1.9818510618733827,1.5,0.01,1.0,0.1,0.01,0.1,mean per-response AXBench three-judge harmonic mean,50,1,kaz-raw-reduced-covariance-v1,full-reduced-state-212a6062783840e6,raw,1.058319091796875,1.0101348161697388,50.508941650390625,5.520369052886963,4.613877773284912,0.591719388961792,24,True,benchmarks/lciteeval/cache/qwen25_3b_instruct/calibrations/h_infinity/selected/grid/controllers/q_00_qf_01.pt,936f1619542b419efaf3698f74e6a3e5c2f1633b9a9e82b1c48268fdd447070d,benchmarks/lciteeval/cache/qwen25_3b_instruct/calibrations/h_infinity/selected/selection.json
lciteeval,qwen25_3b,Qwen/Qwen2.5-3B-Instruct,aa8e72537993ba99e69dfaafa59ed015b17504d1,Qwen-2.5-3B-Instruct,qwen2,3085938688,selected,current_candidate,q_00_qf_02,False,True,12.90348768234253,13.032522559165955,0.07749842713985199,-2.5574976377984333,1.5,0.01,1.0,0.31622776601683794,0.01,0.31622776601683794,mean per-response AXBench three-judge harmonic mean,50,1,kaz-raw-reduced-covariance-v1,full-reduced-state-212a6062783840e6,raw,3.3468017578125,1.0101375579833984,50.50742721557617,12.937479972839355,4.613864898681641,0.8581234812736511,24,True,benchmarks/lciteeval/cache/qwen25_3b_instruct/calibrations/h_infinity/selected/grid/controllers/q_00_qf_02.pt,c804caf9a50fd7df6fed8c7012e804f5665d1965aac9abc55911c4bf38aff8bb,benchmarks/lciteeval/cache/qwen25_3b_instruct/calibrations/h_infinity/selected/selection.json
lciteeval,qwen25_3b,Qwen/Qwen2.5-3B-Instruct,aa8e72537993ba99e69dfaafa59ed015b17504d1,Qwen-2.5-3B-Instruct,qwen2,3085938688,selected,current_candidate,q_01_qf_00,False,True,2.9823780059814453,3.0122017860412598,0.33530290191062434,-1.0927209708780816,1.5,0.1,1.0,0.01,0.1,0.01,mean per-response AXBench three-judge harmonic mean,50,1,kaz-raw-reduced-covariance-v1,full-reduced-state-212a6062783840e6,raw,0.20814628899097443,1.0100280046463013,42.70085525512695,11.220638275146484,24.392183303833008,2.490406036376953,24,True,benchmarks/lciteeval/cache/qwen25_3b_instruct/calibrations/h_infinity/selected/grid/controllers/q_01_qf_00.pt,e3c515654cc6fbf5763fd50d1f3ade8d137eb5b354ba02acf037ba21a70986dc,benchmarks/lciteeval/cache/qwen25_3b_instruct/calibrations/h_infinity/selected/selection.json
lciteeval,qwen25_3b,Qwen/Qwen2.5-3B-Instruct,aa8e72537993ba99e69dfaafa59ed015b17504d1,Qwen-2.5-3B-Instruct,qwen2,3085938688,selected,current_candidate,q_01_qf_01,False,True,7.256162166595459,7.328723788261414,0.13781389900622812,-1.9818510618733827,1.5,0.1,1.0,0.1,0.1,0.1,mean per-response AXBench three-judge harmonic mean,50,1,kaz-raw-reduced-covariance-v1,full-reduced-state-212a6062783840e6,raw,1.058319091796875,1.1004782915115356,50.508941650390625,5.520369052886963,24.389875411987305,2.4901537895202637,24,True,benchmarks/lciteeval/cache/qwen25_3b_instruct/calibrations/h_infinity/selected/grid/controllers/q_01_qf_01.pt,be0fa38a08489a8c0b09c7f86096793f4026f0b678a5584dbaae418b99dc777e,benchmarks/lciteeval/cache/qwen25_3b_instruct/calibrations/h_infinity/selected/selection.json
lciteeval,qwen25_3b,Qwen/Qwen2.5-3B-Instruct,aa8e72537993ba99e69dfaafa59ed015b17504d1,Qwen-2.5-3B-Instruct,qwen2,3085938688,selected,current_candidate,q_01_qf_02,False,True,12.90348768234253,13.032522559165955,0.07749842713985199,-2.5574976377984333,1.5,0.1,1.0,0.31622776601683794,0.1,0.31622776601683794,mean per-response AXBench three-judge harmonic mean,50,1,kaz-raw-reduced-covariance-v1,full-reduced-state-212a6062783840e6,raw,3.3468017578125,1.1010948419570923,50.50742721557617,12.937479972839355,24.389554977416992,2.4901180267333984,24,True,benchmarks/lciteeval/cache/qwen25_3b_instruct/calibrations/h_infinity/selected/grid/controllers/q_01_qf_02.pt,fad2cb42cf4d35e2f8d5c19db1e3636e88c4b1bcad674aea7f501ccc19f74afe,benchmarks/lciteeval/cache/qwen25_3b_instruct/calibrations/h_infinity/selected/selection.json
lciteeval,qwen25_3b,Qwen/Qwen2.5-3B-Instruct,aa8e72537993ba99e69dfaafa59ed015b17504d1,Qwen-2.5-3B-Instruct,qwen2,3085938688,selected,current_candidate,q_02_qf_00,False,True,7.85830020904541,7.936883211135864,0.12725398284592584,-2.0615703246627284,1.5,1.0,1.0,0.01,1.0,0.01,mean per-response AXBench three-judge harmonic mean,50,1,kaz-raw-reduced-covariance-v1,full-reduced-state-212a6062783840e6,raw,1.2807036638259888,1.010003924369812,47.52005386352539,29.6403865814209,66.2122573852539,6.883131504058838,24,True,benchmarks/lciteeval/cache/qwen25_3b_instruct/calibrations/h_infinity/selected/grid/controllers/q_02_qf_00.pt,b5f53f66cb7810dd14299084651dd0c9fcb9657e30e11c6f0e21013e01818aad,benchmarks/lciteeval/cache/qwen25_3b_instruct/calibrations/h_infinity/selected/selection.json
lciteeval,qwen25_3b,Qwen/Qwen2.5-3B-Instruct,aa8e72537993ba99e69dfaafa59ed015b17504d1,Qwen-2.5-3B-Instruct,qwen2,3085938688,selected,current_candidate,q_02_qf_01,False,True,7.924336194992065,8.003579556941986,0.12619353538179878,-2.0699385553709235,1.5,1.0,1.0,0.1,1.0,0.1,mean per-response AXBench three-judge harmonic mean,50,1,kaz-raw-reduced-covariance-v1,full-reduced-state-212a6062783840e6,raw,1.3386203050613403,1.1004008054733276,46.236751556396484,29.100723266601562,66.21224212646484,6.883125305175781,24,True,benchmarks/lciteeval/cache/qwen25_3b_instruct/calibrations/h_infinity/selected/grid/controllers/q_02_qf_01.pt,1929cad790db21472859fcf63e9418728936a913f3a559c7a3444b05f850abbb,benchmarks/lciteeval/cache/qwen25_3b_instruct/calibrations/h_infinity/selected/selection.json
lciteeval,qwen25_3b,Qwen/Qwen2.5-3B-Instruct,aa8e72537993ba99e69dfaafa59ed015b17504d1,Qwen-2.5-3B-Instruct,qwen2,3085938688,selected,current_candidate,q_02_qf_02,False,True,12.90348768234253,13.032522559165955,0.07749842713985199,-2.5574976377984333,1.5,1.0,1.0,0.31622776601683794,1.0,0.31622776601683794,mean per-response AXBench three-judge harmonic mean,50,1,kaz-raw-reduced-covariance-v1,full-reduced-state-212a6062783840e6,raw,3.3468017578125,1.3177396059036255,50.50742721557617,12.937479972839355,66.21102905273438,6.882981777191162,24,True,benchmarks/lciteeval/cache/qwen25_3b_instruct/calibrations/h_infinity/selected/grid/controllers/q_02_qf_02.pt,f5a5c8023b67ed438bcdee098be6754679dcd7a42a3b66ca3c2cad91d3e95234,benchmarks/lciteeval/cache/qwen25_3b_instruct/calibrations/h_infinity/selected/selection.json
lciteeval,qwen25_3b,Qwen/Qwen2.5-3B-Instruct,aa8e72537993ba99e69dfaafa59ed015b17504d1,Qwen-2.5-3B-Instruct,qwen2,3085938688,selected,current_candidate,q_03_qf_00,False,True,21.788883209228516,22.0067720413208,0.045894963518665226,-3.0813998951983095,1.5,10.0,1.0,0.01,10.0,0.01,mean per-response AXBench three-judge harmonic mean,50,1,kaz-raw-reduced-covariance-v1,full-reduced-state-212a6062783840e6,raw,9.542752265930176,1.0100003480911255,48.57220458984375,44.405677795410156,113.45323181152344,10.528240203857422,24,True,benchmarks/lciteeval/cache/qwen25_3b_instruct/calibrations/h_infinity/selected/grid/controllers/q_03_qf_00.pt,064d261f6b33f05ee30d5eb624f64861e359ac5617e6ec630b4ab5d0a3e89beb,benchmarks/lciteeval/cache/qwen25_3b_instruct/calibrations/h_infinity/selected/selection.json
lciteeval,qwen25_3b,Qwen/Qwen2.5-3B-Instruct,aa8e72537993ba99e69dfaafa59ed015b17504d1,Qwen-2.5-3B-Instruct,qwen2,3085938688,selected,current_candidate,q_03_qf_01,False,True,21.842581033706665,22.06100684404373,0.04578213529146748,-3.083861323093116,1.5,10.0,1.0,0.1,10.0,0.1,mean per-response AXBench three-judge harmonic mean,50,1,kaz-raw-reduced-covariance-v1,full-reduced-state-212a6062783840e6,raw,9.590691566467285,1.1000527143478394,48.56218719482422,44.31490707397461,113.45315551757812,10.528240203857422,24,True,benchmarks/lciteeval/cache/qwen25_3b_instruct/calibrations/h_infinity/selected/grid/controllers/q_03_qf_01.pt,9ae2f3d5e0e13a1f0d7a5ea15325e3d76c0b6c9a6d4bb079225b94affe49b085,benchmarks/lciteeval/cache/qwen25_3b_instruct/calibrations/h_infinity/selected/selection.json
lciteeval,qwen25_3b,Qwen/Qwen2.5-3B-Instruct,aa8e72537993ba99e69dfaafa59ed015b17504d1,Qwen-2.5-3B-Instruct,qwen2,3085938688,selected,current_candidate,q_03_qf_02,False,True,21.946287155151367,22.16575002670288,0.045565794019298334,-3.0885979751066883,1.5,10.0,1.0,0.31622776601683794,10.0,0.31622776601683794,mean per-response AXBench three-judge harmonic mean,50,1,kaz-raw-reduced-covariance-v1,full-reduced-state-212a6062783840e6,raw,9.689634323120117,1.3167486190795898,48.51436996459961,44.17481231689453,113.4532241821289,10.528239250183105,24,True,benchmarks/lciteeval/cache/qwen25_3b_instruct/calibrations/h_infinity/selected/grid/controllers/q_03_qf_02.pt,1027d761d13ff586adaa0f1d658aed5d91200fdd6741c963d7c72311dcff0168,benchmarks/lciteeval/cache/qwen25_3b_instruct/calibrations/h_infinity/selected/selection.json
mgsm,granite33_2b,ibm-granite/granite-3.3-2b-instruct,707f574c62054322f6b5b04b6d075f0a8f05e0f0,Granite-3.3-2B-Instruct,granite,2533539840,selected,current_candidate,q_00_qf_00,True,True,1.100921630859375,1.1119308471679688,0.9083298683298683,-0.09614767524289199,1.5,0.01,1.0,0.01,0.01,0.01,mgsm_quality_composite,100,1,kaz-raw-reduced-covariance-v1,full-reduced-state-1c3ecc55a8a35471,raw,0.08126593381166458,1.0099995136260986,15.214133262634277,9.781271934509277,1.2971361875534058,1.0855509042739868,24,True,benchmarks/mgsm/cache/granite33_2b_instruct/calibrations/h_infinity/selected/grid/controllers/q_00_qf_00.pt,8c5e24e1e51ef31e578dbf999b66a92175919f3db6302ea31266614dc0972e78,benchmarks/mgsm/cache/granite33_2b_instruct/calibrations/h_infinity/selected/selection.json
mgsm,granite33_2b,ibm-granite/granite-3.3-2b-instruct,707f574c62054322f6b5b04b6d075f0a8f05e0f0,Granite-3.3-2B-Instruct,granite,2533539840,selected,current_candidate,q_00_qf_01,False,True,1.705402135848999,1.722456157207489,0.5863719641128342,-0.533800939728569,1.5,0.01,1.0,0.1,0.01,0.1,mgsm_quality_composite,100,1,kaz-raw-reduced-covariance-v1,full-reduced-state-1c3ecc55a8a35471,raw,0.11881498992443085,1.0100017786026,24.970386505126953,13.894227981567383,1.413571834564209,1.162807583808899,24,True,benchmarks/mgsm/cache/granite33_2b_instruct/calibrations/h_infinity/selected/grid/controllers/q_00_qf_01.pt,57fef735eb0d539e614f7c27afbe0f200f7f166ad9bdbe2eb2abcb2b090b6a6d,benchmarks/mgsm/cache/granite33_2b_instruct/calibrations/h_infinity/selected/selection.json
mgsm,granite33_2b,ibm-granite/granite-3.3-2b-instruct,707f574c62054322f6b5b04b6d075f0a8f05e0f0,Granite-3.3-2B-Instruct,granite,2533539840,selected,current_candidate,q_00_qf_02,False,True,2.468520402908325,2.4932056069374084,0.40510096607742624,-0.9036189439888112,1.5,0.01,1.0,0.31622776601683794,0.01,0.31622776601683794,mgsm_quality_composite,100,1,kaz-raw-reduced-covariance-v1,full-reduced-state-1c3ecc55a8a35471,raw,0.12248468399047852,1.010001540184021,50.749820709228516,12.952557563781738,1.5561014413833618,1.2566580772399902,24,True,benchmarks/mgsm/cache/granite33_2b_instruct/calibrations/h_infinity/selected/grid/controllers/q_00_qf_02.pt,6cc3dc2e481d5e49861e88649c46dae4c730b87741a30a9ac892b5459c6055aa,benchmarks/mgsm/cache/granite33_2b_instruct/calibrations/h_infinity/selected/selection.json
mgsm,granite33_2b,ibm-granite/granite-3.3-2b-instruct,707f574c62054322f6b5b04b6d075f0a8f05e0f0,Granite-3.3-2B-Instruct,granite,2533539840,selected,current_candidate,q_01_qf_00,False,True,2.029144763946533,2.0494362115859985,0.4928184611407791,-0.707614405734023,1.5,0.1,1.0,0.01,0.1,0.01,mgsm_quality_composite,100,1,kaz-raw-reduced-covariance-v1,full-reduced-state-1c3ecc55a8a35471,raw,0.11643310636281967,1.0099995136260986,36.073848724365234,21.392070770263672,1.7283906936645508,1.3182783126831055,24,True,benchmarks/mgsm/cache/granite33_2b_instruct/calibrations/h_infinity/selected/grid/controllers/q_01_qf_00.pt,d158b516ea503dc7977bae672be287071a207268db27878f97b2527eb3a25a8a,benchmarks/mgsm/cache/granite33_2b_instruct/calibrations/h_infinity/selected/selection.json
mgsm,granite33_2b,ibm-granite/granite-3.3-2b-instruct,707f574c62054322f6b5b04b6d075f0a8f05e0f0,Granite-3.3-2B-Instruct,granite,2533539840,selected,current_candidate,q_01_qf_01,False,True,2.132362127304077,2.153685748577118,0.468963496957381,-0.7572303452122728,1.5,0.1,1.0,0.1,0.1,0.1,mgsm_quality_composite,100,1,kaz-raw-reduced-covariance-v1,full-reduced-state-1c3ecc55a8a35471,raw,0.13942700624465942,1.0999996662139893,33.267330169677734,21.735380172729492,1.831392765045166,1.3347831964492798,24,True,benchmarks/mgsm/cache/granite33_2b_instruct/calibrations/h_infinity/selected/grid/controllers/q_01_qf_01.pt,3f7285913c1e3fe0c14bfe7a91720154ff8d200dfe54c382ea2a705fe80541c4,benchmarks/mgsm/cache/granite33_2b_instruct/calibrations/h_infinity/selected/selection.json
mgsm,granite33_2b,ibm-granite/granite-3.3-2b-instruct,707f574c62054322f6b5b04b6d075f0a8f05e0f0,Granite-3.3-2B-Instruct,granite,2533539840,selected,current_candidate,q_01_qf_02,False,True,2.468520402908325,2.4932056069374084,0.40510096607742624,-0.9036189439888112,1.5,0.1,1.0,0.31622776601683794,0.1,0.31622776601683794,mgsm_quality_composite,100,1,kaz-raw-reduced-covariance-v1,full-reduced-state-1c3ecc55a8a35471,raw,0.12248468399047852,1.100043773651123,50.749820709228516,12.952557563781738,2.1241378784179688,1.3962814807891846,24,True,benchmarks/mgsm/cache/granite33_2b_instruct/calibrations/h_infinity/selected/grid/controllers/q_01_qf_02.pt,df7fe17e15e04d1ed511c39935b273e31a2688f6b2c7f19bcb662b42139026bc,benchmarks/mgsm/cache/granite33_2b_instruct/calibrations/h_infinity/selected/selection.json
mgsm,granite33_2b,ibm-granite/granite-3.3-2b-instruct,707f574c62054322f6b5b04b6d075f0a8f05e0f0,Granite-3.3-2B-Instruct,granite,2533539840,selected,current_candidate,q_02_qf_00,False,True,3.761410713195801,3.799024820327759,0.26585769974328904,-1.3247940767154893,1.5,1.0,1.0,0.01,1.0,0.01,mgsm_quality_composite,100,1,kaz-raw-reduced-covariance-v1,full-reduced-state-1c3ecc55a8a35471,raw,0.2843949794769287,1.0099996328353882,50.748409271240234,26.064882278442383,5.258307933807373,2.098184823989868,24,True,benchmarks/mgsm/cache/granite33_2b_instruct/calibrations/h_infinity/selected/grid/controllers/q_02_qf_00.pt,17f9057897101d09d5333a61674bd72b51eb597f5cbc19bf1c2da9a1edd7ffa6,benchmarks/mgsm/cache/granite33_2b_instruct/calibrations/h_infinity/selected/selection.json
mgsm,granite33_2b,ibm-granite/granite-3.3-2b-instruct,707f574c62054322f6b5b04b6d075f0a8f05e0f0,Granite-3.3-2B-Instruct,granite,2533539840,selected,current_candidate,q_02_qf_01,False,True,3.896939754486084,3.935909152030945,0.2566116139847476,-1.3601915667775109,1.5,1.0,1.0,0.1,1.0,0.1,mgsm_quality_composite,100,1,kaz-raw-reduced-covariance-v1,full-reduced-state-1c3ecc55a8a35471,raw,0.3052884340286255,1.0999995470046997,50.74342346191406,27.626296997070312,5.2473978996276855,2.0895164012908936,24,True,benchmarks/mgsm/cache/granite33_2b_instruct/calibrations/h_infinity/selected/grid/controllers/q_02_qf_01.pt,121435d17ecbadcc106d4318454ce56a4069376a9fff5981b0dc66d8d54433e3,benchmarks/mgsm/cache/granite33_2b_instruct/calibrations/h_infinity/selected/selection.json
mgsm,granite33_2b,ibm-granite/granite-3.3-2b-instruct,707f574c62054322f6b5b04b6d075f0a8f05e0f0,Granite-3.3-2B-Instruct,granite,2533539840,selected,current_candidate,q_02_qf_02,False,True,4.13549542427063,4.176850378513336,0.24180899684500756,-1.4196071336979075,1.5,1.0,1.0,0.31622776601683794,1.0,0.31622776601683794,mgsm_quality_composite,100,1,kaz-raw-reduced-covariance-v1,full-reduced-state-1c3ecc55a8a35471,raw,0.34386351704597473,1.3162275552749634,50.735496520996094,30.486730575561523,5.2321062088012695,2.077396869659424,24,True,benchmarks/mgsm/cache/granite33_2b_instruct/calibrations/h_infinity/selected/grid/controllers/q_02_qf_02.pt,a9cad8d62c63948bb7472d0dccb4b776c687a684f91e82f8c7fac220afe4bb65,benchmarks/mgsm/cache/granite33_2b_instruct/calibrations/h_infinity/selected/selection.json
mgsm,granite33_2b,ibm-granite/granite-3.3-2b-instruct,707f574c62054322f6b5b04b6d075f0a8f05e0f0,Granite-3.3-2B-Instruct,granite,2533539840,selected,current_candidate,q_03_qf_00,False,True,11.84656023979187,11.965025842189789,0.08441268855756638,-2.4720375503201133,1.5,10.0,1.0,0.01,10.0,0.01,mgsm_quality_composite,100,1,kaz-raw-reduced-covariance-v1,full-reduced-state-1c3ecc55a8a35471,raw,2.820952892303467,1.0099995136260986,50.74948501586914,46.2557258605957,31.49576759338379,2.882481336593628,24,True,benchmarks/mgsm/cache/granite33_2b_instruct/calibrations/h_infinity/selected/grid/controllers/q_03_qf_00.pt,56e8eb30a74e15ca66986aa3e6aa3a2c5ceb9912ca62d648c75512387d8b195e,benchmarks/mgsm/cache/granite33_2b_instruct/calibrations/h_infinity/selected/selection.json
mgsm,granite33_2b,ibm-granite/granite-3.3-2b-instruct,707f574c62054322f6b5b04b6d075f0a8f05e0f0,Granite-3.3-2B-Instruct,granite,2533539840,selected,current_candidate,q_03_qf_01,False,True,11.890262365341187,12.009164988994598,0.08410243351020501,-2.475719776509801,1.5,10.0,1.0,0.1,10.0,0.1,mgsm_quality_composite,100,1,kaz-raw-reduced-covariance-v1,full-reduced-state-1c3ecc55a8a35471,raw,2.841808557510376,1.0999999046325684,50.74940872192383,46.49407196044922,31.495656967163086,2.882382392883301,24,True,benchmarks/mgsm/cache/granite33_2b_instruct/calibrations/h_infinity/selected/grid/controllers/q_03_qf_01.pt,c3e38a94156397cb429193b680f41fdccf45fff6f57de6c2c8c94a5c08949fb8,benchmarks/mgsm/cache/granite33_2b_instruct/calibrations/h_infinity/selected/selection.json
mgsm,granite33_2b,ibm-granite/granite-3.3-2b-instruct,707f574c62054322f6b5b04b6d075f0a8f05e0f0,Granite-3.3-2B-Instruct,granite,2533539840,selected,current_candidate,q_03_qf_02,False,True,11.970418691635132,12.090122878551483,0.08353926673415317,-2.4824384973737845,1.5,10.0,1.0,0.31622776601683794,10.0,0.31622776601683794,mgsm_quality_composite,100,1,kaz-raw-reduced-covariance-v1,full-reduced-state-1c3ecc55a8a35471,raw,2.880208730697632,1.316227674484253,50.75016403198242,46.935428619384766,31.495450973510742,2.882204294204712,24,True,benchmarks/mgsm/cache/granite33_2b_instruct/calibrations/h_infinity/selected/grid/controllers/q_03_qf_02.pt,ad1371af8f9af5bd20daefa6db3711e93994d885e148d7691a05d2b7ffc8d941,benchmarks/mgsm/cache/granite33_2b_instruct/calibrations/h_infinity/selected/selection.json
mgsm,phi4_mini,microsoft/Phi-4-mini-instruct,cfbefacb99257ffa30c83adab238a50856ac3083,Phi-4-mini-instruct,phi3,3836021760,selected,current_candidate,q_00_qf_00,False,True,2.535116672515869,2.560467839241028,0.39445916270496234,-0.9302396606451366,1.5,0.01,1.0,0.01,0.01,0.01,mgsm_quality_composite,100,1,kaz-raw-reduced-covariance-v1,full-reduced-state-1c3ecc55a8a35471,raw,0.626326322555542,1.0099992752075195,10.467379570007324,4.613658905029297,1.1594843864440918,1.005014419555664,24,True,benchmarks/mgsm/cache/phi4_mini_instruct/calibrations/h_infinity/selected/grid/controllers/q_00_qf_00.pt,b433a3cdac25ddf54d95679e041adcfa72887a1b43a7a1aa5affdef9281b2011,benchmarks/mgsm/cache/phi4_mini_instruct/calibrations/h_infinity/selected/selection.json
mgsm,phi4_mini,microsoft/Phi-4-mini-instruct,cfbefacb99257ffa30c83adab238a50856ac3083,Phi-4-mini-instruct,phi3,3836021760,selected,current_candidate,q_00_qf_01,False,True,7.145053148269653,7.21650367975235,0.1399569715226225,-1.9664202498803587,1.5,0.01,1.0,0.1,0.01,0.1,mgsm_quality_composite,100,1,kaz-raw-reduced-covariance-v1,full-reduced-state-1c3ecc55a8a35471,raw,1.0262107849121094,1.0100489854812622,50.747802734375,5.522529125213623,1.2933790683746338,1.0421998500823975,24,True,benchmarks/mgsm/cache/phi4_mini_instruct/calibrations/h_infinity/selected/grid/controllers/q_00_qf_01.pt,8e5c2608fc70f2d51125b9a4fe8cd22c4efef0b2797f327855ce5e7942d35acc,benchmarks/mgsm/cache/phi4_mini_instruct/calibrations/h_infinity/selected/selection.json
mgsm,phi4_mini,microsoft/Phi-4-mini-instruct,cfbefacb99257ffa30c83adab238a50856ac3083,Phi-4-mini-instruct,phi3,3836021760,selected,current_candidate,q_00_qf_02,False,True,12.70589828491211,12.83295726776123,0.07870360501685043,-2.5420663175322824,1.5,0.01,1.0,0.31622776601683794,0.01,0.31622776601683794,mgsm_quality_composite,100,1,kaz-raw-reduced-covariance-v1,full-reduced-state-1c3ecc55a8a35471,raw,3.2451019287109375,1.0100492238998413,50.748748779296875,12.952296257019043,1.742323875427246,1.3741916418075562,24,True,benchmarks/mgsm/cache/phi4_mini_instruct/calibrations/h_infinity/selected/grid/controllers/q_00_qf_02.pt,a8058d1cba1ff17f42d682155a9727262e08f6515ea7514ade2e50a5194866e0,benchmarks/mgsm/cache/phi4_mini_instruct/calibrations/h_infinity/selected/selection.json
mgsm,phi4_mini,microsoft/Phi-4-mini-instruct,cfbefacb99257ffa30c83adab238a50856ac3083,Phi-4-mini-instruct,phi3,3836021760,selected,current_candidate,q_01_qf_00,True,True,4.976749420166016,5.026516914367676,0.20093436811344256,-1.6047769510433372,1.5,0.1,1.0,0.01,0.1,0.01,mgsm_quality_composite,100,1,kaz-raw-reduced-covariance-v1,full-reduced-state-1c3ecc55a8a35471,raw,0.5976355671882629,1.0099998712539673,42.27640151977539,12.156231880187988,2.1127548217773438,1.5171374082565308,24,True,benchmarks/mgsm/cache/phi4_mini_instruct/calibrations/h_infinity/selected/grid/controllers/q_01_qf_00.pt,ab59aed48aa43c61f3cd51d99ae80aea62c9dd0b7ac58d42d0d9f710e3abccbe,benchmarks/mgsm/cache/phi4_mini_instruct/calibrations/h_infinity/selected/selection.json
mgsm,phi4_mini,microsoft/Phi-4-mini-instruct,cfbefacb99257ffa30c83adab238a50856ac3083,Phi-4-mini-instruct,phi3,3836021760,selected,current_candidate,q_01_qf_01,False,True,7.145053148269653,7.21650367975235,0.1399569715226225,-1.9664202498803587,1.5,0.1,1.0,0.1,0.1,0.1,mgsm_quality_composite,100,1,kaz-raw-reduced-covariance-v1,full-reduced-state-1c3ecc55a8a35471,raw,1.0262107849121094,1.0999993085861206,50.747802734375,5.522529125213623,1.799960970878601,1.2388914823532104,24,True,benchmarks/mgsm/cache/phi4_mini_instruct/calibrations/h_infinity/selected/grid/controllers/q_01_qf_01.pt,7823682f98d9e1d94b2e1794a4975b6de5ecb8de9446f4e1ca45ad72a51ea118,benchmarks/mgsm/cache/phi4_mini_instruct/calibrations/h_infinity/selected/selection.json
mgsm,phi4_mini,microsoft/Phi-4-mini-instruct,cfbefacb99257ffa30c83adab238a50856ac3083,Phi-4-mini-instruct,phi3,3836021760,selected,current_candidate,q_01_qf_02,False,True,12.70589828491211,12.83295726776123,0.07870360501685043,-2.5420663175322824,1.5,0.1,1.0,0.31622776601683794,0.1,0.31622776601683794,mgsm_quality_composite,100,1,kaz-raw-reduced-covariance-v1,full-reduced-state-1c3ecc55a8a35471,raw,3.2451019287109375,1.1002616882324219,50.748748779296875,12.952296257019043,1.9485390186309814,1.3741916418075562,24,True,benchmarks/mgsm/cache/phi4_mini_instruct/calibrations/h_infinity/selected/grid/controllers/q_01_qf_02.pt,6a994176ddb8999b7ca5241b4b336e4c334c9f19ffbe297c9e09985e1d31f568,benchmarks/mgsm/cache/phi4_mini_instruct/calibrations/h_infinity/selected/selection.json
mgsm,phi4_mini,microsoft/Phi-4-mini-instruct,cfbefacb99257ffa30c83adab238a50856ac3083,Phi-4-mini-instruct,phi3,3836021760,selected,current_candidate,q_02_qf_00,False,True,11.462730169296265,11.577357470989227,0.0872392514898912,-2.439100917581307,1.5,1.0,1.0,0.01,1.0,0.01,mgsm_quality_composite,100,1,kaz-raw-reduced-covariance-v1,full-reduced-state-1c3ecc55a8a35471,raw,2.7681591510772705,1.0099998712539673,48.42036056518555,33.20924377441406,5.58364725112915,2.235814094543457,24,True,benchmarks/mgsm/cache/phi4_mini_instruct/calibrations/h_infinity/selected/grid/controllers/q_02_qf_00.pt,b654822423694017b508d169fd22806d4184324c4556e9311bb11a6f059dc122,benchmarks/mgsm/cache/phi4_mini_instruct/calibrations/h_infinity/selected/selection.json
mgsm,phi4_mini,microsoft/Phi-4-mini-instruct,cfbefacb99257ffa30c83adab238a50856ac3083,Phi-4-mini-instruct,phi3,3836021760,selected,current_candidate,q_02_qf_01,False,True,11.484986543655396,11.59983640909195,0.08707019343896628,-2.4410406644952203,1.5,1.0,1.0,0.1,1.0,0.1,mgsm_quality_composite,100,1,kaz-raw-reduced-covariance-v1,full-reduced-state-1c3ecc55a8a35471,raw,2.783249616622925,1.0999996662139893,48.34499740600586,33.245906829833984,5.582042217254639,2.2354001998901367,24,True,benchmarks/mgsm/cache/phi4_mini_instruct/calibrations/h_infinity/selected/grid/controllers/q_02_qf_01.pt,9c1f4618ecdb56855bf99382391c5eeae235c923fdbf824f4e1f5a3566781a25,benchmarks/mgsm/cache/phi4_mini_instruct/calibrations/h_infinity/selected/selection.json
mgsm,phi4_mini,microsoft/Phi-4-mini-instruct,cfbefacb99257ffa30c83adab238a50856ac3083,Phi-4-mini-instruct,phi3,3836021760,selected,current_candidate,q_02_qf_02,False,True,12.70589828491211,12.83295726776123,0.07870360501685043,-2.5420663175322824,1.5,1.0,1.0,0.31622776601683794,1.0,0.31622776601683794,mgsm_quality_composite,100,1,kaz-raw-reduced-covariance-v1,full-reduced-state-1c3ecc55a8a35471,raw,3.2451019287109375,1.3162267208099365,50.748748779296875,12.952296257019043,5.509781360626221,2.2127084732055664,24,True,benchmarks/mgsm/cache/phi4_mini_instruct/calibrations/h_infinity/selected/grid/controllers/q_02_qf_02.pt,7e3d567e27abdcfd4a60cf6b45f8cd0a095f18d34f22f74e96ae3876c59149d4,benchmarks/mgsm/cache/phi4_mini_instruct/calibrations/h_infinity/selected/selection.json
mgsm,phi4_mini,microsoft/Phi-4-mini-instruct,cfbefacb99257ffa30c83adab238a50856ac3083,Phi-4-mini-instruct,phi3,3836021760,selected,current_candidate,q_03_qf_00,False,True,30.046021938323975,30.346482157707214,0.03328227617129211,-3.4027302707978557,1.5,10.0,1.0,0.01,10.0,0.01,mgsm_quality_composite,100,1,kaz-raw-reduced-covariance-v1,full-reduced-state-1c3ecc55a8a35471,raw,18.14579963684082,1.0099996328353882,50.750545501708984,46.2313117980957,31.83328628540039,3.038801670074463,24,True,benchmarks/mgsm/cache/phi4_mini_instruct/calibrations/h_infinity/selected/grid/controllers/q_03_qf_00.pt,c686f2341817dd9ea48c72ab84cc80f3f430b13462489c255eb0c0126382d9bc,benchmarks/mgsm/cache/phi4_mini_instruct/calibrations/h_infinity/selected/selection.json
mgsm,phi4_mini,microsoft/Phi-4-mini-instruct,cfbefacb99257ffa30c83adab238a50856ac3083,Phi-4-mini-instruct,phi3,3836021760,selected,current_candidate,q_03_qf_01,False,True,30.174559354782104,30.476304948329926,0.0331405005204001,-3.4069991638871477,1.5,10.0,1.0,0.1,10.0,0.1,mgsm_quality_composite,100,1,kaz-raw-reduced-covariance-v1,full-reduced-state-1c3ecc55a8a35471,raw,18.302331924438477,1.0999997854232788,50.74794006347656,46.26005554199219,31.833105087280273,3.0386455059051514,24,True,benchmarks/mgsm/cache/phi4_mini_instruct/calibrations/h_infinity/selected/grid/controllers/q_03_qf_01.pt,6bc914700aed377bb48800dd957b21915ad1e602d694588a135121449c805090,benchmarks/mgsm/cache/phi4_mini_instruct/calibrations/h_infinity/selected/selection.json
mgsm,phi4_mini,microsoft/Phi-4-mini-instruct,cfbefacb99257ffa30c83adab238a50856ac3083,Phi-4-mini-instruct,phi3,3836021760,selected,current_candidate,q_03_qf_02,False,True,30.413705110549927,30.717842161655426,0.03287991372195949,-3.4148933328255966,1.5,10.0,1.0,0.31622776601683794,10.0,0.31622776601683794,mgsm_quality_composite,100,1,kaz-raw-reduced-covariance-v1,full-reduced-state-1c3ecc55a8a35471,raw,18.600051879882812,1.3162270784378052,50.73027801513672,46.311279296875,31.83277702331543,3.038360834121704,24,True,benchmarks/mgsm/cache/phi4_mini_instruct/calibrations/h_infinity/selected/grid/controllers/q_03_qf_02.pt,307fe0fcfb51b880ac40a69b544b5cd88ef9650dea811cfb773f8194f21e9fb5,benchmarks/mgsm/cache/phi4_mini_instruct/calibrations/h_infinity/selected/selection.json
mgsm,qwen3_4b,Qwen/Qwen3-4B,1cfa9a7208912126459214e8b04321603b3df60c,Qwen3-4B,qwen3,4022468096,selected,current_candidate,q_00_qf_00,False,True,2.0690202713012695,2.0897104740142822,0.4833205425150667,-0.7270751963477292,1.5,0.01,1.0,0.01,0.01,0.01,mean per-response AXBench Spanish/relevance/fluency harmonic mean,50,1,kaz-raw-reduced-covariance-v1,full-reduced-state-1c3ecc55a8a35471,raw,0.4891781806945801,1.0100045204162598,8.889599800109863,1.9330557584762573,1.041918396949768,0.8424875736236572,24,True,benchmarks/mgsm/cache/qwen3_4b/calibrations/h_infinity/selected/grid/controllers/q_00_qf_00.pt,9029306050d930bac9d6a8643dbafe6a5a35a7ef41011c83508e21dd1a159741,benchmarks/mgsm/cache/qwen3_4b/calibrations/h_infinity/selected/selection.json
mgsm,qwen3_4b,Qwen/Qwen3-4B,1cfa9a7208912126459214e8b04321603b3df60c,Qwen3-4B,qwen3,4022468096,selected,current_candidate,q_00_qf_01,False,True,6.244736909866333,6.307184278964996,0.16013484866272848,-1.8317390145662409,1.5,0.01,1.0,0.1,0.01,0.1,mean per-response AXBench Spanish/relevance/fluency harmonic mean,50,1,kaz-raw-reduced-covariance-v1,full-reduced-state-1c3ecc55a8a35471,raw,1.0034561157226562,1.010001540184021,39.46128845214844,7.270113468170166,1.2372101545333862,1.006787657737732,24,True,benchmarks/mgsm/cache/qwen3_4b/calibrations/h_infinity/selected/grid/controllers/q_00_qf_01.pt,babb94f3bdbeac5652b85dea9f4850c4350c9a4b718a9152dea30f59cd5deb7f,benchmarks/mgsm/cache/qwen3_4b/calibrations/h_infinity/selected/selection.json
mgsm,qwen3_4b,Qwen/Qwen3-4B,1cfa9a7208912126459214e8b04321603b3df60c,Qwen3-4B,qwen3,4022468096,selected,current_candidate,q_00_qf_02,True,True,11.073577404022217,11.184313178062439,0.09030505350843292,-2.404561856576561,1.5,0.01,1.0,0.31622776601683794,0.01,0.31622776601683794,mean per-response AXBench Spanish/relevance/fluency harmonic mean,50,1,kaz-raw-reduced-covariance-v1,full-reduced-state-1c3ecc55a8a35471,raw,2.4648513793945312,1.0100009441375732,50.51438903808594,12.937920570373535,1.6007318496704102,1.3322800397872925,24,True,benchmarks/mgsm/cache/qwen3_4b/calibrations/h_infinity/selected/grid/controllers/q_00_qf_02.pt,a6548c2db7865729551b080eb09592258a0df10bdf8b07345fd30b9c5142489a,benchmarks/mgsm/cache/qwen3_4b/calibrations/h_infinity/selected/selection.json
mgsm,qwen3_4b,Qwen/Qwen3-4B,1cfa9a7208912126459214e8b04321603b3df60c,Qwen3-4B,qwen3,4022468096,selected,current_candidate,q_01_qf_00,False,True,3.1518518924713135,3.1833704113960266,0.31727379144580203,-1.14799018246249,1.5,0.1,1.0,0.01,0.1,0.01,mean per-response AXBench Spanish/relevance/fluency harmonic mean,50,1,kaz-raw-reduced-covariance-v1,full-reduced-state-1c3ecc55a8a35471,raw,0.5285823345184326,1.0100181102752686,19.0098876953125,19.24213981628418,2.567444086074829,1.65743887424469,24,True,benchmarks/mgsm/cache/qwen3_4b/calibrations/h_infinity/selected/grid/controllers/q_01_qf_00.pt,46221d6708d5ea42edd2b3aa67d48e6d3d6fcd1a2e95e82679fb9a721af2d797,benchmarks/mgsm/cache/qwen3_4b/calibrations/h_infinity/selected/selection.json
mgsm,qwen3_4b,Qwen/Qwen3-4B,1cfa9a7208912126459214e8b04321603b3df60c,Qwen3-4B,qwen3,4022468096,selected,current_candidate,q_01_qf_01,False,True,6.272107362747192,6.334828436374664,0.15943604631825029,-1.8361124006865468,1.5,0.1,1.0,0.1,0.1,0.1,mean per-response AXBench Spanish/relevance/fluency harmonic mean,50,1,kaz-raw-reduced-covariance-v1,full-reduced-state-1c3ecc55a8a35471,raw,1.3529319763183594,1.1000463962554932,29.526355743408203,7.557536602020264,1.914670705795288,1.235655426979065,24,True,benchmarks/mgsm/cache/qwen3_4b/calibrations/h_infinity/selected/grid/controllers/q_01_qf_01.pt,51f0f4a1943cf829481ea6f4c231dbd43d55871c54550e8bdd92cd1f4e5cde4e,benchmarks/mgsm/cache/qwen3_4b/calibrations/h_infinity/selected/selection.json
mgsm,qwen3_4b,Qwen/Qwen3-4B,1cfa9a7208912126459214e8b04321603b3df60c,Qwen3-4B,qwen3,4022468096,selected,current_candidate,q_01_qf_02,False,True,11.073577404022217,11.184313178062439,0.09030505350843292,-2.404561856576561,1.5,0.1,1.0,0.31622776601683794,0.1,0.31622776601683794,mean per-response AXBench Spanish/relevance/fluency harmonic mean,50,1,kaz-raw-reduced-covariance-v1,full-reduced-state-1c3ecc55a8a35471,raw,2.4648513793945312,1.1000189781188965,50.51438903808594,12.937920570373535,1.8703054189682007,1.3322800397872925,24,True,benchmarks/mgsm/cache/qwen3_4b/calibrations/h_infinity/selected/grid/controllers/q_01_qf_02.pt,77688aa712d47db24c8542052a706510889daba0ee91b7d127c8f3ea84deb1d6,benchmarks/mgsm/cache/qwen3_4b/calibrations/h_infinity/selected/selection.json
mgsm,qwen3_4b,Qwen/Qwen3-4B,1cfa9a7208912126459214e8b04321603b3df60c,Qwen3-4B,qwen3,4022468096,selected,current_candidate,q_02_qf_00,False,True,6.63420557975769,6.700547635555267,0.15073394816874583,-1.8922389288535342,1.5,1.0,1.0,0.01,1.0,0.01,mean per-response AXBench Spanish/relevance/fluency harmonic mean,50,1,kaz-raw-reduced-covariance-v1,full-reduced-state-1c3ecc55a8a35471,raw,1.0016816854476929,1.0100042819976807,43.892364501953125,37.043819427490234,5.738601207733154,2.3273959159851074,24,True,benchmarks/mgsm/cache/qwen3_4b/calibrations/h_infinity/selected/grid/controllers/q_02_qf_00.pt,866cd4f0113c9e7110963f7b4838dbf5890dcfcc6203e524ec31f026bd7fc19c,benchmarks/mgsm/cache/qwen3_4b/calibrations/h_infinity/selected/selection.json
mgsm,qwen3_4b,Qwen/Qwen3-4B,1cfa9a7208912126459214e8b04321603b3df60c,Qwen3-4B,qwen3,4022468096,selected,current_candidate,q_02_qf_01,False,True,7.059198617935181,7.1297906041145325,0.14165913924837273,-1.954331534854898,1.5,1.0,1.0,0.1,1.0,0.1,mean per-response AXBench Spanish/relevance/fluency harmonic mean,50,1,kaz-raw-reduced-covariance-v1,full-reduced-state-1c3ecc55a8a35471,raw,1.5533539056777954,1.1003609895706177,31.460514068603516,21.151596069335938,5.710120677947998,2.3073337078094482,24,True,benchmarks/mgsm/cache/qwen3_4b/calibrations/h_infinity/selected/grid/controllers/q_02_qf_01.pt,c0e0940b094e995c301800ab0719f3d574012e7f6112d0d7b0838cd2bf2dab09,benchmarks/mgsm/cache/qwen3_4b/calibrations/h_infinity/selected/selection.json
mgsm,qwen3_4b,Qwen/Qwen3-4B,1cfa9a7208912126459214e8b04321603b3df60c,Qwen3-4B,qwen3,4022468096,selected,current_candidate,q_02_qf_02,False,True,11.073577404022217,11.184313178062439,0.09030505350843292,-2.404561856576561,1.5,1.0,1.0,0.31622776601683794,1.0,0.31622776601683794,mean per-response AXBench Spanish/relevance/fluency harmonic mean,50,1,kaz-raw-reduced-covariance-v1,full-reduced-state-1c3ecc55a8a35471,raw,2.4648513793945312,1.3176970481872559,50.51438903808594,12.937920570373535,5.596062660217285,2.2269339561462402,24,True,benchmarks/mgsm/cache/qwen3_4b/calibrations/h_infinity/selected/grid/controllers/q_02_qf_02.pt,e11da1e2055d8fca6347255f16215600de04b64510163141f2db55fe7fa900fe,benchmarks/mgsm/cache/qwen3_4b/calibrations/h_infinity/selected/selection.json
mgsm,qwen3_4b,Qwen/Qwen3-4B,1cfa9a7208912126459214e8b04321603b3df60c,Qwen3-4B,qwen3,4022468096,selected,current_candidate,q_03_qf_00,False,True,19.258981943130493,19.451571762561798,0.05192382457976659,-2.95797754636079,1.5,10.0,1.0,0.01,10.0,0.01,mean per-response AXBench Spanish/relevance/fluency harmonic mean,50,1,kaz-raw-reduced-covariance-v1,full-reduced-state-1c3ecc55a8a35471,raw,7.455438613891602,1.0100003480911255,48.428829193115234,44.30577087402344,31.985549926757812,3.097867250442505,24,True,benchmarks/mgsm/cache/qwen3_4b/calibrations/h_infinity/selected/grid/controllers/q_03_qf_00.pt,87917303ab277845c95b43c5b767a6ea1ae6b82b553fcee7093110abb6170f6d,benchmarks/mgsm/cache/qwen3_4b/calibrations/h_infinity/selected/selection.json
mgsm,qwen3_4b,Qwen/Qwen3-4B,1cfa9a7208912126459214e8b04321603b3df60c,Qwen3-4B,qwen3,4022468096,selected,current_candidate,q_03_qf_01,False,True,19.366174936294556,19.5598366856575,0.05163642295339794,-2.9635279843146334,1.5,10.0,1.0,0.1,10.0,0.1,mean per-response AXBench Spanish/relevance/fluency harmonic mean,50,1,kaz-raw-reduced-covariance-v1,full-reduced-state-1c3ecc55a8a35471,raw,7.546522617340088,1.100048303604126,48.38178634643555,44.36640167236328,31.98522186279297,3.0976014137268066,24,True,benchmarks/mgsm/cache/qwen3_4b/calibrations/h_infinity/selected/grid/controllers/q_03_qf_01.pt,bbd76abd2d8e424e30075a627d2553968bc839643ddec77b8e4357509a7f3dae,benchmarks/mgsm/cache/qwen3_4b/calibrations/h_infinity/selected/selection.json
mgsm,qwen3_4b,Qwen/Qwen3-4B,1cfa9a7208912126459214e8b04321603b3df60c,Qwen3-4B,qwen3,4022468096,selected,current_candidate,q_03_qf_02,False,True,19.611769914627075,19.807887613773346,0.05098978849706821,-2.9761298918533043,1.5,10.0,1.0,0.31622776601683794,10.0,0.31622776601683794,mean per-response AXBench Spanish/relevance/fluency harmonic mean,50,1,kaz-raw-reduced-covariance-v1,full-reduced-state-1c3ecc55a8a35471,raw,7.807500839233398,1.3166941404342651,47.973453521728516,44.38665008544922,31.984495162963867,3.0970089435577393,24,True,benchmarks/mgsm/cache/qwen3_4b/calibrations/h_infinity/selected/grid/controllers/q_03_qf_02.pt,b4fcef012ffdd74156ed31fd62554ccf77c2c8fbf2cc2465ef57e6263eb33163,benchmarks/mgsm/cache/qwen3_4b/calibrations/h_infinity/selected/selection.json
truthfulness,gpt2_xl,openai-community/gpt2-xl,15ea56dee5df4983c59b2538573817e1667135e2,GPT-2 XL,gpt2,1557611200,txi95_fluency05_n200_r1,current_candidate,q_00_qf_00,False,True,9.780842065811157,9.878650486469269,0.10224068574785505,-2.2804255811389518,3.0,0.01,1.0,0.01,0.01,0.01,truthfulqa_txi_fluency_composite,200,1,kaz-raw-reduced-covariance-v1,full-reduced-state-9375fe0c3b9727de,raw,2.4829864501953125,1.0100047588348389,39.283695220947266,1.3792269229888916,0.8649359941482544,0.4169730246067047,24,True,benchmarks/truthfulness/cache/gpt2_xl/calibrations/h_infinity/txi95_fluency05_n200_r1/grid/controllers/q_00_qf_00.pt,172594671e0010bed43e6c2213929f2c50dba7683b7f3f1893ef5b16cf9a1e24,benchmarks/truthfulness/cache/gpt2_xl/calibrations/h_infinity/txi95_fluency05_n200_r1/selection.json
truthfulness,gpt2_xl,openai-community/gpt2-xl,15ea56dee5df4983c59b2538573817e1667135e2,GPT-2 XL,gpt2,1557611200,txi95_fluency05_n200_r1,current_candidate,q_00_qf_01,False,True,17.342078685760498,17.515499472618103,0.05766321431934774,-2.8531358422391335,3.0,0.01,1.0,0.03162277660168379,0.01,0.03162277660168379,truthfulqa_txi_fluency_composite,200,1,kaz-raw-reduced-covariance-v1,full-reduced-state-9375fe0c3b9727de,raw,6.04510498046875,1.0100629329681396,50.726112365722656,2.524988889694214,0.8646913170814514,0.35982194542884827,24,True,benchmarks/truthfulness/cache/gpt2_xl/calibrations/h_infinity/txi95_fluency05_n200_r1/grid/controllers/q_00_qf_01.pt,d6b0498e94862e972acb3e4a5ec443d3192100657dfdfa7daa484db51e3136e2,benchmarks/truthfulness/cache/gpt2_xl/calibrations/h_infinity/txi95_fluency05_n200_r1/selection.json
truthfulness,gpt2_xl,openai-community/gpt2-xl,15ea56dee5df4983c59b2538573817e1667135e2,GPT-2 XL,gpt2,1557611200,txi95_fluency05_n200_r1,current_candidate,q_00_qf_02,False,True,30.839061737060547,31.147452354431152,0.03242640805761803,-3.428782124661004,3.0,0.01,1.0,0.1,0.01,0.1,truthfulqa_txi_fluency_composite,200,1,kaz-raw-reduced-covariance-v1,full-reduced-state-9375fe0c3b9727de,raw,19.11639404296875,1.0100622177124023,50.725852966308594,5.522517204284668,0.8646141290664673,0.45943862199783325,24,True,benchmarks/truthfulness/cache/gpt2_xl/calibrations/h_infinity/txi95_fluency05_n200_r1/grid/controllers/q_00_qf_02.pt,4c4c00b09a837a659f304293c8e8a6ec70c0e52210df010e318dc59795868fb1,benchmarks/truthfulness/cache/gpt2_xl/calibrations/h_infinity/txi95_fluency05_n200_r1/selection.json
truthfulness,gpt2_xl,openai-community/gpt2-xl,15ea56dee5df4983c59b2538573817e1667135e2,GPT-2 XL,gpt2,1557611200,txi95_fluency05_n200_r1,current_candidate,q_00_qf_03,False,True,54.840463399887085,55.388868033885956,0.018234710978063305,-4.004428304692823,3.0,0.01,1.0,0.31622776601683794,0.01,0.31622776601683794,truthfulqa_txi_fluency_composite,200,1,kaz-raw-reduced-covariance-v1,full-reduced-state-9375fe0c3b9727de,raw,60.45068359375,1.0100620985031128,50.726402282714844,12.951311111450195,0.8944271802902222,0.7594589591026306,24,True,benchmarks/truthfulness/cache/gpt2_xl/calibrations/h_infinity/txi95_fluency05_n200_r1/grid/controllers/q_00_qf_03.pt,472ae1da1ad98615c5d5fc5bd865c024825697c8e26dff255e9c433154885244,benchmarks/truthfulness/cache/gpt2_xl/calibrations/h_infinity/txi95_fluency05_n200_r1/selection.json
truthfulness,gpt2_xl,openai-community/gpt2-xl,15ea56dee5df4983c59b2538573817e1667135e2,GPT-2 XL,gpt2,1557611200,txi95_fluency05_n200_r1,current_candidate,q_01_qf_00,False,True,9.810668230056763,9.90877491235733,0.10192985600474375,-2.2834703884905037,3.0,0.03162277660168379,1.0,0.01,0.03162277660168379,0.01,truthfulqa_txi_fluency_composite,200,1,kaz-raw-reduced-covariance-v1,full-reduced-state-9375fe0c3b9727de,raw,3.079070806503296,1.0100047588348389,31.872268676757812,1.491864562034607,2.5610969066619873,0.6164265871047974,24,True,benchmarks/truthfulness/cache/gpt2_xl/calibrations/h_infinity/txi95_fluency05_n200_r1/grid/controllers/q_01_qf_00.pt,595592d36ff335ccc0645541ab17b7c9a0ded55b1de66d04398005f58513fc04,benchmarks/truthfulness/cache/gpt2_xl/calibrations/h_infinity/txi95_fluency05_n200_r1/selection.json
truthfulness,gpt2_xl,openai-community/gpt2-xl,15ea56dee5df4983c59b2538573817e1667135e2,GPT-2 XL,gpt2,1557611200,txi95_fluency05_n200_r1,current_candidate,q_01_qf_01,False,True,17.342078685760498,17.515499472618103,0.05766321431934774,-2.8531358422391335,3.0,0.03162277660168379,1.0,0.03162277660168379,0.03162277660168379,0.03162277660168379,truthfulqa_txi_fluency_composite,200,1,kaz-raw-reduced-covariance-v1,full-reduced-state-9375fe0c3b9727de,raw,6.04510498046875,1.031638264656067,50.726112365722656,2.524988889694214,2.5595505237579346,0.5254848003387451,24,True,benchmarks/truthfulness/cache/gpt2_xl/calibrations/h_infinity/txi95_fluency05_n200_r1/grid/controllers/q_01_qf_01.pt,a246dcb02673e43c10c4e1a67d7281f527101ce061aa8c5195eb825e8c97daf6,benchmarks/truthfulness/cache/gpt2_xl/calibrations/h_infinity/txi95_fluency05_n200_r1/selection.json
truthfulness,gpt2_xl,openai-community/gpt2-xl,15ea56dee5df4983c59b2538573817e1667135e2,GPT-2 XL,gpt2,1557611200,txi95_fluency05_n200_r1,current_candidate,q_01_qf_02,True,True,30.839061737060547,31.147452354431152,0.03242640805761803,-3.428782124661004,3.0,0.03162277660168379,1.0,0.1,0.03162277660168379,0.1,truthfulqa_txi_fluency_composite,200,1,kaz-raw-reduced-covariance-v1,full-reduced-state-9375fe0c3b9727de,raw,19.11639404296875,1.0318117141723633,50.725852966308594,5.522517204284668,2.5590550899505615,0.5078610181808472,24,True,benchmarks/truthfulness/cache/gpt2_xl/calibrations/h_infinity/txi95_fluency05_n200_r1/grid/controllers/q_01_qf_02.pt,d1e28d5363dc2c5399a6b7c87a994545c049f6e17ff6f8fc9dd61d446895db48,benchmarks/truthfulness/cache/gpt2_xl/calibrations/h_infinity/txi95_fluency05_n200_r1/selection.json
truthfulness,gpt2_xl,openai-community/gpt2-xl,15ea56dee5df4983c59b2538573817e1667135e2,GPT-2 XL,gpt2,1557611200,txi95_fluency05_n200_r1,current_candidate,q_01_qf_03,False,True,54.840463399887085,55.388868033885956,0.018234710978063305,-4.004428304692823,3.0,0.03162277660168379,1.0,0.31622776601683794,0.03162277660168379,0.31622776601683794,truthfulqa_txi_fluency_composite,200,1,kaz-raw-reduced-covariance-v1,full-reduced-state-9375fe0c3b9727de,raw,60.45068359375,1.0318090915679932,50.726402282714844,12.951311111450195,2.558898687362671,0.7594589591026306,24,True,benchmarks/truthfulness/cache/gpt2_xl/calibrations/h_infinity/txi95_fluency05_n200_r1/grid/controllers/q_01_qf_03.pt,4db2fdb4f57fbdd9b72f572bb5bb10af243c63fb77c44e0ecf30d67315463e1b,benchmarks/truthfulness/cache/gpt2_xl/calibrations/h_infinity/txi95_fluency05_n200_r1/selection.json
truthfulness,gpt2_xl,openai-community/gpt2-xl,15ea56dee5df4983c59b2538573817e1667135e2,GPT-2 XL,gpt2,1557611200,txi95_fluency05_n200_r1,current_candidate,q_02_qf_00,False,True,10.736596584320068,10.843962550163269,0.09313938473393135,-2.3736581472696585,3.0,0.1,1.0,0.01,0.1,0.01,truthfulqa_txi_fluency_composite,200,1,kaz-raw-reduced-covariance-v1,full-reduced-state-9375fe0c3b9727de,raw,7.612017631530762,1.0100040435791016,15.360206604003906,6.751156806945801,7.187073230743408,1.1746149063110352,24,True,benchmarks/truthfulness/cache/gpt2_xl/calibrations/h_infinity/txi95_fluency05_n200_r1/grid/controllers/q_02_qf_00.pt,e42783bd9830a4511336966caac1586ef255f59cdef4a4daf68129864fc0a440,benchmarks/truthfulness/cache/gpt2_xl/calibrations/h_infinity/txi95_fluency05_n200_r1/selection.json
truthfulness,gpt2_xl,openai-community/gpt2-xl,15ea56dee5df4983c59b2538573817e1667135e2,GPT-2 XL,gpt2,1557611200,txi95_fluency05_n200_r1,current_candidate,q_02_qf_01,False,True,17.342078685760498,17.515499472618103,0.05766321431934774,-2.8531358422391335,3.0,0.1,1.0,0.03162277660168379,0.1,0.03162277660168379,truthfulqa_txi_fluency_composite,200,1,kaz-raw-reduced-covariance-v1,full-reduced-state-9375fe0c3b9727de,raw,6.04510498046875,1.031638264656067,50.726112365722656,2.524988889694214,7.179598808288574,1.1043304204940796,24,True,benchmarks/truthfulness/cache/gpt2_xl/calibrations/h_infinity/txi95_fluency05_n200_r1/grid/controllers/q_02_qf_01.pt,2fc854cc909e22624010fbfa5a2625f063d110594f81371ba8389450dc7ef3e0,benchmarks/truthfulness/cache/gpt2_xl/calibrations/h_infinity/txi95_fluency05_n200_r1/selection.json
truthfulness,gpt2_xl,openai-community/gpt2-xl,15ea56dee5df4983c59b2538573817e1667135e2,GPT-2 XL,gpt2,1557611200,txi95_fluency05_n200_r1,current_candidate,q_02_qf_02,False,True,30.839061737060547,31.147452354431152,0.03242640805761803,-3.428782124661004,3.0,0.1,1.0,0.1,0.1,0.1,truthfulqa_txi_fluency_composite,200,1,kaz-raw-reduced-covariance-v1,full-reduced-state-9375fe0c3b9727de,raw,19.11639404296875,1.1000480651855469,50.725852966308594,5.522517204284668,7.176435947418213,1.1037250757217407,24,True,benchmarks/truthfulness/cache/gpt2_xl/calibrations/h_infinity/txi95_fluency05_n200_r1/grid/controllers/q_02_qf_02.pt,3eb2da95901846a1be9a43d80cb1cd09af0c501a1f1dba1ab432c595e78caa10,benchmarks/truthfulness/cache/gpt2_xl/calibrations/h_infinity/txi95_fluency05_n200_r1/selection.json
truthfulness,gpt2_xl,openai-community/gpt2-xl,15ea56dee5df4983c59b2538573817e1667135e2,GPT-2 XL,gpt2,1557611200,txi95_fluency05_n200_r1,current_candidate,q_02_qf_03,False,True,54.840463399887085,55.388868033885956,0.018234710978063305,-4.004428304692823,3.0,0.1,1.0,0.31622776601683794,0.1,0.31622776601683794,truthfulqa_txi_fluency_composite,200,1,kaz-raw-reduced-covariance-v1,full-reduced-state-9375fe0c3b9727de,raw,60.45068359375,1.1005319356918335,50.726402282714844,12.951311111450195,7.175438404083252,1.1035343408584595,24,True,benchmarks/truthfulness/cache/gpt2_xl/calibrations/h_infinity/txi95_fluency05_n200_r1/grid/controllers/q_02_qf_03.pt,f055dee6044a84cb71988c3c2958a6801becfdc8c11c697308f38054f48489c7,benchmarks/truthfulness/cache/gpt2_xl/calibrations/h_infinity/txi95_fluency05_n200_r1/selection.json
truthfulness,gpt2_xl,openai-community/gpt2-xl,15ea56dee5df4983c59b2538573817e1667135e2,GPT-2 XL,gpt2,1557611200,txi95_fluency05_n200_r1,current_candidate,q_03_qf_00,False,True,16.80402159690857,16.972061812877655,0.05950956407863518,-2.821618238530576,3.0,0.31622776601683794,1.0,0.01,0.31622776601683794,0.01,truthfulqa_txi_fluency_composite,200,1,kaz-raw-reduced-covariance-v1,full-reduced-state-9375fe0c3b9727de,raw,13.806254386901855,1.0100016593933105,20.727149963378906,15.446166038513184,18.095664978027344,2.513371467590332,24,True,benchmarks/truthfulness/cache/gpt2_xl/calibrations/h_infinity/txi95_fluency05_n200_r1/grid/controllers/q_03_qf_00.pt,72cd5abf59ff9cba23ccf76f7d286d2120f6512a3d089e44bf10bd7b0a448406,benchmarks/truthfulness/cache/gpt2_xl/calibrations/h_infinity/txi95_fluency05_n200_r1/selection.json
truthfulness,gpt2_xl,openai-community/gpt2-xl,15ea56dee5df4983c59b2538573817e1667135e2,GPT-2 XL,gpt2,1557611200,txi95_fluency05_n200_r1,current_candidate,q_03_qf_01,False,True,17.822813987731934,18.001042127609253,0.056107862691510725,-2.8804793213453808,3.0,0.31622776601683794,1.0,0.03162277660168379,0.31622776601683794,0.03162277660168379,truthfulqa_txi_fluency_composite,200,1,kaz-raw-reduced-covariance-v1,full-reduced-state-9375fe0c3b9727de,raw,14.270605087280273,1.031637191772461,22.648494720458984,9.302972793579102,18.092445373535156,2.5129246711730957,24,True,benchmarks/truthfulness/cache/gpt2_xl/calibrations/h_infinity/txi95_fluency05_n200_r1/grid/controllers/q_03_qf_01.pt,36398a6bcdf9c247dcce85b7bd0b280050214a0ec442d8a29b6bd2e7e74d565a,benchmarks/truthfulness/cache/gpt2_xl/calibrations/h_infinity/txi95_fluency05_n200_r1/selection.json
truthfulness,gpt2_xl,openai-community/gpt2-xl,15ea56dee5df4983c59b2538573817e1667135e2,GPT-2 XL,gpt2,1557611200,txi95_fluency05_n200_r1,current_candidate,q_03_qf_02,False,True,30.839061737060547,31.147452354431152,0.03242640805761803,-3.428782124661004,3.0,0.31622776601683794,1.0,0.1,0.31622776601683794,0.1,truthfulqa_txi_fluency_composite,200,1,kaz-raw-reduced-covariance-v1,full-reduced-state-9375fe0c3b9727de,raw,19.11639404296875,1.1000480651855469,50.725852966308594,5.522517204284668,18.075347900390625,2.510551929473877,24,True,benchmarks/truthfulness/cache/gpt2_xl/calibrations/h_infinity/txi95_fluency05_n200_r1/grid/controllers/q_03_qf_02.pt,76eef2cc489475094cec4556b8c6f78d436c43521f1431ebecbd77c68860e280,benchmarks/truthfulness/cache/gpt2_xl/calibrations/h_infinity/txi95_fluency05_n200_r1/selection.json
truthfulness,gpt2_xl,openai-community/gpt2-xl,15ea56dee5df4983c59b2538573817e1667135e2,GPT-2 XL,gpt2,1557611200,txi95_fluency05_n200_r1,current_candidate,q_03_qf_03,False,True,54.840463399887085,55.388868033885956,0.018234710978063305,-4.004428304692823,3.0,0.31622776601683794,1.0,0.31622776601683794,0.31622776601683794,0.31622776601683794,truthfulqa_txi_fluency_composite,200,1,kaz-raw-reduced-covariance-v1,full-reduced-state-9375fe0c3b9727de,raw,60.45068359375,1.3163801431655884,50.726402282714844,12.951311111450195,18.069499969482422,2.5097413063049316,24,True,benchmarks/truthfulness/cache/gpt2_xl/calibrations/h_infinity/txi95_fluency05_n200_r1/grid/controllers/q_03_qf_03.pt,afe683560dfd4fbbd5913af73bd2ec1790a89b466c489779187e5ab1bf047021,benchmarks/truthfulness/cache/gpt2_xl/calibrations/h_infinity/txi95_fluency05_n200_r1/selection.json
truthfulness,gpt2_xl,openai-community/gpt2-xl,15ea56dee5df4983c59b2538573817e1667135e2,GPT-2 XL,gpt2,1557611200,txi95_fluency05_n200_r1,current_candidate,q_04_qf_00,False,True,28.488880395889282,28.773769199848175,0.03510141452046294,-3.3495138495940404,3.0,1.0,1.0,0.01,1.0,0.01,truthfulqa_txi_fluency_composite,200,1,kaz-raw-reduced-covariance-v1,full-reduced-state-9375fe0c3b9727de,raw,16.317588806152344,1.0100003480911255,50.58816146850586,25.99122428894043,36.86085510253906,4.76585054397583,24,True,benchmarks/truthfulness/cache/gpt2_xl/calibrations/h_infinity/txi95_fluency05_n200_r1/grid/controllers/q_04_qf_00.pt,3ceb4079889eb8692afc4c3992608e08fa1ba74acf5879bd2c0b5e2b7a18bdba,benchmarks/truthfulness/cache/gpt2_xl/calibrations/h_infinity/txi95_fluency05_n200_r1/selection.json
truthfulness,gpt2_xl,openai-community/gpt2-xl,15ea56dee5df4983c59b2538573817e1667135e2,GPT-2 XL,gpt2,1557611200,txi95_fluency05_n200_r1,current_candidate,q_04_qf_01,False,True,28.791052103042603,29.07896262407303,0.03473301345227051,-3.3600646480009173,3.0,1.0,1.0,0.03162277660168379,1.0,0.03162277660168379,truthfulqa_txi_fluency_composite,200,1,kaz-raw-reduced-covariance-v1,full-reduced-state-9375fe0c3b9727de,raw,16.726444244384766,1.0316283702850342,50.404972076416016,26.37091064453125,36.86001205444336,4.765746593475342,24,True,benchmarks/truthfulness/cache/gpt2_xl/calibrations/h_infinity/txi95_fluency05_n200_r1/grid/controllers/q_04_qf_01.pt,34c532ca372b47c5c0d45e00908cdf2da7157d8daa434899e88f3dd5a1b4c42a,benchmarks/truthfulness/cache/gpt2_xl/calibrations/h_infinity/txi95_fluency05_n200_r1/selection.json
truthfulness,gpt2_xl,openai-community/gpt2-xl,15ea56dee5df4983c59b2538573817e1667135e2,GPT-2 XL,gpt2,1557611200,txi95_fluency05_n200_r1,current_candidate,q_04_qf_02,False,True,31.063127517700195,31.373758792877197,0.032192508607840155,-3.436021505429863,3.0,1.0,1.0,0.1,1.0,0.1,truthfulqa_txi_fluency_composite,200,1,kaz-raw-reduced-covariance-v1,full-reduced-state-9375fe0c3b9727de,raw,33.26531982421875,1.1000477075576782,29.5756778717041,17.32366180419922,36.854434967041016,4.7650580406188965,24,True,benchmarks/truthfulness/cache/gpt2_xl/calibrations/h_infinity/txi95_fluency05_n200_r1/grid/controllers/q_04_qf_02.pt,a9450ee2bfa221dc9cc92f4df47bc0568ac523910fca500d3650519a0d369724,benchmarks/truthfulness/cache/gpt2_xl/calibrations/h_infinity/txi95_fluency05_n200_r1/selection.json
truthfulness,gpt2_xl,openai-community/gpt2-xl,15ea56dee5df4983c59b2538573817e1667135e2,GPT-2 XL,gpt2,1557611200,txi95_fluency05_n200_r1,current_candidate,q_04_qf_03,False,True,54.840463399887085,55.388868033885956,0.018234710978063305,-4.004428304692823,3.0,1.0,1.0,0.31622776601683794,1.0,0.31622776601683794,truthfulqa_txi_fluency_composite,200,1,kaz-raw-reduced-covariance-v1,full-reduced-state-9375fe0c3b9727de,raw,60.45068359375,1.3163801431655884,50.726402282714844,12.951311111450195,36.831424713134766,4.762214183807373,24,True,benchmarks/truthfulness/cache/gpt2_xl/calibrations/h_infinity/txi95_fluency05_n200_r1/grid/controllers/q_04_qf_03.pt,089a23910f998ee800bb7a7d10fb2a6dd7ce1f55139e16f41d82f0775866b33a,benchmarks/truthfulness/cache/gpt2_xl/calibrations/h_infinity/txi95_fluency05_n200_r1/selection.json
truthfulness,gpt2_xl,openai-community/gpt2-xl,15ea56dee5df4983c59b2538573817e1667135e2,GPT-2 XL,gpt2,1557611200,txi95_fluency05_n200_r1,current_candidate,q_05_qf_00,False,True,50.50063729286194,51.00564366579056,0.019801730306903395,-3.9219859558623194,3.0,3.1622776601683795,1.0,0.01,3.1622776601683795,0.01,truthfulqa_txi_fluency_composite,200,1,kaz-raw-reduced-covariance-v1,full-reduced-state-9375fe0c3b9727de,raw,51.2629280090332,1.0099998712539673,50.59907913208008,38.75658416748047,57.60950469970703,6.984561920166016,24,True,benchmarks/truthfulness/cache/gpt2_xl/calibrations/h_infinity/txi95_fluency05_n200_r1/grid/controllers/q_05_qf_00.pt,8874bdcd4bf995af4f94a0bc7a25bce20a1dae69d6f55d5c8acea0400d1b137d,benchmarks/truthfulness/cache/gpt2_xl/calibrations/h_infinity/txi95_fluency05_n200_r1/selection.json
truthfulness,gpt2_xl,openai-community/gpt2-xl,15ea56dee5df4983c59b2538573817e1667135e2,GPT-2 XL,gpt2,1557611200,txi95_fluency05_n200_r1,current_candidate,q_05_qf_01,False,True,50.656187534332275,51.1627494096756,0.019740925021691558,-3.925061385806647,3.0,3.1622776601683795,1.0,0.03162277660168379,3.1622776601683795,0.03162277660168379,truthfulqa_txi_fluency_composite,200,1,kaz-raw-reduced-covariance-v1,full-reduced-state-9375fe0c3b9727de,raw,51.58997344970703,1.031624436378479,50.588714599609375,38.884117126464844,57.60935974121094,6.984539985656738,24,True,benchmarks/truthfulness/cache/gpt2_xl/calibrations/h_infinity/txi95_fluency05_n200_r1/grid/controllers/q_05_qf_01.pt,dae807f8ee3715225335be7ee5760944a57f74e06de37e621193d0ad79c48148,benchmarks/truthfulness/cache/gpt2_xl/calibrations/h_infinity/txi95_fluency05_n200_r1/selection.json
truthfulness,gpt2_xl,openai-community/gpt2-xl,15ea56dee5df4983c59b2538573817e1667135e2,GPT-2 XL,gpt2,1557611200,txi95_fluency05_n200_r1,current_candidate,q_05_qf_02,False,True,51.145344972610474,51.65679842233658,0.019552121518302854,-3.9346714808781185,3.0,3.1622776601683795,1.0,0.1,3.1622776601683795,0.1,truthfulqa_txi_fluency_composite,200,1,kaz-raw-reduced-covariance-v1,full-reduced-state-9375fe0c3b9727de,raw,52.749778747558594,1.1000175476074219,50.4373893737793,39.36711502075195,57.6087532043457,6.984476089477539,24,True,benchmarks/truthfulness/cache/gpt2_xl/calibrations/h_infinity/txi95_fluency05_n200_r1/grid/controllers/q_05_qf_02.pt,740177694f540cf3e1428957ba5c060b242fc7942edd13cdf9270adc959834f9,benchmarks/truthfulness/cache/gpt2_xl/calibrations/h_infinity/txi95_fluency05_n200_r1/selection.json
truthfulness,gpt2_xl,openai-community/gpt2-xl,15ea56dee5df4983c59b2538573817e1667135e2,GPT-2 XL,gpt2,1557611200,txi95_fluency05_n200_r1,current_candidate,q_05_qf_03,False,True,54.840463399887085,55.388868033885956,0.018234710978063305,-4.004428304692823,3.0,3.1622776601683795,1.0,0.31622776601683794,3.1622776601683795,0.31622776601683794,truthfulqa_txi_fluency_composite,200,1,kaz-raw-reduced-covariance-v1,full-reduced-state-9375fe0c3b9727de,raw,60.45068359375,1.3163801431655884,50.726402282714844,12.951311111450195,57.60517120361328,6.984032154083252,24,True,benchmarks/truthfulness/cache/gpt2_xl/calibrations/h_infinity/txi95_fluency05_n200_r1/grid/controllers/q_05_qf_03.pt,acc035ced896c96f256becea959221901206dc5b09ee9875a3a4f4d19c7865b6,benchmarks/truthfulness/cache/gpt2_xl/calibrations/h_infinity/txi95_fluency05_n200_r1/selection.json
truthfulness,gpt2_xl,openai-community/gpt2-xl,15ea56dee5df4983c59b2538573817e1667135e2,GPT-2 XL,gpt2,1557611200,txi95_fluency05_n200_r1,current_candidate,q_06_qf_00,False,True,89.71585631370544,90.6130148768425,0.011146301680533979,-4.496647523941076,3.0,10.0,1.0,0.01,10.0,0.01,truthfulqa_txi_fluency_composite,200,1,kaz-raw-reduced-covariance-v1,full-reduced-state-9375fe0c3b9727de,raw,161.78515625,1.0100001096725464,50.600128173828125,46.11479949951172,79.6270751953125,8.284460067749023,24,True,benchmarks/truthfulness/cache/gpt2_xl/calibrations/h_infinity/txi95_fluency05_n200_r1/grid/controllers/q_06_qf_00.pt,4ad3460df18f0326386d9e063d70fd15330fc50bf23c20c375e655ce72ccb30b,benchmarks/truthfulness/cache/gpt2_xl/calibrations/h_infinity/txi95_fluency05_n200_r1/selection.json
truthfulness,gpt2_xl,openai-community/gpt2-xl,15ea56dee5df4983c59b2538573817e1667135e2,GPT-2 XL,gpt2,1557611200,txi95_fluency05_n200_r1,current_candidate,q_06_qf_01,False,True,89.80152010917664,90.6995353102684,0.01113566895954818,-4.497601902883998,3.0,10.0,1.0,0.03162277660168379,10.0,0.03162277660168379,truthfulqa_txi_fluency_composite,200,1,kaz-raw-reduced-covariance-v1,full-reduced-state-9375fe0c3b9727de,raw,162.09762573242188,1.0316234827041626,50.5991325378418,46.14286422729492,79.62705993652344,8.28445816040039,24,True,benchmarks/truthfulness/cache/gpt2_xl/calibrations/h_infinity/txi95_fluency05_n200_r1/grid/controllers/q_06_qf_01.pt,176c0af9d6a9f4a6f18878b84a1f73ae97d5b16ca2a80eb096dfb267c8b3a0fa,benchmarks/truthfulness/cache/gpt2_xl/calibrations/h_infinity/txi95_fluency05_n200_r1/selection.json
truthfulness,gpt2_xl,openai-community/gpt2-xl,15ea56dee5df4983c59b2538573817e1667135e2,GPT-2 XL,gpt2,1557611200,txi95_fluency05_n200_r1,current_candidate,q_06_qf_02,False,True,90.05507230758667,90.95562303066254,0.011104316218685165,-4.500421397715651,3.0,10.0,1.0,0.1,10.0,0.1,truthfulqa_txi_fluency_composite,200,1,kaz-raw-reduced-covariance-v1,full-reduced-state-9375fe0c3b9727de,raw,163.0446014404297,1.1000057458877563,50.58992385864258,46.25864791870117,79.62700653076172,8.284448623657227,24,True,benchmarks/truthfulness/cache/gpt2_xl/calibrations/h_infinity/txi95_fluency05_n200_r1/grid/controllers/q_06_qf_02.pt,9428aa14602527dc9c7e69a19bafdfdd0899149110442ed605bfb4e3e6c88a57,benchmarks/truthfulness/cache/gpt2_xl/calibrations/h_infinity/txi95_fluency05_n200_r1/selection.json
truthfulness,gpt2_xl,openai-community/gpt2-xl,15ea56dee5df4983c59b2538573817e1667135e2,GPT-2 XL,gpt2,1557611200,txi95_fluency05_n200_r1,current_candidate,q_06_qf_03,False,True,90.72336554527283,91.63059920072556,0.011022518774405249,-4.5078149374535,3.0,10.0,1.0,0.31622776601683794,10.0,0.31622776601683794,truthfulqa_txi_fluency_composite,200,1,kaz-raw-reduced-covariance-v1,full-reduced-state-9375fe0c3b9727de,raw,165.76959228515625,1.3162834644317627,50.5001220703125,46.67951583862305,79.62692260742188,8.284425735473633,24,True,benchmarks/truthfulness/cache/gpt2_xl/calibrations/h_infinity/txi95_fluency05_n200_r1/grid/controllers/q_06_qf_03.pt,4aa931962c2ae62fc3b870340eea0abbf8bcf68207f54052168ab83ab93892ca,benchmarks/truthfulness/cache/gpt2_xl/calibrations/h_infinity/txi95_fluency05_n200_r1/selection.json
truthfulness,gpt2_xl,openai-community/gpt2-xl,15ea56dee5df4983c59b2538573817e1667135e2,GPT-2 XL,gpt2,1557611200,txi95_fluency05_n200_r1,current_candidate,q_07_qf_00,False,True,159.4904661178589,161.08537077903748,0.00626996725472624,-5.071984146882645,3.0,31.622776601683793,1.0,0.01,31.622776601683793,0.01,truthfulqa_txi_fluency_composite,200,1,kaz-raw-reduced-covariance-v1,full-reduced-state-9375fe0c3b9727de,raw,511.291015625,1.0099999904632568,50.60027313232422,49.08732223510742,132.87205505371094,8.820755004882812,25,True,benchmarks/truthfulness/cache/gpt2_xl/calibrations/h_infinity/txi95_fluency05_n200_r1/grid/controllers/q_07_qf_00.pt,71d1811a1a04673ba8ea895b6a8bd027fc3f3eef444f82bcbe0547d5a5e20235,benchmarks/truthfulness/cache/gpt2_xl/calibrations/h_infinity/txi95_fluency05_n200_r1/selection.json
truthfulness,gpt2_xl,openai-community/gpt2-xl,15ea56dee5df4983c59b2538573817e1667135e2,GPT-2 XL,gpt2,1557611200,txi95_fluency05_n200_r1,current_candidate,q_07_qf_01,False,True,159.53834056854248,161.1337239742279,0.006268085755664294,-5.072284273078397,3.0,31.622776601683793,1.0,0.03162277660168379,31.622776601683793,0.03162277660168379,truthfulqa_txi_fluency_composite,200,1,kaz-raw-reduced-covariance-v1,full-reduced-state-9375fe0c3b9727de,raw,511.59765625,1.0316226482391357,50.600341796875,49.09434509277344,132.87196350097656,8.820755004882812,25,True,benchmarks/truthfulness/cache/gpt2_xl/calibrations/h_infinity/txi95_fluency05_n200_r1/grid/controllers/q_07_qf_01.pt,7aa6fd36b2efe0a06ab2d53bae7e202b40f57e97ede230f80f3c6b765c1804ba,benchmarks/truthfulness/cache/gpt2_xl/calibrations/h_infinity/txi95_fluency05_n200_r1/selection.json
truthfulness,gpt2_xl,openai-community/gpt2-xl,15ea56dee5df4983c59b2538573817e1667135e2,GPT-2 XL,gpt2,1557611200,txi95_fluency05_n200_r1,current_candidate,q_07_qf_02,False,True,159.67814922332764,161.2749307155609,0.006262597636959011,-5.07316022196071,3.0,31.622776601683793,1.0,0.1,31.622776601683793,0.1,truthfulqa_txi_fluency_composite,200,1,kaz-raw-reduced-covariance-v1,full-reduced-state-9375fe0c3b9727de,raw,512.5097045898438,1.100001573562622,50.59891891479492,49.117313385009766,132.87191772460938,8.820755004882812,25,True,benchmarks/truthfulness/cache/gpt2_xl/calibrations/h_infinity/txi95_fluency05_n200_r1/grid/controllers/q_07_qf_02.pt,58f1abb88a57607188aba3402b59535e66af3e1fad2df8e8bf6d96aa84e34388,benchmarks/truthfulness/cache/gpt2_xl/calibrations/h_infinity/txi95_fluency05_n200_r1/selection.json
truthfulness,gpt2_xl,openai-community/gpt2-xl,15ea56dee5df4983c59b2538573817e1667135e2,GPT-2 XL,gpt2,1557611200,txi95_fluency05_n200_r1,current_candidate,q_07_qf_03,False,True,160.03004908561707,161.63034957647324,0.006248826427997868,-5.0753616043854475,3.0,31.622776601683793,1.0,0.31622776601683794,31.622776601683793,0.31622776601683794,truthfulqa_txi_fluency_composite,200,1,kaz-raw-reduced-covariance-v1,full-reduced-state-9375fe0c3b9727de,raw,514.8274536132812,1.3162455558776855,50.59352111816406,49.201114654541016,132.87217712402344,8.820751190185547,25,True,benchmarks/truthfulness/cache/gpt2_xl/calibrations/h_infinity/txi95_fluency05_n200_r1/grid/controllers/q_07_qf_03.pt,fca0c4aa1011721c241f6d58ce1afb739f1a29f82f57768a1f1ff8462d2af208,benchmarks/truthfulness/cache/gpt2_xl/calibrations/h_infinity/txi95_fluency05_n200_r1/selection.json
truthfulness,llama31_8b,meta-llama/Meta-Llama-3-8B,8cde5ca8380496c9a6cc7ef3a8b46a0372a1d920,Llama-3-8B,llama,8030261248,txi_fluency_95_05,current_candidate,q_00_qf_00,False,True,0.9036719799041748,0.9127086997032166,1.1065962232291853,0.10128883852573663,2.0,0.01,1.0,0.01,0.01,0.01,truthfulqa_txi_fluency_composite,50,1,kaz-raw-reduced-covariance-v1,full-reduced-state-ae57d472c806cfc2,raw,0.08837354183197021,1.0101318359375,9.30370807647705,3.693606376647949,1.1781293153762817,0.9257296919822693,24,True,benchmarks/truthfulness/cache/llama8b/calibrations/h_infinity/txi_fluency_95_05/grid/controllers/q_00_qf_00.pt,4bb884f16ce947c8c75eaa7b6b83d7edac831b9f7fd7b7f6b212b06b2e60d12c,benchmarks/truthfulness/cache/llama8b/calibrations/h_infinity/txi_fluency_95_05/selection.json
truthfulness,llama31_8b,meta-llama/Meta-Llama-3-8B,8cde5ca8380496c9a6cc7ef3a8b46a0372a1d920,Llama-3-8B,llama,8030261248,txi_fluency_95_05,current_candidate,q_00_qf_01,False,True,1.588982343673706,1.6048721671104431,0.6293336134170083,-0.4630937758966874,2.0,0.01,1.0,0.03162277660168379,0.01,0.03162277660168379,truthfulqa_txi_fluency_composite,50,1,kaz-raw-reduced-covariance-v1,full-reduced-state-ae57d472c806cfc2,raw,0.22078156471252441,1.0100587606430054,11.51069450378418,9.145010948181152,1.4451385736465454,1.138861894607544,24,True,benchmarks/truthfulness/cache/llama8b/calibrations/h_infinity/txi_fluency_95_05/grid/controllers/q_00_qf_01.pt,ff935be5c51061c2cf1f45d6059aa91633a838704fc91d29b6f253ebc9e8fbc4,benchmarks/truthfulness/cache/llama8b/calibrations/h_infinity/txi_fluency_95_05/selection.json
truthfulness,llama31_8b,meta-llama/Meta-Llama-3-8B,8cde5ca8380496c9a6cc7ef3a8b46a0372a1d920,Llama-3-8B,llama,8030261248,txi_fluency_95_05,current_candidate,q_00_qf_02,False,True,2.735847234725952,2.7632057070732117,0.36551748478754853,-1.0064411629404755,2.0,0.01,1.0,0.1,0.01,0.1,truthfulqa_txi_fluency_composite,50,1,kaz-raw-reduced-covariance-v1,full-reduced-state-ae57d472c806cfc2,raw,0.18866968154907227,1.0100208520889282,39.89484786987305,24.980083465576172,4.20727014541626,1.8517210483551025,24,True,benchmarks/truthfulness/cache/llama8b/calibrations/h_infinity/txi_fluency_95_05/grid/controllers/q_00_qf_02.pt,8290b9eb555c0c020ff7f02347c3765a706bf892d5047abe1f57c116e6436522,benchmarks/truthfulness/cache/llama8b/calibrations/h_infinity/txi_fluency_95_05/selection.json
truthfulness,llama31_8b,meta-llama/Meta-Llama-3-8B,8cde5ca8380496c9a6cc7ef3a8b46a0372a1d920,Llama-3-8B,llama,8030261248,txi_fluency_95_05,current_candidate,q_00_qf_03,False,True,4.852664470672607,4.9011911153793335,0.20607235592808135,-1.5795279294943896,2.0,0.01,1.0,0.31622776601683794,0.01,0.31622776601683794,truthfulqa_txi_fluency_composite,50,1,kaz-raw-reduced-covariance-v1,full-reduced-state-ae57d472c806cfc2,raw,0.4733448326587677,1.0100088119506836,50.02488327026367,12.907423973083496,5.119148254394531,2.3182570934295654,24,True,benchmarks/truthfulness/cache/llama8b/calibrations/h_infinity/txi_fluency_95_05/grid/controllers/q_00_qf_03.pt,bf01d2fa77ce80126770d0b5485862e0f40f1fee1bc9ee1ea209cb67ab90c5ea,benchmarks/truthfulness/cache/llama8b/calibrations/h_infinity/txi_fluency_95_05/selection.json
truthfulness,llama31_8b,meta-llama/Meta-Llama-3-8B,8cde5ca8380496c9a6cc7ef3a8b46a0372a1d920,Llama-3-8B,llama,8030261248,txi_fluency_95_05,current_candidate,q_01_qf_00,False,True,0.9057104587554932,0.9147675633430481,1.1041056116035879,0.09903560596393014,2.0,0.03162277660168379,1.0,0.01,0.03162277660168379,0.01,truthfulqa_txi_fluency_composite,50,1,kaz-raw-reduced-covariance-v1,full-reduced-state-ae57d472c806cfc2,raw,0.09213602542877197,1.0101312398910522,8.964615821838379,3.847332000732422,1.2444745302200317,0.9536669850349426,24,True,benchmarks/truthfulness/cache/llama8b/calibrations/h_infinity/txi_fluency_95_05/grid/controllers/q_01_qf_00.pt,374aaddcb8beadb68dbf13d27c7a82096ae7617f120cbed2132ccce11caa10a4,benchmarks/truthfulness/cache/llama8b/calibrations/h_infinity/txi_fluency_95_05/selection.json
truthfulness,llama31_8b,meta-llama/Meta-Llama-3-8B,8cde5ca8380496c9a6cc7ef3a8b46a0372a1d920,Llama-3-8B,llama,8030261248,txi_fluency_95_05,current_candidate,q_01_qf_01,False,True,1.5900790691375732,1.605979859828949,0.6288995430537803,-0.46378374401303524,2.0,0.03162277660168379,1.0,0.03162277660168379,0.03162277660168379,0.03162277660168379,truthfulqa_txi_fluency_composite,50,1,kaz-raw-reduced-covariance-v1,full-reduced-state-ae57d472c806cfc2,raw,0.22433829307556152,1.0320487022399902,11.344056129455566,9.17067813873291,1.4929898977279663,1.1517877578735352,24,True,benchmarks/truthfulness/cache/llama8b/calibrations/h_infinity/txi_fluency_95_05/grid/controllers/q_01_qf_01.pt,77029908e806e68c714e940a1efccc5a279ce64ba050a177dd7fdc5c53193e8f,benchmarks/truthfulness/cache/llama8b/calibrations/h_infinity/txi_fluency_95_05/selection.json
truthfulness,llama31_8b,meta-llama/Meta-Llama-3-8B,8cde5ca8380496c9a6cc7ef3a8b46a0372a1d920,Llama-3-8B,llama,8030261248,txi_fluency_95_05,current_candidate,q_01_qf_02,False,True,2.7364730834960938,2.7638378143310547,0.3654338886178295,-1.0066698954475204,2.0,0.03162277660168379,1.0,0.1,0.03162277660168379,0.1,truthfulqa_txi_fluency_composite,50,1,kaz-raw-reduced-covariance-v1,full-reduced-state-ae57d472c806cfc2,raw,0.19216346740722656,1.0318206548690796,39.18769073486328,24.66998291015625,4.220856666564941,1.8453524112701416,24,True,benchmarks/truthfulness/cache/llama8b/calibrations/h_infinity/txi_fluency_95_05/grid/controllers/q_01_qf_02.pt,8cf8e602d55f52d5398c48a4d77974d92c6554f36f31ca052cac85983f50821b,benchmarks/truthfulness/cache/llama8b/calibrations/h_infinity/txi_fluency_95_05/selection.json
truthfulness,llama31_8b,meta-llama/Meta-Llama-3-8B,8cde5ca8380496c9a6cc7ef3a8b46a0372a1d920,Llama-3-8B,llama,8030261248,txi_fluency_95_05,current_candidate,q_01_qf_03,False,True,4.852664470672607,4.9011911153793335,0.20607235592808135,-1.5795279294943896,2.0,0.03162277660168379,1.0,0.31622776601683794,0.03162277660168379,0.31622776601683794,truthfulqa_txi_fluency_composite,50,1,kaz-raw-reduced-covariance-v1,full-reduced-state-ae57d472c806cfc2,raw,0.4733448326587677,1.031687617301941,50.02488327026367,12.907423973083496,5.153453826904297,2.3182570934295654,24,True,benchmarks/truthfulness/cache/llama8b/calibrations/h_infinity/txi_fluency_95_05/grid/controllers/q_01_qf_03.pt,9dbfeaac0c3730c2cacaaeb8f87cc1902941e6369a69fb20f2080ca9e5ec42e4,benchmarks/truthfulness/cache/llama8b/calibrations/h_infinity/txi_fluency_95_05/selection.json
truthfulness,llama31_8b,meta-llama/Meta-Llama-3-8B,8cde5ca8380496c9a6cc7ef3a8b46a0372a1d920,Llama-3-8B,llama,8030261248,txi_fluency_95_05,current_candidate,q_02_qf_00,False,True,0.9134292602539062,0.9225635528564453,1.0947755272499478,0.09054934430826014,2.0,0.1,1.0,0.01,0.1,0.01,truthfulqa_txi_fluency_composite,50,1,kaz-raw-reduced-covariance-v1,full-reduced-state-ae57d472c806cfc2,raw,0.10279600322246552,1.0101293325424194,8.222923278808594,4.448039531707764,1.4995132684707642,1.054851770401001,24,True,benchmarks/truthfulness/cache/llama8b/calibrations/h_infinity/txi_fluency_95_05/grid/controllers/q_02_qf_00.pt,d4dcacf68c35fabcf796be1b26c6d0ae579a83ab834afccb9cc4c91309b4b11b,benchmarks/truthfulness/cache/llama8b/calibrations/h_infinity/txi_fluency_95_05/selection.json
truthfulness,llama31_8b,meta-llama/Meta-Llama-3-8B,8cde5ca8380496c9a6cc7ef3a8b46a0372a1d920,Llama-3-8B,llama,8030261248,txi_fluency_95_05,current_candidate,q_02_qf_01,False,True,1.5937566757202148,1.609694242477417,0.6274483522072793,-0.46609391860302035,2.0,0.1,1.0,0.03162277660168379,0.1,0.03162277660168379,truthfulqa_txi_fluency_composite,50,1,kaz-raw-reduced-covariance-v1,full-reduced-state-ae57d472c806cfc2,raw,0.2362823486328125,1.0320465564727783,10.821163177490234,9.25727367401123,1.682823657989502,1.202883005142212,24,True,benchmarks/truthfulness/cache/llama8b/calibrations/h_infinity/txi_fluency_95_05/grid/controllers/q_02_qf_01.pt,82be18fb6c4da744dc5f0886cb41ad286ddbcd5b6f5a3c9b2c9ac503378501df,benchmarks/truthfulness/cache/llama8b/calibrations/h_infinity/txi_fluency_95_05/selection.json
truthfulness,llama31_8b,meta-llama/Meta-Llama-3-8B,8cde5ca8380496c9a6cc7ef3a8b46a0372a1d920,Llama-3-8B,llama,8030261248,txi_fluency_95_05,current_candidate,q_02_qf_02,False,True,2.738499641418457,2.7658846378326416,0.36516345844107223,-1.0074101943007712,2.0,0.1,1.0,0.1,0.1,0.1,truthfulqa_txi_fluency_composite,50,1,kaz-raw-reduced-covariance-v1,full-reduced-state-ae57d472c806cfc2,raw,0.20348167419433594,1.1014368534088135,37.06359100341797,23.75061798095703,4.268325328826904,1.8250726461410522,24,True,benchmarks/truthfulness/cache/llama8b/calibrations/h_infinity/txi_fluency_95_05/grid/controllers/q_02_qf_02.pt,c47b45e9e497ed876dc64727d28326efcb278fa7684cf2389a159b9645fdc8aa,benchmarks/truthfulness/cache/llama8b/calibrations/h_infinity/txi_fluency_95_05/selection.json
truthfulness,llama31_8b,meta-llama/Meta-Llama-3-8B,8cde5ca8380496c9a6cc7ef3a8b46a0372a1d920,Llama-3-8B,llama,8030261248,txi_fluency_95_05,current_candidate,q_02_qf_03,True,True,4.852664470672607,4.9011911153793335,0.20607235592808135,-1.5795279294943896,2.0,0.1,1.0,0.31622776601683794,0.1,0.31622776601683794,truthfulqa_txi_fluency_composite,50,1,kaz-raw-reduced-covariance-v1,full-reduced-state-ae57d472c806cfc2,raw,0.4733448326587677,1.100628137588501,50.02488327026367,12.907423973083496,5.2651472091674805,2.3182570934295654,24,True,benchmarks/truthfulness/cache/llama8b/calibrations/h_infinity/txi_fluency_95_05/grid/controllers/q_02_qf_03.pt,380e4f81005ba3956e4642ac6f007e70e95fba1293c32708992dcb91bd57634f,benchmarks/truthfulness/cache/llama8b/calibrations/h_infinity/txi_fluency_95_05/selection.json
truthfulness,llama31_8b,meta-llama/Meta-Llama-3-8B,8cde5ca8380496c9a6cc7ef3a8b46a0372a1d920,Llama-3-8B,llama,8030261248,txi_fluency_95_05,current_candidate,q_03_qf_00,False,True,0.960320234298706,0.9699234366416931,1.041319306085715,0.04048847275033899,2.0,0.31622776601683794,1.0,0.01,0.31622776601683794,0.01,truthfulqa_txi_fluency_composite,50,1,kaz-raw-reduced-covariance-v1,full-reduced-state-ae57d472c806cfc2,raw,0.04568236321210861,1.010116457939148,20.235261917114258,8.96129322052002,2.4651336669921875,1.4667032957077026,24,True,benchmarks/truthfulness/cache/llama8b/calibrations/h_infinity/txi_fluency_95_05/grid/controllers/q_03_qf_00.pt,28a27cc0419514688f4c47e0d1d9fdc6b63416d5080c753cffa80db5703b0c7f,benchmarks/truthfulness/cache/llama8b/calibrations/h_infinity/txi_fluency_95_05/selection.json
truthfulness,llama31_8b,meta-llama/Meta-Llama-3-8B,8cde5ca8380496c9a6cc7ef3a8b46a0372a1d920,Llama-3-8B,llama,8030261248,txi_fluency_95_05,current_candidate,q_03_qf_01,False,True,1.6077041625976562,1.6237812042236328,0.6220049827974848,-0.47480717534661265,2.0,0.31622776601683794,1.0,0.03162277660168379,0.31622776601683794,0.03162277660168379,truthfulqa_txi_fluency_composite,50,1,kaz-raw-reduced-covariance-v1,full-reduced-state-ae57d472c806cfc2,raw,0.281832218170166,1.0320390462875366,9.233860969543457,9.824946403503418,2.457967519760132,1.4098389148712158,24,True,benchmarks/truthfulness/cache/llama8b/calibrations/h_infinity/txi_fluency_95_05/grid/controllers/q_03_qf_01.pt,3507916f0e5abd0ec5ccba7f0896ca972cf87fe35fefc27086f55523fffd22d2,benchmarks/truthfulness/cache/llama8b/calibrations/h_infinity/txi_fluency_95_05/selection.json
truthfulness,llama31_8b,meta-llama/Meta-Llama-3-8B,8cde5ca8380496c9a6cc7ef3a8b46a0372a1d920,Llama-3-8B,llama,8030261248,txi_fluency_95_05,current_candidate,q_03_qf_02,False,True,2.745288610458374,2.7727414965629578,0.3642604264595089,-1.0098862098566213,2.0,0.31622776601683794,1.0,0.1,0.31622776601683794,0.1,truthfulqa_txi_fluency_composite,50,1,kaz-raw-reduced-covariance-v1,full-reduced-state-ae57d472c806cfc2,raw,0.24145936965942383,1.1014297008514404,31.391368865966797,21.427043914794922,4.46365213394165,1.7607312202453613,24,True,benchmarks/truthfulness/cache/llama8b/calibrations/h_infinity/txi_fluency_95_05/grid/controllers/q_03_qf_02.pt,29c8f172245cc60b3f07fa63be3a15ff7781f3dbdf2c8ef9dfe0967a97db063a,benchmarks/truthfulness/cache/llama8b/calibrations/h_infinity/txi_fluency_95_05/selection.json
truthfulness,llama31_8b,meta-llama/Meta-Llama-3-8B,8cde5ca8380496c9a6cc7ef3a8b46a0372a1d920,Llama-3-8B,llama,8030261248,txi_fluency_95_05,current_candidate,q_03_qf_03,False,True,4.852664470672607,4.9011911153793335,0.20607235592808135,-1.5795279294943896,2.0,0.31622776601683794,1.0,0.31622776601683794,0.31622776601683794,0.31622776601683794,truthfulqa_txi_fluency_composite,50,1,kaz-raw-reduced-covariance-v1,full-reduced-state-ae57d472c806cfc2,raw,0.4733448326587677,1.3208039999008179,50.02488327026367,12.907423973083496,5.647471904754639,2.3182570934295654,24,True,benchmarks/truthfulness/cache/llama8b/calibrations/h_infinity/txi_fluency_95_05/grid/controllers/q_03_qf_03.pt,9974cc4d0416606ac2328681c10117bfe4e806038971fcaca35cc3a5c0e92156,benchmarks/truthfulness/cache/llama8b/calibrations/h_infinity/txi_fluency_95_05/selection.json
truthfulness,llama31_8b,meta-llama/Meta-Llama-3-8B,8cde5ca8380496c9a6cc7ef3a8b46a0372a1d920,Llama-3-8B,llama,8030261248,txi_fluency_95_05,current_candidate,q_04_qf_00,False,True,1.3991892337799072,1.4131811261177063,0.71469961021534,-0.33589295013855486,2.0,1.0,1.0,0.01,1.0,0.01,truthfulqa_txi_fluency_composite,50,1,kaz-raw-reduced-covariance-v1,full-reduced-state-ae57d472c806cfc2,raw,0.04012365639209747,1.010054588317871,48.53783416748047,25.76435089111328,5.0602850914001465,2.075810432434082,24,True,benchmarks/truthfulness/cache/llama8b/calibrations/h_infinity/txi_fluency_95_05/grid/controllers/q_04_qf_00.pt,9c53c49abf8a2c877c16b7a5b239c6cf84a1aac9476315f55a4aca8f5cb3723e,benchmarks/truthfulness/cache/llama8b/calibrations/h_infinity/txi_fluency_95_05/selection.json
truthfulness,llama31_8b,meta-llama/Meta-Llama-3-8B,8cde5ca8380496c9a6cc7ef3a8b46a0372a1d920,Llama-3-8B,llama,8030261248,txi_fluency_95_05,current_candidate,q_04_qf_01,False,True,1.6938447952270508,1.7107832431793213,0.590372862270392,-0.5270009717414702,2.0,1.0,1.0,0.03162277660168379,1.0,0.03162277660168379,truthfulqa_txi_fluency_composite,50,1,kaz-raw-reduced-covariance-v1,full-reduced-state-ae57d472c806cfc2,raw,0.1380632072687149,1.0319972038269043,20.824661254882812,17.451175689697266,5.00295352935791,2.019761323928833,24,True,benchmarks/truthfulness/cache/llama8b/calibrations/h_infinity/txi_fluency_95_05/grid/controllers/q_04_qf_01.pt,cc86620e953cc9f2f073cd5a5f21bfb0350be2604fb3b4faa671df5b6b2abec9,benchmarks/truthfulness/cache/llama8b/calibrations/h_infinity/txi_fluency_95_05/selection.json
truthfulness,llama31_8b,meta-llama/Meta-Llama-3-8B,8cde5ca8380496c9a6cc7ef3a8b46a0372a1d920,Llama-3-8B,llama,8030261248,txi_fluency_95_05,current_candidate,q_04_qf_02,False,True,2.771371603012085,2.799085319042206,0.3608321593946993,-1.0193423611885035,2.0,1.0,1.0,0.1,1.0,0.1,truthfulqa_txi_fluency_composite,50,1,kaz-raw-reduced-covariance-v1,full-reduced-state-ae57d472c806cfc2,raw,0.388242244720459,1.1014026403427124,19.901290893554688,18.13919448852539,5.4440693855285645,1.974165678024292,24,True,benchmarks/truthfulness/cache/llama8b/calibrations/h_infinity/txi_fluency_95_05/grid/controllers/q_04_qf_02.pt,5ad50b5dfac24227e1eceb7caa0372d285f2c3280284922c29b06d4d5831dbe4,benchmarks/truthfulness/cache/llama8b/calibrations/h_infinity/txi_fluency_95_05/selection.json
truthfulness,llama31_8b,meta-llama/Meta-Llama-3-8B,8cde5ca8380496c9a6cc7ef3a8b46a0372a1d920,Llama-3-8B,llama,8030261248,txi_fluency_95_05,current_candidate,q_04_qf_03,False,True,4.852664470672607,4.9011911153793335,0.20607235592808135,-1.5795279294943896,2.0,1.0,1.0,0.31622776601683794,1.0,0.31622776601683794,truthfulqa_txi_fluency_composite,50,1,kaz-raw-reduced-covariance-v1,full-reduced-state-ae57d472c806cfc2,raw,0.4733448326587677,1.3208039999008179,50.02488327026367,12.907423973083496,7.071824073791504,2.3182570934295654,24,True,benchmarks/truthfulness/cache/llama8b/calibrations/h_infinity/txi_fluency_95_05/grid/controllers/q_04_qf_03.pt,2871d0637a402cc2bbc3e05ad518b3fdd678aecfb5ed23d31e71d21b4db7f7fb,benchmarks/truthfulness/cache/llama8b/calibrations/h_infinity/txi_fluency_95_05/selection.json
truthfulness,llama31_8b,meta-llama/Meta-Llama-3-8B,8cde5ca8380496c9a6cc7ef3a8b46a0372a1d920,Llama-3-8B,llama,8030261248,txi_fluency_95_05,current_candidate,q_05_qf_00,False,True,2.4573326110839844,2.481905937194824,0.4069453176543641,-0.8990764572235196,2.0,3.1622776601683795,1.0,0.01,3.1622776601683795,0.01,truthfulqa_txi_fluency_composite,50,1,kaz-raw-reduced-covariance-v1,full-reduced-state-ae57d472c806cfc2,raw,0.12149695307016373,1.0100177526474,49.426639556884766,38.09580993652344,11.702960968017578,2.5354104042053223,24,True,benchmarks/truthfulness/cache/llama8b/calibrations/h_infinity/txi_fluency_95_05/grid/controllers/q_05_qf_00.pt,e253731c08a1a12ba28ec016f2bcaca1d13a6671fe15a5625cc2f73bc27bd2a3,benchmarks/truthfulness/cache/llama8b/calibrations/h_infinity/txi_fluency_95_05/selection.json
truthfulness,llama31_8b,meta-llama/Meta-Llama-3-8B,8cde5ca8380496c9a6cc7ef3a8b46a0372a1d920,Llama-3-8B,llama,8030261248,txi_fluency_95_05,current_candidate,q_05_qf_01,False,True,2.486729621887207,2.511596918106079,0.4021345912311483,-0.9109684423399049,2.0,3.1622776601683795,1.0,0.03162277660168379,3.1622776601683795,0.03162277660168379,truthfulqa_txi_fluency_composite,50,1,kaz-raw-reduced-covariance-v1,full-reduced-state-ae57d472c806cfc2,raw,0.12656155228614807,1.0317957401275635,48.6043586730957,38.20639419555664,11.713390350341797,2.544496774673462,24,True,benchmarks/truthfulness/cache/llama8b/calibrations/h_infinity/txi_fluency_95_05/grid/controllers/q_05_qf_01.pt,a5196f8d9f47b82891e686818bcd39fe54ef4bcf7d161b03251240a51bf27fea,benchmarks/truthfulness/cache/llama8b/calibrations/h_infinity/txi_fluency_95_05/selection.json
truthfulness,llama31_8b,meta-llama/Meta-Llama-3-8B,8cde5ca8380496c9a6cc7ef3a8b46a0372a1d920,Llama-3-8B,llama,8030261248,txi_fluency_95_05,current_candidate,q_05_qf_02,False,True,2.940899133682251,2.9703081250190735,0.3400320631697139,-1.078715362377885,2.0,3.1622776601683795,1.0,0.1,3.1622776601683795,0.1,truthfulqa_txi_fluency_composite,50,1,kaz-raw-reduced-covariance-v1,full-reduced-state-ae57d472c806cfc2,raw,0.38076168298721313,1.1012433767318726,22.74382781982422,26.55354881286621,11.718778610229492,2.5459258556365967,24,True,benchmarks/truthfulness/cache/llama8b/calibrations/h_infinity/txi_fluency_95_05/grid/controllers/q_05_qf_02.pt,846619fc730c91237de544b19d8054ff0536451dcf0549e2c33971f0c597f619,benchmarks/truthfulness/cache/llama8b/calibrations/h_infinity/txi_fluency_95_05/selection.json
truthfulness,llama31_8b,meta-llama/Meta-Llama-3-8B,8cde5ca8380496c9a6cc7ef3a8b46a0372a1d920,Llama-3-8B,llama,8030261248,txi_fluency_95_05,current_candidate,q_05_qf_03,False,True,4.852664470672607,4.9011911153793335,0.20607235592808135,-1.5795279294943896,2.0,3.1622776601683795,1.0,0.31622776601683794,3.1622776601683795,0.31622776601683794,truthfulqa_txi_fluency_composite,50,1,kaz-raw-reduced-covariance-v1,full-reduced-state-ae57d472c806cfc2,raw,0.4733448326587677,1.3208039999008179,50.02488327026367,12.907423973083496,12.511293411254883,2.514946222305298,24,True,benchmarks/truthfulness/cache/llama8b/calibrations/h_infinity/txi_fluency_95_05/grid/controllers/q_05_qf_03.pt,fd8ab72db102f4c9427c19d9dda816fbb6ce37847063a374104b9cc6cdc1f43b,benchmarks/truthfulness/cache/llama8b/calibrations/h_infinity/txi_fluency_95_05/selection.json
truthfulness,llama31_8b,meta-llama/Meta-Llama-3-8B,8cde5ca8380496c9a6cc7ef3a8b46a0372a1d920,Llama-3-8B,llama,8030261248,txi_fluency_95_05,current_candidate,q_06_qf_00,False,True,4.359734058380127,4.403331398963928,0.22937178887731358,-1.4724110597162499,2.0,10.0,1.0,0.01,10.0,0.01,truthfulqa_txi_fluency_composite,50,1,kaz-raw-reduced-covariance-v1,full-reduced-state-ae57d472c806cfc2,raw,0.3820938467979431,1.0100057125091553,49.47014617919922,45.17020797729492,31.401649475097656,2.86683988571167,24,True,benchmarks/truthfulness/cache/llama8b/calibrations/h_infinity/txi_fluency_95_05/grid/controllers/q_06_qf_00.pt,97edfdc5889fd6aff719c0d99d5b8fc39da8b64726bc5643fa3f8e69c458aa16,benchmarks/truthfulness/cache/llama8b/calibrations/h_infinity/txi_fluency_95_05/selection.json
truthfulness,llama31_8b,meta-llama/Meta-Llama-3-8B,8cde5ca8380496c9a6cc7ef3a8b46a0372a1d920,Llama-3-8B,llama,8030261248,txi_fluency_95_05,current_candidate,q_06_qf_01,False,True,4.369473457336426,4.41316819190979,0.2288605274214406,-1.4746425115359272,2.0,10.0,1.0,0.03162277660168379,10.0,0.03162277660168379,truthfulqa_txi_fluency_composite,50,1,kaz-raw-reduced-covariance-v1,full-reduced-state-ae57d472c806cfc2,raw,0.3840610086917877,1.0316784381866455,49.43746566772461,45.18910217285156,31.402854919433594,2.8679375648498535,24,True,benchmarks/truthfulness/cache/llama8b/calibrations/h_infinity/txi_fluency_95_05/grid/controllers/q_06_qf_01.pt,6cad5b739d2e9bc8cec1d941f3f55c469f3cfb9b6add9d6f4a0c4a4a8fc193d4,benchmarks/truthfulness/cache/llama8b/calibrations/h_infinity/txi_fluency_95_05/selection.json
truthfulness,llama31_8b,meta-llama/Meta-Llama-3-8B,8cde5ca8380496c9a6cc7ef3a8b46a0372a1d920,Llama-3-8B,llama,8030261248,txi_fluency_95_05,current_candidate,q_06_qf_02,False,True,4.41519021987915,4.459342122077942,0.2264908079152638,-1.485050918038135,2.0,10.0,1.0,0.1,10.0,0.1,truthfulqa_txi_fluency_composite,50,1,kaz-raw-reduced-covariance-v1,full-reduced-state-ae57d472c806cfc2,raw,0.397576242685318,1.1005475521087646,48.772708892822266,45.24776077270508,31.40650177001953,2.871197462081909,24,True,benchmarks/truthfulness/cache/llama8b/calibrations/h_infinity/txi_fluency_95_05/grid/controllers/q_06_qf_02.pt,0accc95074550853665180c4d27ea8d0fe80915eb5ed257f4919d4db6127e53f,benchmarks/truthfulness/cache/llama8b/calibrations/h_infinity/txi_fluency_95_05/selection.json
truthfulness,llama31_8b,meta-llama/Meta-Llama-3-8B,8cde5ca8380496c9a6cc7ef3a8b46a0372a1d920,Llama-3-8B,llama,8030261248,txi_fluency_95_05,current_candidate,q_06_qf_03,False,True,4.928451776504517,4.977736294269562,0.20290347665920466,-1.5950248974563364,2.0,10.0,1.0,0.31622776601683794,10.0,0.31622776601683794,truthfulqa_txi_fluency_composite,50,1,kaz-raw-reduced-covariance-v1,full-reduced-state-ae57d472c806cfc2,raw,0.8293221592903137,1.3206626176834106,29.262401580810547,35.49287796020508,31.409894943237305,2.8739943504333496,24,True,benchmarks/truthfulness/cache/llama8b/calibrations/h_infinity/txi_fluency_95_05/grid/controllers/q_06_qf_03.pt,8f1d8175df697d722113477ee7455a00ee59edbe27c7db8fe37d02f411701bd6,benchmarks/truthfulness/cache/llama8b/calibrations/h_infinity/txi_fluency_95_05/selection.json
truthfulness,llama31_8b,meta-llama/Meta-Llama-3-8B,8cde5ca8380496c9a6cc7ef3a8b46a0372a1d920,Llama-3-8B,llama,8030261248,txi_fluency_95_05,current_candidate,q_07_qf_00,False,True,7.747882604598999,7.825361430644989,0.12906752090002224,-2.0474195937261666,2.0,31.622776601683793,1.0,0.01,31.622776601683793,0.01,truthfulqa_txi_fluency_composite,50,1,kaz-raw-reduced-covariance-v1,full-reduced-state-ae57d472c806cfc2,raw,1.2067015171051025,1.0100018978118896,49.472042083740234,48.02149200439453,92.70292663574219,3.0014612674713135,24,True,benchmarks/truthfulness/cache/llama8b/calibrations/h_infinity/txi_fluency_95_05/grid/controllers/q_07_qf_00.pt,cf661c75ca9a5ce5816dcc7f11088b9db689cdef98bb970cea2d7f0fa8368bb0,benchmarks/truthfulness/cache/llama8b/calibrations/h_infinity/txi_fluency_95_05/selection.json
truthfulness,llama31_8b,meta-llama/Meta-Llama-3-8B,8cde5ca8380496c9a6cc7ef3a8b46a0372a1d920,Llama-3-8B,llama,8030261248,txi_fluency_95_05,current_candidate,q_07_qf_01,False,True,7.752668857574463,7.8301955461502075,0.12898783868770383,-2.0480371528032433,2.0,31.622776601683793,1.0,0.03162277660168379,31.622776601683793,0.03162277660168379,truthfulqa_txi_fluency_composite,50,1,kaz-raw-reduced-covariance-v1,full-reduced-state-ae57d472c806cfc2,raw,1.208231806755066,1.0316404104232788,49.47040557861328,48.02138137817383,92.70313262939453,3.001579523086548,24,True,benchmarks/truthfulness/cache/llama8b/calibrations/h_infinity/txi_fluency_95_05/grid/controllers/q_07_qf_01.pt,9b3c444015c92f156ad3524ee5a47f9ae4cb8ba9b12ab5759bb8b29a1449c7fe,benchmarks/truthfulness/cache/llama8b/calibrations/h_infinity/txi_fluency_95_05/selection.json
truthfulness,llama31_8b,meta-llama/Meta-Llama-3-8B,8cde5ca8380496c9a6cc7ef3a8b46a0372a1d920,Llama-3-8B,llama,8030261248,txi_fluency_95_05,current_candidate,q_07_qf_02,False,True,7.7683985233306885,7.846082508563995,0.12872666058476767,-2.050064032882468,2.0,31.622776601683793,1.0,0.1,31.622776601683793,0.1,truthfulqa_txi_fluency_composite,50,1,kaz-raw-reduced-covariance-v1,full-reduced-state-ae57d472c806cfc2,raw,1.213828206062317,1.1001759767532349,49.44279861450195,48.02914047241211,92.70352172851562,3.0019266605377197,24,True,benchmarks/truthfulness/cache/llama8b/calibrations/h_infinity/txi_fluency_95_05/grid/controllers/q_07_qf_02.pt,e6df271d489daff0c06de6d803098303fa6af8b79674345d32938eec16657e65,benchmarks/truthfulness/cache/llama8b/calibrations/h_infinity/txi_fluency_95_05/selection.json
truthfulness,llama31_8b,meta-llama/Meta-Llama-3-8B,8cde5ca8380496c9a6cc7ef3a8b46a0372a1d920,Llama-3-8B,llama,8030261248,txi_fluency_95_05,current_candidate,q_07_qf_03,False,True,7.825136184692383,7.903387546539307,0.1277933030681576,-2.0573411400693264,2.0,31.622776601683793,1.0,0.31622776601683794,31.622776601683793,0.31622776601683794,truthfulqa_txi_fluency_composite,50,1,kaz-raw-reduced-covariance-v1,full-reduced-state-ae57d472c806cfc2,raw,1.2409666776657104,1.317972183227539,49.0772705078125,48.07499313354492,92.70447540283203,3.002805709838867,24,True,benchmarks/truthfulness/cache/llama8b/calibrations/h_infinity/txi_fluency_95_05/grid/controllers/q_07_qf_03.pt,b2e9e27a395a49de25a412b9bbc7de75c27681c16f2958ebca3c9ca90758bd23,benchmarks/truthfulness/cache/llama8b/calibrations/h_infinity/txi_fluency_95_05/selection.json
truthfulness,olmo2_32b,allenai/OLMo-2-0325-32B-Instruct,b96024342a77a69aa0dda815c3454a671f477463,OLMo-2-0325-32B-Instruct,olmo2,32234279936,txi95_fluency05_n200_r1,current_candidate,q_00_qf_00,False,True,1.2066781520843506,1.218744933605194,0.8287213937474993,-0.18787125542621924,3.0,0.01,1.0,0.01,0.01,0.01,truthfulqa_txi_fluency_composite,200,1,kaz-raw-reduced-covariance-v1,full-reduced-state-c8965206cc0ffeab,raw,0.0910300463438034,1.0100220441818237,16.281652450561523,3.5919435024261475,0.8253672122955322,0.7744130492210388,24,True,benchmarks/truthfulness/cache/olmo2_32b_instruct/calibrations/h_infinity/txi95_fluency05_n200_r1/grid/controllers/q_00_qf_00.pt,5a9f8c85bc425dabdb87583e5afb99fca4fa946d34fb2cc39a8b5dc0413a7e6f,benchmarks/truthfulness/cache/olmo2_32b_instruct/calibrations/h_infinity/txi95_fluency05_n200_r1/selection.json
truthfulness,olmo2_32b,allenai/OLMo-2-0325-32B-Instruct,b96024342a77a69aa0dda815c3454a671f477463,OLMo-2-0325-32B-Instruct,olmo2,32234279936,txi95_fluency05_n200_r1,current_candidate,q_00_qf_01,False,True,2.0077109336853027,2.0277880430221558,0.49807967034598233,-0.6969952341385955,3.0,0.01,1.0,0.03162277660168379,0.01,0.03162277660168379,truthfulqa_txi_fluency_composite,200,1,kaz-raw-reduced-covariance-v1,full-reduced-state-c8965206cc0ffeab,raw,0.08104181289672852,1.010019063949585,50.37095260620117,2.5240848064422607,0.36106470227241516,0.32570165395736694,24,True,benchmarks/truthfulness/cache/olmo2_32b_instruct/calibrations/h_infinity/txi95_fluency05_n200_r1/grid/controllers/q_00_qf_01.pt,71ec5e52992999790e33eee54c3a1b32d6ec8e86a86b180f124fbf0e951a7253,benchmarks/truthfulness/cache/olmo2_32b_instruct/calibrations/h_infinity/txi95_fluency05_n200_r1/selection.json
truthfulness,olmo2_32b,allenai/OLMo-2-0325-32B-Instruct,b96024342a77a69aa0dda815c3454a671f477463,OLMo-2-0325-32B-Instruct,olmo2,32234279936,txi95_fluency05_n200_r1,current_candidate,q_00_qf_02,False,True,3.5702645778656006,3.6059672236442566,0.28009128684738166,-1.272639704492377,3.0,0.01,1.0,0.1,0.01,0.1,truthfulqa_txi_fluency_composite,200,1,kaz-raw-reduced-covariance-v1,full-reduced-state-c8965206cc0ffeab,raw,0.2562294006347656,1.0100189447402954,50.38008117675781,5.518838882446289,0.47473064064979553,0.42797696590423584,24,True,benchmarks/truthfulness/cache/olmo2_32b_instruct/calibrations/h_infinity/txi95_fluency05_n200_r1/grid/controllers/q_00_qf_02.pt,a592f8136cfd0d08900bb2d475e068529bb1ad3ac15664036cc45b66e7096f07,benchmarks/truthfulness/cache/olmo2_32b_instruct/calibrations/h_infinity/txi95_fluency05_n200_r1/selection.json
truthfulness,olmo2_32b,allenai/OLMo-2-0325-32B-Instruct,b96024342a77a69aa0dda815c3454a671f477463,OLMo-2-0325-32B-Instruct,olmo2,32234279936,txi95_fluency05_n200_r1,current_candidate,q_00_qf_03,False,True,6.348925828933716,6.412415087223053,0.15750695896347353,-1.8482856377974588,3.0,0.01,1.0,0.31622776601683794,0.01,0.31622776601683794,truthfulqa_txi_fluency_composite,200,1,kaz-raw-reduced-covariance-v1,full-reduced-state-c8965206cc0ffeab,raw,0.81024169921875,1.010017991065979,50.38170623779297,12.929744720458984,0.90977543592453,0.8033440709114075,24,True,benchmarks/truthfulness/cache/olmo2_32b_instruct/calibrations/h_infinity/txi95_fluency05_n200_r1/grid/controllers/q_00_qf_03.pt,cd3b4bbbcfc7eb17a591b5e8385f9c70644c615f29c90f4dbdfcf6b48bf6e8e9,benchmarks/truthfulness/cache/olmo2_32b_instruct/calibrations/h_infinity/txi95_fluency05_n200_r1/selection.json
truthfulness,olmo2_32b,allenai/OLMo-2-0325-32B-Instruct,b96024342a77a69aa0dda815c3454a671f477463,OLMo-2-0325-32B-Instruct,olmo2,32234279936,txi95_fluency05_n200_r1,current_candidate,q_01_qf_00,False,True,1.6943395137786865,1.7112829089164734,0.5902004833552027,-0.5272929975051435,3.0,0.03162277660168379,1.0,0.01,0.03162277660168379,0.01,truthfulqa_txi_fluency_composite,200,1,kaz-raw-reduced-covariance-v1,full-reduced-state-c8965206cc0ffeab,raw,0.15689969062805176,1.0100324153900146,18.612388610839844,6.373589992523193,1.03523588180542,0.9367749691009521,24,True,benchmarks/truthfulness/cache/olmo2_32b_instruct/calibrations/h_infinity/txi95_fluency05_n200_r1/grid/controllers/q_01_qf_00.pt,7182d298f896e656e8c72e16d069abb5ef700f1131483bb4f6d226d8e04491b5,benchmarks/truthfulness/cache/olmo2_32b_instruct/calibrations/h_infinity/txi95_fluency05_n200_r1/selection.json
truthfulness,olmo2_32b,allenai/OLMo-2-0325-32B-Instruct,b96024342a77a69aa0dda815c3454a671f477463,OLMo-2-0325-32B-Instruct,olmo2,32234279936,txi95_fluency05_n200_r1,current_candidate,q_01_qf_01,False,True,2.018439769744873,2.0386241674423218,0.4954321724082944,-0.7023248217499203,3.0,0.03162277660168379,1.0,0.03162277660168379,0.03162277660168379,0.03162277660168379,truthfulqa_txi_fluency_composite,200,1,kaz-raw-reduced-covariance-v1,full-reduced-state-c8965206cc0ffeab,raw,0.1251063346862793,1.0316897630691528,32.981685638427734,7.754428863525391,1.0834459066390991,0.9806255102157593,24,True,benchmarks/truthfulness/cache/olmo2_32b_instruct/calibrations/h_infinity/txi95_fluency05_n200_r1/grid/controllers/q_01_qf_01.pt,8382065969d1aa5bcb8b86cc27b782d66209b1b7efb84de393d83b5522053de7,benchmarks/truthfulness/cache/olmo2_32b_instruct/calibrations/h_infinity/txi95_fluency05_n200_r1/selection.json
truthfulness,olmo2_32b,allenai/OLMo-2-0325-32B-Instruct,b96024342a77a69aa0dda815c3454a671f477463,OLMo-2-0325-32B-Instruct,olmo2,32234279936,txi95_fluency05_n200_r1,current_candidate,q_01_qf_02,False,True,3.5702645778656006,3.6059672236442566,0.28009128684738166,-1.272639704492377,3.0,0.03162277660168379,1.0,0.1,0.03162277660168379,0.1,truthfulqa_txi_fluency_composite,200,1,kaz-raw-reduced-covariance-v1,full-reduced-state-c8965206cc0ffeab,raw,0.2562294006347656,1.0316799879074097,50.38008117675781,5.518838882446289,0.658875584602356,0.558811366558075,24,True,benchmarks/truthfulness/cache/olmo2_32b_instruct/calibrations/h_infinity/txi95_fluency05_n200_r1/grid/controllers/q_01_qf_02.pt,e5c6d58fa8de97b5731437753c7356e4feb4c776e7d7d89b3f40edda1bd52cf2,benchmarks/truthfulness/cache/olmo2_32b_instruct/calibrations/h_infinity/txi95_fluency05_n200_r1/selection.json
truthfulness,olmo2_32b,allenai/OLMo-2-0325-32B-Instruct,b96024342a77a69aa0dda815c3454a671f477463,OLMo-2-0325-32B-Instruct,olmo2,32234279936,txi95_fluency05_n200_r1,current_candidate,q_01_qf_03,False,True,6.348925828933716,6.412415087223053,0.15750695896347353,-1.8482856377974588,3.0,0.03162277660168379,1.0,0.31622776601683794,0.03162277660168379,0.31622776601683794,truthfulqa_txi_fluency_composite,200,1,kaz-raw-reduced-covariance-v1,full-reduced-state-c8965206cc0ffeab,raw,0.81024169921875,1.0316766500473022,50.38170623779297,12.929744720458984,0.966404914855957,0.8033440709114075,24,True,benchmarks/truthfulness/cache/olmo2_32b_instruct/calibrations/h_infinity/txi95_fluency05_n200_r1/grid/controllers/q_01_qf_03.pt,b84fe3d01f66a0b362ddff87d00744585cd96c2814117259e135a1ad61a16b39,benchmarks/truthfulness/cache/olmo2_32b_instruct/calibrations/h_infinity/txi95_fluency05_n200_r1/selection.json
truthfulness,olmo2_32b,allenai/OLMo-2-0325-32B-Instruct,b96024342a77a69aa0dda815c3454a671f477463,OLMo-2-0325-32B-Instruct,olmo2,32234279936,txi95_fluency05_n200_r1,current_candidate,q_02_qf_00,True,True,2.571195363998413,2.596907317638397,0.38892416111272093,-0.9443709129497084,3.0,0.1,1.0,0.01,0.1,0.01,truthfulqa_txi_fluency_composite,200,1,kaz-raw-reduced-covariance-v1,full-reduced-state-c8965206cc0ffeab,raw,0.3332103490829468,1.0100141763687134,20.173015594482422,12.4207763671875,1.4329379796981812,1.1551350355148315,24,True,benchmarks/truthfulness/cache/olmo2_32b_instruct/calibrations/h_infinity/txi95_fluency05_n200_r1/grid/controllers/q_02_qf_00.pt,4ab644465539a59acbcc36e56a962a059192777ea7ad3e9d7d6c94924e7034c3,benchmarks/truthfulness/cache/olmo2_32b_instruct/calibrations/h_infinity/txi95_fluency05_n200_r1/selection.json
truthfulness,olmo2_32b,allenai/OLMo-2-0325-32B-Instruct,b96024342a77a69aa0dda815c3454a671f477463,OLMo-2-0325-32B-Instruct,olmo2,32234279936,txi95_fluency05_n200_r1,current_candidate,q_02_qf_01,False,True,2.7185022830963135,2.7456873059272766,0.3678496083001344,-1.0000810974402756,3.0,0.1,1.0,0.03162277660168379,0.1,0.03162277660168379,truthfulqa_txi_fluency_composite,200,1,kaz-raw-reduced-covariance-v1,full-reduced-state-c8965206cc0ffeab,raw,0.38913390040397644,1.0317480564117432,19.314058303833008,13.243354797363281,1.4515299797058105,1.171472191810608,24,True,benchmarks/truthfulness/cache/olmo2_32b_instruct/calibrations/h_infinity/txi95_fluency05_n200_r1/grid/controllers/q_02_qf_01.pt,396ec1a22490a7720fb28610e130ba5a3edcbb80351b63bc6b1b55cbd094e333,benchmarks/truthfulness/cache/olmo2_32b_instruct/calibrations/h_infinity/txi95_fluency05_n200_r1/selection.json
truthfulness,olmo2_32b,allenai/OLMo-2-0325-32B-Instruct,b96024342a77a69aa0dda815c3454a671f477463,OLMo-2-0325-32B-Instruct,olmo2,32234279936,txi95_fluency05_n200_r1,current_candidate,q_02_qf_02,False,True,3.5702645778656006,3.6059672236442566,0.28009128684738166,-1.272639704492377,3.0,0.1,1.0,0.1,0.1,0.1,truthfulqa_txi_fluency_composite,200,1,kaz-raw-reduced-covariance-v1,full-reduced-state-c8965206cc0ffeab,raw,0.2562294006347656,1.1001826524734497,50.38008117675781,5.518838882446289,1.2171274423599243,0.9223432540893555,24,True,benchmarks/truthfulness/cache/olmo2_32b_instruct/calibrations/h_infinity/txi95_fluency05_n200_r1/grid/controllers/q_02_qf_02.pt,84bc3bb66d4acb8465476eebf7e2f21cf731ac61893e9cbe6989c82ee0a9dc74,benchmarks/truthfulness/cache/olmo2_32b_instruct/calibrations/h_infinity/txi95_fluency05_n200_r1/selection.json
truthfulness,olmo2_32b,allenai/OLMo-2-0325-32B-Instruct,b96024342a77a69aa0dda815c3454a671f477463,OLMo-2-0325-32B-Instruct,olmo2,32234279936,txi95_fluency05_n200_r1,current_candidate,q_02_qf_03,False,True,6.348925828933716,6.412415087223053,0.15750695896347353,-1.8482856377974588,3.0,0.1,1.0,0.31622776601683794,0.1,0.31622776601683794,truthfulqa_txi_fluency_composite,200,1,kaz-raw-reduced-covariance-v1,full-reduced-state-c8965206cc0ffeab,raw,0.81024169921875,1.1001509428024292,50.38170623779297,12.929744720458984,1.2391525506973267,0.9132677912712097,24,True,benchmarks/truthfulness/cache/olmo2_32b_instruct/calibrations/h_infinity/txi95_fluency05_n200_r1/grid/controllers/q_02_qf_03.pt,86d2c320e706eb4b473be9f7bbaed201a315f68260a6dba2ddc860613ada27cd,benchmarks/truthfulness/cache/olmo2_32b_instruct/calibrations/h_infinity/txi95_fluency05_n200_r1/selection.json
truthfulness,olmo2_32b,allenai/OLMo-2-0325-32B-Instruct,b96024342a77a69aa0dda815c3454a671f477463,OLMo-2-0325-32B-Instruct,olmo2,32234279936,txi95_fluency05_n200_r1,current_candidate,q_03_qf_00,False,True,3.7627995014190674,3.800427496433258,0.2657595759813589,-1.3251632286130108,3.0,0.31622776601683794,1.0,0.01,0.31622776601683794,0.01,truthfulqa_txi_fluency_composite,200,1,kaz-raw-reduced-covariance-v1,full-reduced-state-c8965206cc0ffeab,raw,0.3268471956253052,1.0100064277648926,43.87982177734375,20.739042282104492,2.437222719192505,1.5063788890838623,24,True,benchmarks/truthfulness/cache/olmo2_32b_instruct/calibrations/h_infinity/txi95_fluency05_n200_r1/grid/controllers/q_03_qf_00.pt,e376222009ad3407e3d0ead1898801405b58efa2c4e9ec4d0252d43d59e5a690,benchmarks/truthfulness/cache/olmo2_32b_instruct/calibrations/h_infinity/txi95_fluency05_n200_r1/selection.json
truthfulness,olmo2_32b,allenai/OLMo-2-0325-32B-Instruct,b96024342a77a69aa0dda815c3454a671f477463,OLMo-2-0325-32B-Instruct,olmo2,32234279936,txi95_fluency05_n200_r1,current_candidate,q_03_qf_01,False,True,3.838050365447998,3.876430869102478,0.2605489518851779,-1.344964520336298,3.0,0.31622776601683794,1.0,0.03162277660168379,0.31622776601683794,0.03162277660168379,truthfulqa_txi_fluency_composite,200,1,kaz-raw-reduced-covariance-v1,full-reduced-state-c8965206cc0ffeab,raw,0.343536376953125,1.0316853523254395,43.440216064453125,21.264244079589844,2.450273036956787,1.5083692073822021,24,True,benchmarks/truthfulness/cache/olmo2_32b_instruct/calibrations/h_infinity/txi95_fluency05_n200_r1/grid/controllers/q_03_qf_01.pt,419a990e3226fc67a066594d06b8e4e4710c588a61822e0ca3028cdc442ea1b5,benchmarks/truthfulness/cache/olmo2_32b_instruct/calibrations/h_infinity/txi95_fluency05_n200_r1/selection.json
truthfulness,olmo2_32b,allenai/OLMo-2-0325-32B-Instruct,b96024342a77a69aa0dda815c3454a671f477463,OLMo-2-0325-32B-Instruct,olmo2,32234279936,txi95_fluency05_n200_r1,current_candidate,q_03_qf_02,False,True,4.0454864501953125,4.085941314697266,0.2471890617633192,-1.3976018029078585,3.0,0.31622776601683794,1.0,0.1,0.31622776601683794,0.1,truthfulqa_txi_fluency_composite,200,1,kaz-raw-reduced-covariance-v1,full-reduced-state-c8965206cc0ffeab,raw,0.3942784070968628,1.10056734085083,42.06558609008789,22.93220329284668,2.486959218978882,1.5403015613555908,24,True,benchmarks/truthfulness/cache/olmo2_32b_instruct/calibrations/h_infinity/txi95_fluency05_n200_r1/grid/controllers/q_03_qf_02.pt,be9b70ec6b71e2a0f3d11fe7f49fbddd03a4ad4e8d8b3a7b3289b5366aeb41eb,benchmarks/truthfulness/cache/olmo2_32b_instruct/calibrations/h_infinity/txi95_fluency05_n200_r1/selection.json
truthfulness,olmo2_32b,allenai/OLMo-2-0325-32B-Instruct,b96024342a77a69aa0dda815c3454a671f477463,OLMo-2-0325-32B-Instruct,olmo2,32234279936,txi95_fluency05_n200_r1,current_candidate,q_03_qf_03,False,True,6.348925828933716,6.412415087223053,0.15750695896347353,-1.8482856377974588,3.0,0.31622776601683794,1.0,0.31622776601683794,0.31622776601683794,0.31622776601683794,truthfulqa_txi_fluency_composite,200,1,kaz-raw-reduced-covariance-v1,full-reduced-state-c8965206cc0ffeab,raw,0.81024169921875,1.3166693449020386,50.38170623779297,12.929744720458984,2.2928547859191895,1.3395262956619263,24,True,benchmarks/truthfulness/cache/olmo2_32b_instruct/calibrations/h_infinity/txi95_fluency05_n200_r1/grid/controllers/q_03_qf_03.pt,dd829867d0ef1db3cafd43db123b68525f89d7eefd1f208a94ad85b837bcd0f7,benchmarks/truthfulness/cache/olmo2_32b_instruct/calibrations/h_infinity/txi95_fluency05_n200_r1/selection.json
truthfulness,olmo2_32b,allenai/OLMo-2-0325-32B-Instruct,b96024342a77a69aa0dda815c3454a671f477463,OLMo-2-0325-32B-Instruct,olmo2,32234279936,txi95_fluency05_n200_r1,current_candidate,q_04_qf_00,False,True,5.925661325454712,5.984917938709259,0.1687575352483149,-1.7792922969030802,3.0,1.0,1.0,0.01,1.0,0.01,truthfulqa_txi_fluency_composite,200,1,kaz-raw-reduced-covariance-v1,full-reduced-state-c8965206cc0ffeab,raw,0.7688242793083191,1.0100024938583374,46.239444732666016,32.95002365112305,4.913991451263428,2.0125319957733154,24,True,benchmarks/truthfulness/cache/olmo2_32b_instruct/calibrations/h_infinity/txi95_fluency05_n200_r1/grid/controllers/q_04_qf_00.pt,51ec43b3a435069c1ee8049567ab5211a0468960fec3f18637d5f757c6615a63,benchmarks/truthfulness/cache/olmo2_32b_instruct/calibrations/h_infinity/txi95_fluency05_n200_r1/selection.json
truthfulness,olmo2_32b,allenai/OLMo-2-0325-32B-Instruct,b96024342a77a69aa0dda815c3454a671f477463,OLMo-2-0325-32B-Instruct,olmo2,32234279936,txi95_fluency05_n200_r1,current_candidate,q_04_qf_01,False,True,5.945396423339844,6.004850387573242,0.16819736293349588,-1.7826172097261461,3.0,1.0,1.0,0.03162277660168379,1.0,0.03162277660168379,truthfulqa_txi_fluency_composite,200,1,kaz-raw-reduced-covariance-v1,full-reduced-state-c8965206cc0ffeab,raw,0.7751973271369934,1.031648874282837,46.16636276245117,33.0538330078125,4.916262149810791,2.0146002769470215,24,True,benchmarks/truthfulness/cache/olmo2_32b_instruct/calibrations/h_infinity/txi95_fluency05_n200_r1/grid/controllers/q_04_qf_01.pt,d3227b9adf08e8639c1401897ee78a05f475931c48d8378ac37d3a2452576304,benchmarks/truthfulness/cache/olmo2_32b_instruct/calibrations/h_infinity/txi95_fluency05_n200_r1/selection.json
truthfulness,olmo2_32b,allenai/OLMo-2-0325-32B-Instruct,b96024342a77a69aa0dda815c3454a671f477463,OLMo-2-0325-32B-Instruct,olmo2,32234279936,txi95_fluency05_n200_r1,current_candidate,q_04_qf_02,False,True,6.000936031341553,6.060945391654968,0.16664066985170692,-1.7919154622840976,3.0,1.0,1.0,0.1,1.0,0.1,truthfulqa_txi_fluency_composite,200,1,kaz-raw-reduced-covariance-v1,full-reduced-state-c8965206cc0ffeab,raw,0.793745219707489,1.1002569198608398,45.936927795410156,33.34268569946289,4.92269229888916,2.020462989807129,24,True,benchmarks/truthfulness/cache/olmo2_32b_instruct/calibrations/h_infinity/txi95_fluency05_n200_r1/grid/controllers/q_04_qf_02.pt,a9b70a9f8fd4b28a39b502dbc18b0bacc2488dec71d12b32e28a6ce8f3746596,benchmarks/truthfulness/cache/olmo2_32b_instruct/calibrations/h_infinity/txi95_fluency05_n200_r1/selection.json
truthfulness,olmo2_32b,allenai/OLMo-2-0325-32B-Instruct,b96024342a77a69aa0dda815c3454a671f477463,OLMo-2-0325-32B-Instruct,olmo2,32234279936,txi95_fluency05_n200_r1,current_candidate,q_04_qf_03,False,True,6.348925828933716,6.412415087223053,0.15750695896347353,-1.8482856377974588,3.0,1.0,1.0,0.31622776601683794,1.0,0.31622776601683794,truthfulqa_txi_fluency_composite,200,1,kaz-raw-reduced-covariance-v1,full-reduced-state-c8965206cc0ffeab,raw,0.81024169921875,1.3185324668884277,50.38170623779297,12.929744720458984,4.915020942687988,2.0101840496063232,24,True,benchmarks/truthfulness/cache/olmo2_32b_instruct/calibrations/h_infinity/txi95_fluency05_n200_r1/grid/controllers/q_04_qf_03.pt,43513607c58e241cef3442dcfa67030a3f2288044090e39d73c70a9b78548128,benchmarks/truthfulness/cache/olmo2_32b_instruct/calibrations/h_infinity/txi95_fluency05_n200_r1/selection.json
truthfulness,olmo2_32b,allenai/OLMo-2-0325-32B-Instruct,b96024342a77a69aa0dda815c3454a671f477463,OLMo-2-0325-32B-Instruct,olmo2,32234279936,txi95_fluency05_n200_r1,current_candidate,q_05_qf_00,False,True,9.181219339370728,9.273031532764435,0.1089179947713284,-2.2171600214513676,3.0,3.1622776601683795,1.0,0.01,3.1622776601683795,0.01,truthfulqa_txi_fluency_composite,200,1,kaz-raw-reduced-covariance-v1,full-reduced-state-c8965206cc0ffeab,raw,1.7453734874725342,1.0100011825561523,48.866878509521484,42.06663131713867,11.501297950744629,2.46056866645813,24,True,benchmarks/truthfulness/cache/olmo2_32b_instruct/calibrations/h_infinity/txi95_fluency05_n200_r1/grid/controllers/q_05_qf_00.pt,10f4e9e2df1682298be113a018be7099c63a374f04314afc694a35248dcafc9a,benchmarks/truthfulness/cache/olmo2_32b_instruct/calibrations/h_infinity/txi95_fluency05_n200_r1/selection.json
truthfulness,olmo2_32b,allenai/OLMo-2-0325-32B-Instruct,b96024342a77a69aa0dda815c3454a671f477463,OLMo-2-0325-32B-Instruct,olmo2,32234279936,txi95_fluency05_n200_r1,current_candidate,q_05_qf_01,False,True,9.18390154838562,9.275740563869476,0.1088861846712396,-2.217452119614005,3.0,3.1622776601683795,1.0,0.03162277660168379,3.1622776601683795,0.03162277660168379,truthfulqa_txi_fluency_composite,200,1,kaz-raw-reduced-covariance-v1,full-reduced-state-c8965206cc0ffeab,raw,1.746613621711731,1.0316336154937744,48.86080551147461,42.07596969604492,11.50144100189209,2.460697889328003,24,True,benchmarks/truthfulness/cache/olmo2_32b_instruct/calibrations/h_infinity/txi95_fluency05_n200_r1/grid/controllers/q_05_qf_01.pt,b17ecdc36a8b40efe0ad0d5130eb10a91e60a2fad089fa52caf895bbad84d7f1,benchmarks/truthfulness/cache/olmo2_32b_instruct/calibrations/h_infinity/txi95_fluency05_n200_r1/selection.json
truthfulness,olmo2_32b,allenai/OLMo-2-0325-32B-Instruct,b96024342a77a69aa0dda815c3454a671f477463,OLMo-2-0325-32B-Instruct,olmo2,32234279936,txi95_fluency05_n200_r1,current_candidate,q_05_qf_02,False,True,9.191566705703735,9.283482372760773,0.10879538081135395,-2.2182864012395638,3.0,3.1622776601683795,1.0,0.1,3.1622776601683795,0.1,truthfulqa_txi_fluency_composite,200,1,kaz-raw-reduced-covariance-v1,full-reduced-state-c8965206cc0ffeab,raw,1.7500442266464233,1.1001094579696655,48.84676742553711,42.105621337890625,11.5018310546875,2.4610698223114014,24,True,benchmarks/truthfulness/cache/olmo2_32b_instruct/calibrations/h_infinity/txi95_fluency05_n200_r1/grid/controllers/q_05_qf_02.pt,1925d00404121d6612ffc768b82e856b0cc15c9f290a08e522d75eb214e8f86b,benchmarks/truthfulness/cache/olmo2_32b_instruct/calibrations/h_infinity/txi95_fluency05_n200_r1/selection.json
truthfulness,olmo2_32b,allenai/OLMo-2-0325-32B-Instruct,b96024342a77a69aa0dda815c3454a671f477463,OLMo-2-0325-32B-Instruct,olmo2,32234279936,txi95_fluency05_n200_r1,current_candidate,q_05_qf_03,False,True,9.209835529327393,9.301933884620667,0.10857957200382616,-2.2202719922714316,3.0,3.1622776601683795,1.0,0.31622776601683794,3.1622776601683795,0.31622776601683794,truthfulqa_txi_fluency_composite,200,1,kaz-raw-reduced-covariance-v1,full-reduced-state-c8965206cc0ffeab,raw,1.7585625648498535,1.3173192739486694,48.8043098449707,42.16999053955078,11.502799034118652,2.461970090866089,24,True,benchmarks/truthfulness/cache/olmo2_32b_instruct/calibrations/h_infinity/txi95_fluency05_n200_r1/grid/controllers/q_05_qf_03.pt,4f46721786c3f996f9117e0376dfdf59ab1425fa36a36d062d983c6241cdca1d,benchmarks/truthfulness/cache/olmo2_32b_instruct/calibrations/h_infinity/txi95_fluency05_n200_r1/selection.json
truthfulness,olmo2_32b,allenai/OLMo-2-0325-32B-Instruct,b96024342a77a69aa0dda815c3454a671f477463,OLMo-2-0325-32B-Instruct,olmo2,32234279936,txi95_fluency05_n200_r1,current_candidate,q_06_qf_00,False,True,14.93750810623169,15.086883187294006,0.06694557036476627,-2.7038753723681808,3.0,10.0,1.0,0.01,10.0,0.01,truthfulqa_txi_fluency_composite,200,1,kaz-raw-reduced-covariance-v1,full-reduced-state-c8965206cc0ffeab,raw,4.508986473083496,1.0100003480911255,50.05162048339844,47.0427360534668,31.154272079467773,2.7402069568634033,24,True,benchmarks/truthfulness/cache/olmo2_32b_instruct/calibrations/h_infinity/txi95_fluency05_n200_r1/grid/controllers/q_06_qf_00.pt,c02e995d3e155c0fe5bf25d2966182794c5d6cd18880c57e632a7c4d5079b609,benchmarks/truthfulness/cache/olmo2_32b_instruct/calibrations/h_infinity/txi95_fluency05_n200_r1/selection.json
truthfulness,olmo2_32b,allenai/OLMo-2-0325-32B-Instruct,b96024342a77a69aa0dda815c3454a671f477463,OLMo-2-0325-32B-Instruct,olmo2,32234279936,txi95_fluency05_n200_r1,current_candidate,q_06_qf_01,False,True,14.937716722488403,15.087093889713287,0.06694463542038671,-2.703889338204951,3.0,10.0,1.0,0.03162277660168379,10.0,0.03162277660168379,truthfulqa_txi_fluency_composite,200,1,kaz-raw-reduced-covariance-v1,full-reduced-state-c8965206cc0ffeab,raw,4.508904457092285,1.03162682056427,50.05392837524414,47.04563903808594,31.154876708984375,2.7402100563049316,24,True,benchmarks/truthfulness/cache/olmo2_32b_instruct/calibrations/h_infinity/txi95_fluency05_n200_r1/grid/controllers/q_06_qf_01.pt,596b10aef2c442741f7dccb1cb6522cbace8f5204771fe44333f9f359e92faa0,benchmarks/truthfulness/cache/olmo2_32b_instruct/calibrations/h_infinity/txi95_fluency05_n200_r1/selection.json
truthfulness,olmo2_32b,allenai/OLMo-2-0325-32B-Instruct,b96024342a77a69aa0dda815c3454a671f477463,OLMo-2-0325-32B-Instruct,olmo2,32234279936,txi95_fluency05_n200_r1,current_candidate,q_06_qf_02,False,True,14.938336610794067,15.087719976902008,0.0669418574540237,-2.7039308355405485,3.0,10.0,1.0,0.1,10.0,0.1,truthfulqa_txi_fluency_composite,200,1,kaz-raw-reduced-covariance-v1,full-reduced-state-c8965206cc0ffeab,raw,4.509560585021973,1.1000412702560425,50.050811767578125,47.04437255859375,31.15662384033203,2.740219831466675,24,True,benchmarks/truthfulness/cache/olmo2_32b_instruct/calibrations/h_infinity/txi95_fluency05_n200_r1/grid/controllers/q_06_qf_02.pt,f3f795187a8bf481a64172a606816d672facbb8e9975a0c8b136f733e15f1e6c,benchmarks/truthfulness/cache/olmo2_32b_instruct/calibrations/h_infinity/txi95_fluency05_n200_r1/selection.json
truthfulness,olmo2_32b,allenai/OLMo-2-0325-32B-Instruct,b96024342a77a69aa0dda815c3454a671f477463,OLMo-2-0325-32B-Instruct,olmo2,32234279936,txi95_fluency05_n200_r1,current_candidate,q_06_qf_03,False,True,14.93983268737793,15.089231014251709,0.06693515388862824,-2.704030980671275,3.0,10.0,1.0,0.31622776601683794,10.0,0.31622776601683794,truthfulqa_txi_fluency_composite,200,1,kaz-raw-reduced-covariance-v1,full-reduced-state-c8965206cc0ffeab,raw,4.510544776916504,1.3166416883468628,50.04995346069336,47.04842758178711,31.16090965270996,2.7409985065460205,24,True,benchmarks/truthfulness/cache/olmo2_32b_instruct/calibrations/h_infinity/txi95_fluency05_n200_r1/grid/controllers/q_06_qf_03.pt,a6fc361b2f57be3e19be2c107b8198d7ee8696f3eed3cc9cec0bf2624c53508b,benchmarks/truthfulness/cache/olmo2_32b_instruct/calibrations/h_infinity/txi95_fluency05_n200_r1/selection.json
truthfulness,olmo2_32b,allenai/OLMo-2-0325-32B-Instruct,b96024342a77a69aa0dda815c3454a671f477463,OLMo-2-0325-32B-Instruct,olmo2,32234279936,txi95_fluency05_n200_r1,current_candidate,q_07_qf_00,False,True,25.589489936828613,25.8453848361969,0.03907854367041492,-3.24218171784443,3.0,31.622776601683793,1.0,0.01,31.622776601683793,0.01,truthfulqa_txi_fluency_composite,200,1,kaz-raw-reduced-covariance-v1,full-reduced-state-c8965206cc0ffeab,raw,13.171029090881348,1.0100001096725464,50.27892303466797,49.16706466674805,92.47469329833984,2.8899471759796143,24,True,benchmarks/truthfulness/cache/olmo2_32b_instruct/calibrations/h_infinity/txi95_fluency05_n200_r1/grid/controllers/q_07_qf_00.pt,268c8cf291b287ac49dc6b62affcf84d399677d9bd1d296ed70d2f06e1bc67b8,benchmarks/truthfulness/cache/olmo2_32b_instruct/calibrations/h_infinity/txi95_fluency05_n200_r1/selection.json
truthfulness,olmo2_32b,allenai/OLMo-2-0325-32B-Instruct,b96024342a77a69aa0dda815c3454a671f477463,OLMo-2-0325-32B-Instruct,olmo2,32234279936,txi95_fluency05_n200_r1,current_candidate,q_07_qf_01,False,True,25.58950185775757,25.845396876335144,0.03907852546558446,-3.242182183696864,3.0,31.622776601683793,1.0,0.03162277660168379,31.622776601683793,0.03162277660168379,truthfulqa_txi_fluency_composite,200,1,kaz-raw-reduced-covariance-v1,full-reduced-state-c8965206cc0ffeab,raw,13.170662879943848,1.0316243171691895,50.280391693115234,49.168582916259766,92.47477722167969,2.8900110721588135,24,True,benchmarks/truthfulness/cache/olmo2_32b_instruct/calibrations/h_infinity/txi95_fluency05_n200_r1/grid/controllers/q_07_qf_01.pt,1699675b78fbc0cb4c3272040ed6ca71c9b38e9a836e37e9e45c6362f3f2c8bf,benchmarks/truthfulness/cache/olmo2_32b_instruct/calibrations/h_infinity/txi95_fluency05_n200_r1/selection.json
truthfulness,olmo2_32b,allenai/OLMo-2-0325-32B-Instruct,b96024342a77a69aa0dda815c3454a671f477463,OLMo-2-0325-32B-Instruct,olmo2,32234279936,txi95_fluency05_n200_r1,current_candidate,q_07_qf_02,False,True,25.589537620544434,25.845432996749878,0.03907847085119486,-3.2421835812528648,3.0,31.622776601683793,1.0,0.1,31.622776601683793,0.1,truthfulqa_txi_fluency_composite,200,1,kaz-raw-reduced-covariance-v1,full-reduced-state-c8965206cc0ffeab,raw,13.170661926269531,1.100014090538025,50.280513763427734,49.16876983642578,92.4749526977539,2.890197277069092,24,True,benchmarks/truthfulness/cache/olmo2_32b_instruct/calibrations/h_infinity/txi95_fluency05_n200_r1/grid/controllers/q_07_qf_02.pt,8433b7353e9a49d615ec9d4d847f0ba346094c1334f68e8d061d80ae60c2db40,benchmarks/truthfulness/cache/olmo2_32b_instruct/calibrations/h_infinity/txi95_fluency05_n200_r1/selection.json
truthfulness,olmo2_32b,allenai/OLMo-2-0325-32B-Instruct,b96024342a77a69aa0dda815c3454a671f477463,OLMo-2-0325-32B-Instruct,olmo2,32234279936,txi95_fluency05_n200_r1,current_candidate,q_07_qf_03,False,True,25.589632987976074,25.845529317855835,0.0390783252135689,-3.242187308059318,3.0,31.622776601683793,1.0,0.31622776601683794,31.622776601683793,0.31622776601683794,truthfulqa_txi_fluency_composite,200,1,kaz-raw-reduced-covariance-v1,full-reduced-state-c8965206cc0ffeab,raw,13.170904159545898,1.3163686990737915,50.27997970581055,49.168487548828125,92.4754409790039,2.8906569480895996,24,True,benchmarks/truthfulness/cache/olmo2_32b_instruct/calibrations/h_infinity/txi95_fluency05_n200_r1/grid/controllers/q_07_qf_03.pt,37d185f1213d3ae7aa6a32bb66f0c90c8ba80fa98440880663f3d838bec833f2,benchmarks/truthfulness/cache/olmo2_32b_instruct/calibrations/h_infinity/txi95_fluency05_n200_r1/selection.json
truthfulness,qwen25_14b,Qwen/Qwen2.5-14B,97e1e76335b7017d8f67c08a19d103c0504298c9,Qwen-2.5-14B,qwen2,14770033664,selected,current_candidate,q_00_qf_00,False,True,22.8271484375,23.055419921875,0.043807486631016045,-3.127950548557435,3.0,0.01,1.0,0.01,0.01,0.01,truthfulness_quality_composite,50,1,kaz-raw-reduced-covariance-v1,full-reduced-state-ffcf675a19d812e7,raw,24.54227066040039,1.0100003480911255,21.636505126953125,4.390884876251221,1.4610440731048584,1.0596774816513062,24,True,benchmarks/truthfulness/cache/qwen14b/calibrations/h_infinity/selected/grid/controllers/q_00_qf_00.pt,275f34e34dfa297366a2ca45c817d1bd06a4ea254463556ffd9bdda09d78601a,benchmarks/truthfulness/cache/qwen14b/calibrations/h_infinity/selected/selection.json
truthfulness,qwen25_14b,Qwen/Qwen2.5-14B,97e1e76335b7017d8f67c08a19d103c0504298c9,Qwen-2.5-14B,qwen2,14770033664,selected,current_candidate,q_00_qf_01,False,True,39.808470010757446,40.20655471086502,0.025120282184413766,-3.684079703989272,3.0,0.01,1.0,0.03162277660168379,0.01,0.03162277660168379,truthfulness_quality_composite,50,1,kaz-raw-reduced-covariance-v1,full-reduced-state-ffcf675a19d812e7,raw,79.59149932861328,1.0100005865097046,20.29957389831543,10.724729537963867,1.7228713035583496,1.254479169845581,24,True,benchmarks/truthfulness/cache/qwen14b/calibrations/h_infinity/selected/grid/controllers/q_00_qf_01.pt,98a27357186256fd2cccbb56e2e71feb5d0ecb6fe18ae8e023f797594c3a19df,benchmarks/truthfulness/cache/qwen14b/calibrations/h_infinity/selected/selection.json
truthfulness,qwen25_14b,Qwen/Qwen2.5-14B,97e1e76335b7017d8f67c08a19d103c0504298c9,Qwen-2.5-14B,qwen2,14770033664,selected,current_candidate,q_00_qf_02,False,True,68.36821436882019,69.05189651250839,0.014626680091502538,-4.224908014410739,3.0,0.01,1.0,0.1,0.01,0.1,truthfulness_quality_composite,50,1,kaz-raw-reduced-covariance-v1,full-reduced-state-ffcf675a19d812e7,raw,239.6781005859375,1.0100003480911255,19.887939453125,29.031757354736328,1.9509063959121704,1.4273182153701782,24,True,benchmarks/truthfulness/cache/qwen14b/calibrations/h_infinity/selected/grid/controllers/q_00_qf_02.pt,14c690e7e42570a8909b5445803e199f77a2fcc3f5059b395fea9821309abe4d,benchmarks/truthfulness/cache/qwen14b/calibrations/h_infinity/selected/selection.json
truthfulness,qwen25_14b,Qwen/Qwen2.5-14B,97e1e76335b7017d8f67c08a19d103c0504298c9,Qwen-2.5-14B,qwen2,14770033664,selected,current_candidate,q_00_qf_03,False,True,111.04890704154968,112.15939611196518,0.009005041351967951,-4.709970708252829,3.0,0.01,1.0,0.31622776601683794,0.01,0.31622776601683794,truthfulness_quality_composite,50,1,kaz-raw-reduced-covariance-v1,full-reduced-state-ffcf675a19d812e7,raw,636.5184936523438,1.0100005865097046,19.759248733520508,73.68401336669922,4.187873363494873,1.84837806224823,25,True,benchmarks/truthfulness/cache/qwen14b/calibrations/h_infinity/selected/grid/controllers/q_00_qf_03.pt,e08ec2da693782d0d4cbe74d340d75dcb713f6aeebc3cdaa108d57d05dae041f,benchmarks/truthfulness/cache/qwen14b/calibrations/h_infinity/selected/selection.json
truthfulness,qwen25_14b,Qwen/Qwen2.5-14B,97e1e76335b7017d8f67c08a19d103c0504298c9,Qwen-2.5-14B,qwen2,14770033664,selected,current_candidate,q_01_qf_00,False,True,23.555326461791992,23.790879726409912,0.0424532430752787,-3.1593519716098566,3.0,0.03162277660168379,1.0,0.01,0.03162277660168379,0.01,truthfulness_quality_composite,50,1,kaz-raw-reduced-covariance-v1,full-reduced-state-ffcf675a19d812e7,raw,21.641124725341797,1.010042667388916,26.101642608642578,5.19022274017334,1.6197078227996826,1.1350458860397339,24,True,benchmarks/truthfulness/cache/qwen14b/calibrations/h_infinity/selected/grid/controllers/q_01_qf_00.pt,7b4df9037a57f3105bd2a13681676ef263fe6723949ac3b00245b8015e308f5a,benchmarks/truthfulness/cache/qwen14b/calibrations/h_infinity/selected/selection.json
truthfulness,qwen25_14b,Qwen/Qwen2.5-14B,97e1e76335b7017d8f67c08a19d103c0504298c9,Qwen-2.5-14B,qwen2,14770033664,selected,current_candidate,q_01_qf_01,False,True,40.17700552940369,40.57877558469772,0.024889858933567023,-3.6932948302134334,3.0,0.03162277660168379,1.0,0.03162277660168379,0.03162277660168379,0.03162277660168379,truthfulness_quality_composite,50,1,kaz-raw-reduced-covariance-v1,full-reduced-state-ffcf675a19d812e7,raw,75.87431335449219,1.0316240787506104,21.679723739624023,11.285512924194336,1.802008867263794,1.2800337076187134,24,True,benchmarks/truthfulness/cache/qwen14b/calibrations/h_infinity/selected/grid/controllers/q_01_qf_01.pt,9d3ba5a6af8481ce33f3db8b3de57694f45b40640ec7dbeff92dc5d5c3fac973,benchmarks/truthfulness/cache/qwen14b/calibrations/h_infinity/selected/selection.json
truthfulness,qwen25_14b,Qwen/Qwen2.5-14B,97e1e76335b7017d8f67c08a19d103c0504298c9,Qwen-2.5-14B,qwen2,14770033664,selected,current_candidate,q_01_qf_02,False,True,68.57395768165588,69.25969725847244,0.014582795478166028,-4.227912837023949,3.0,0.03162277660168379,1.0,0.1,0.03162277660168379,0.1,truthfulness_quality_composite,50,1,kaz-raw-reduced-covariance-v1,full-reduced-state-ffcf675a19d812e7,raw,235.68882751464844,1.0316240787506104,20.341039657592773,29.174182891845703,2.0187857151031494,1.4459394216537476,24,True,benchmarks/truthfulness/cache/qwen14b/calibrations/h_infinity/selected/grid/controllers/q_01_qf_02.pt,8801307499cccb9ee2de3c34ebf270de2de8351e3543e989d3f209d66adadab7,benchmarks/truthfulness/cache/qwen14b/calibrations/h_infinity/selected/selection.json
truthfulness,qwen25_14b,Qwen/Qwen2.5-14B,97e1e76335b7017d8f67c08a19d103c0504298c9,Qwen-2.5-14B,qwen2,14770033664,selected,current_candidate,q_01_qf_03,False,True,111.17387413978577,112.28561288118362,0.008994919064731327,-4.711095409426533,3.0,0.03162277660168379,1.0,0.31622776601683794,0.03162277660168379,0.31622776601683794,truthfulness_quality_composite,50,1,kaz-raw-reduced-covariance-v1,full-reduced-state-ffcf675a19d812e7,raw,632.4429931640625,1.0316239595413208,19.928796768188477,72.89478302001953,4.213072299957275,1.8423954248428345,25,True,benchmarks/truthfulness/cache/qwen14b/calibrations/h_infinity/selected/grid/controllers/q_01_qf_03.pt,1c6b8268ba9543383a3a0c5390e5651808afc5b736fef2daa3e8057774b3412a,benchmarks/truthfulness/cache/qwen14b/calibrations/h_infinity/selected/selection.json
truthfulness,qwen25_14b,Qwen/Qwen2.5-14B,97e1e76335b7017d8f67c08a19d103c0504298c9,Qwen-2.5-14B,qwen2,14770033664,selected,current_candidate,q_02_qf_00,False,True,26.530253887176514,26.79555642604828,0.03769281682160431,-3.278285737918276,3.0,0.1,1.0,0.01,0.1,0.01,truthfulness_quality_composite,50,1,kaz-raw-reduced-covariance-v1,full-reduced-state-ffcf675a19d812e7,raw,18.65873146057129,1.010033369064331,38.325557708740234,8.123597145080566,2.1630284786224365,1.3072563409805298,24,True,benchmarks/truthfulness/cache/qwen14b/calibrations/h_infinity/selected/grid/controllers/q_02_qf_00.pt,30a40389b17c30617d0e9d2f11aa0607ff475ad8cc620b23affacfa017588a36,benchmarks/truthfulness/cache/qwen14b/calibrations/h_infinity/selected/selection.json
truthfulness,qwen25_14b,Qwen/Qwen2.5-14B,97e1e76335b7017d8f67c08a19d103c0504298c9,Qwen-2.5-14B,qwen2,14770033664,selected,current_candidate,q_02_qf_01,False,True,41.490185260772705,41.90508711338043,0.0241020856791753,-3.725456899525762,3.0,0.1,1.0,0.03162277660168379,0.1,0.03162277660168379,truthfulness_quality_composite,50,1,kaz-raw-reduced-covariance-v1,full-reduced-state-ffcf675a19d812e7,raw,66.77732849121094,1.0317599773406982,26.24335479736328,13.226560592651367,2.1630051136016846,1.3645365238189697,24,True,benchmarks/truthfulness/cache/qwen14b/calibrations/h_infinity/selected/grid/controllers/q_02_qf_01.pt,6a827c4259f47299957251d10b49c43775b4c5dd7458eb009b6f3feb0df4b4f8,benchmarks/truthfulness/cache/qwen14b/calibrations/h_infinity/selected/selection.json
truthfulness,qwen25_14b,Qwen/Qwen2.5-14B,97e1e76335b7017d8f67c08a19d103c0504298c9,Qwen-2.5-14B,qwen2,14770033664,selected,current_candidate,q_02_qf_02,False,True,69.25331354141235,69.94584667682648,0.01443974228615092,-4.237770992896186,3.0,0.1,1.0,0.1,0.1,0.1,truthfulness_quality_composite,50,1,kaz-raw-reduced-covariance-v1,full-reduced-state-ffcf675a19d812e7,raw,224.01815795898438,1.1000025272369385,21.816009521484375,29.69490623474121,2.250748872756958,1.5082268714904785,24,True,benchmarks/truthfulness/cache/qwen14b/calibrations/h_infinity/selected/grid/controllers/q_02_qf_02.pt,00462ad3350e633f6a65c4743cd8632e37c643383c4860387e0e1a324b31b479,benchmarks/truthfulness/cache/qwen14b/calibrations/h_infinity/selected/selection.json
truthfulness,qwen25_14b,Qwen/Qwen2.5-14B,97e1e76335b7017d8f67c08a19d103c0504298c9,Qwen-2.5-14B,qwen2,14770033664,selected,current_candidate,q_02_qf_03,False,True,111.57568097114563,112.69143778085709,0.00896252652276985,-4.714703113755912,3.0,0.1,1.0,0.31622776601683794,0.1,0.31622776601683794,truthfulness_quality_composite,50,1,kaz-raw-reduced-covariance-v1,full-reduced-state-ffcf675a19d812e7,raw,619.9186401367188,1.100002408027649,20.472549438476562,70.63667297363281,4.297224998474121,1.823714017868042,25,True,benchmarks/truthfulness/cache/qwen14b/calibrations/h_infinity/selected/grid/controllers/q_02_qf_03.pt,13b7b43be6ec72f6ea0d26e3b63cb77cc3a0b3b66d196872d2ccd442ff2d45cf,benchmarks/truthfulness/cache/qwen14b/calibrations/h_infinity/selected/selection.json
truthfulness,qwen25_14b,Qwen/Qwen2.5-14B,97e1e76335b7017d8f67c08a19d103c0504298c9,Qwen-2.5-14B,qwen2,14770033664,selected,current_candidate,q_03_qf_00,False,True,37.010782957077026,37.3808907866478,0.02701915280094837,-3.611209301458732,3.0,0.31622776601683794,1.0,0.01,0.31622776601683794,0.01,truthfulness_quality_composite,50,1,kaz-raw-reduced-covariance-v1,full-reduced-state-ffcf675a19d812e7,raw,28.615184783935547,1.0100171566009521,48.53884506225586,15.434561729431152,3.8962013721466064,1.5901331901550293,24,True,benchmarks/truthfulness/cache/qwen14b/calibrations/h_infinity/selected/grid/controllers/q_03_qf_00.pt,7b5e00f97884ff4a3e664b03978386c8ea63b15a47dcf8ab097d54cbdb8d052f,benchmarks/truthfulness/cache/qwen14b/calibrations/h_infinity/selected/selection.json
truthfulness,qwen25_14b,Qwen/Qwen2.5-14B,97e1e76335b7017d8f67c08a19d103c0504298c9,Qwen-2.5-14B,qwen2,14770033664,selected,current_candidate,q_03_qf_01,False,True,46.864479780197144,47.333124577999115,0.021338122277046075,-3.847260027746295,3.0,0.31622776601683794,1.0,0.03162277660168379,0.31622776601683794,0.03162277660168379,truthfulness_quality_composite,50,1,kaz-raw-reduced-covariance-v1,full-reduced-state-ffcf675a19d812e7,raw,57.79545974731445,1.0317301750183105,38.606689453125,19.610612869262695,3.896183490753174,1.6162208318710327,24,True,benchmarks/truthfulness/cache/qwen14b/calibrations/h_infinity/selected/grid/controllers/q_03_qf_01.pt,dc4debbc86edc1c560cc703256edfb6548036d4c7d92e5dcf27ff478a30785fa,benchmarks/truthfulness/cache/qwen14b/calibrations/h_infinity/selected/selection.json
truthfulness,qwen25_14b,Qwen/Qwen2.5-14B,97e1e76335b7017d8f67c08a19d103c0504298c9,Qwen-2.5-14B,qwen2,14770033664,selected,current_candidate,q_03_qf_02,True,True,71.69063687324524,72.40754324197769,0.01394882293720001,-4.272360151536372,3.0,0.31622776601683794,1.0,0.1,0.31622776601683794,0.1,truthfulness_quality_composite,50,1,kaz-raw-reduced-covariance-v1,full-reduced-state-ffcf675a19d812e7,raw,196.0186004638672,1.1004596948623657,26.68999481201172,31.825355529785156,3.8961660861968994,1.7101030349731445,24,True,benchmarks/truthfulness/cache/qwen14b/calibrations/h_infinity/selected/grid/controllers/q_03_qf_02.pt,5ba4260564f8d8461ce809ae04cb8dcc75114f9593e04258c19e1dcef7fa4632,benchmarks/truthfulness/cache/qwen14b/calibrations/h_infinity/selected/selection.json
truthfulness,qwen25_14b,Qwen/Qwen2.5-14B,97e1e76335b7017d8f67c08a19d103c0504298c9,Qwen-2.5-14B,qwen2,14770033664,selected,current_candidate,q_03_qf_03,False,True,112.91336417198181,114.04249781370163,0.008856347584125377,-4.726620835912692,3.0,0.31622776601683794,1.0,0.31622776601683794,0.31622776601683794,0.31622776601683794,truthfulness_quality_composite,50,1,kaz-raw-reduced-covariance-v1,full-reduced-state-ffcf675a19d812e7,raw,583.8592529296875,1.3162325620651245,22.24905014038086,65.33013916015625,4.604390621185303,1.9309971332550049,25,True,benchmarks/truthfulness/cache/qwen14b/calibrations/h_infinity/selected/grid/controllers/q_03_qf_03.pt,4e6e7c2ab1d70916f33f9bbf850fa26b38f6af882acdd313e169fb1e3b13afec,benchmarks/truthfulness/cache/qwen14b/calibrations/h_infinity/selected/selection.json
truthfulness,qwen25_14b,Qwen/Qwen2.5-14B,97e1e76335b7017d8f67c08a19d103c0504298c9,Qwen-2.5-14B,qwen2,14770033664,selected,current_candidate,q_04_qf_00,False,True,60.7563853263855,61.36394917964935,0.016459175354622626,-4.106872184950432,3.0,1.0,1.0,0.01,1.0,0.01,truthfulness_quality_composite,50,1,kaz-raw-reduced-covariance-v1,full-reduced-state-ffcf675a19d812e7,raw,74.47322845458984,1.0100064277648926,50.21693801879883,27.372127532958984,6.905714988708496,2.1189301013946533,24,True,benchmarks/truthfulness/cache/qwen14b/calibrations/h_infinity/selected/grid/controllers/q_04_qf_00.pt,a4aec933a33dd35f6a0174d548a415ecb87818f4add8aa30aeb882e84371433a,benchmarks/truthfulness/cache/qwen14b/calibrations/h_infinity/selected/selection.json
truthfulness,qwen25_14b,Qwen/Qwen2.5-14B,97e1e76335b7017d8f67c08a19d103c0504298c9,Qwen-2.5-14B,qwen2,14770033664,selected,current_candidate,q_04_qf_01,False,True,65.65201878547668,66.30853897333145,0.015231824070293732,-4.184368351006806,3.0,1.0,1.0,0.03162277660168379,1.0,0.03162277660168379,truthfulness_quality_composite,50,1,kaz-raw-reduced-covariance-v1,full-reduced-state-ffcf675a19d812e7,raw,89.89689636230469,1.031677484512329,48.61497497558594,30.675119400024414,6.905711650848389,2.136064052581787,24,True,benchmarks/truthfulness/cache/qwen14b/calibrations/h_infinity/selected/grid/controllers/q_04_qf_01.pt,2f467ee543e28b0a3526c6373c9a5975774b16ba0bf6e20eba53f5f4d9464d13,benchmarks/truthfulness/cache/qwen14b/calibrations/h_infinity/selected/selection.json
truthfulness,qwen25_14b,Qwen/Qwen2.5-14B,97e1e76335b7017d8f67c08a19d103c0504298c9,Qwen-2.5-14B,qwen2,14770033664,selected,current_candidate,q_04_qf_02,False,True,81.71200752258301,82.52912759780884,0.012238103435699177,-4.403200961967442,3.0,1.0,1.0,0.1,1.0,0.1,truthfulness_quality_composite,50,1,kaz-raw-reduced-covariance-v1,full-reduced-state-ffcf675a19d812e7,raw,171.9221649169922,1.100353717803955,39.450340270996094,38.66769027709961,6.905702590942383,2.1810619831085205,24,True,benchmarks/truthfulness/cache/qwen14b/calibrations/h_infinity/selected/grid/controllers/q_04_qf_02.pt,1963f6220667e9374eb1b3d43f120cf32bd91e903c8f725805383282c359800d,benchmarks/truthfulness/cache/qwen14b/calibrations/h_infinity/selected/selection.json
truthfulness,qwen25_14b,Qwen/Qwen2.5-14B,97e1e76335b7017d8f67c08a19d103c0504298c9,Qwen-2.5-14B,qwen2,14770033664,selected,current_candidate,q_04_qf_03,False,True,117.81246066093445,118.99058526754379,0.008488066494748895,-4.7690940437297815,3.0,1.0,1.0,0.31622776601683794,1.0,0.31622776601683794,truthfulness_quality_composite,50,1,kaz-raw-reduced-covariance-v1,full-reduced-state-ffcf675a19d812e7,raw,502.7778625488281,1.3179311752319336,28.0941104888916,57.97220230102539,6.905694484710693,2.289672613143921,25,True,benchmarks/truthfulness/cache/qwen14b/calibrations/h_infinity/selected/grid/controllers/q_04_qf_03.pt,20fb77fed320decf13daa608f883ff728a4bd6a48a6862fefece31c962f4704b,benchmarks/truthfulness/cache/qwen14b/calibrations/h_infinity/selected/selection.json
truthfulness,qwen25_14b,Qwen/Qwen2.5-14B,97e1e76335b7017d8f67c08a19d103c0504298c9,Qwen-2.5-14B,qwen2,14770033664,selected,current_candidate,q_05_qf_00,False,True,105.42933344841003,106.48362678289413,0.009485026294786661,-4.658040903349486,3.0,3.1622776601683795,1.0,0.01,3.1622776601683795,0.01,truthfulness_quality_composite,50,1,kaz-raw-reduced-covariance-v1,full-reduced-state-ffcf675a19d812e7,raw,223.4984588623047,1.0100020170211792,50.37275314331055,39.30613327026367,13.462181091308594,2.725368022918701,25,True,benchmarks/truthfulness/cache/qwen14b/calibrations/h_infinity/selected/grid/controllers/q_05_qf_00.pt,2352d5b5840c83ad4fee237754946ad485c16071e87e7bc81de24877dc17e7b8,benchmarks/truthfulness/cache/qwen14b/calibrations/h_infinity/selected/selection.json
truthfulness,qwen25_14b,Qwen/Qwen2.5-14B,97e1e76335b7017d8f67c08a19d103c0504298c9,Qwen-2.5-14B,qwen2,14770033664,selected,current_candidate,q_05_qf_01,False,True,107.96000361442566,109.03960365056992,0.009262689575034245,-4.681760821629108,3.0,3.1622776601683795,1.0,0.03162277660168379,3.1622776601683795,0.03162277660168379,truthfulness_quality_composite,50,1,kaz-raw-reduced-covariance-v1,full-reduced-state-ffcf675a19d812e7,raw,235.1113739013672,1.0316429138183594,50.224430084228516,40.81583023071289,13.462181091308594,2.729782819747925,25,True,benchmarks/truthfulness/cache/qwen14b/calibrations/h_infinity/selected/grid/controllers/q_05_qf_01.pt,ccb304886419a52122af02fbf0765909be6a8e4720221ec13c697799511c6ec7,benchmarks/truthfulness/cache/qwen14b/calibrations/h_infinity/selected/selection.json
truthfulness,qwen25_14b,Qwen/Qwen2.5-14B,97e1e76335b7017d8f67c08a19d103c0504298c9,Qwen-2.5-14B,qwen2,14770033664,selected,current_candidate,q_05_qf_02,False,True,115.90827703475952,117.06735980510712,0.008627511559852726,-4.752799163108606,3.0,3.1622776601683795,1.0,0.1,3.1622776601683795,0.1,truthfulness_quality_composite,50,1,kaz-raw-reduced-covariance-v1,full-reduced-state-ffcf675a19d812e7,raw,278.9609069824219,1.100175380706787,48.82847213745117,45.25945281982422,13.462180137634277,2.742018938064575,25,True,benchmarks/truthfulness/cache/qwen14b/calibrations/h_infinity/selected/grid/controllers/q_05_qf_02.pt,a4878dc60d3f09c6969d0cab205bfe4ef137c741fb7d372b3925c0c71bce3640,benchmarks/truthfulness/cache/qwen14b/calibrations/h_infinity/selected/selection.json
truthfulness,qwen25_14b,Qwen/Qwen2.5-14B,97e1e76335b7017d8f67c08a19d103c0504298c9,Qwen-2.5-14B,qwen2,14770033664,selected,current_candidate,q_05_qf_03,False,True,138.0914330482483,139.47234737873077,0.0072415788432770205,-4.927916024082983,3.0,3.1622776601683795,1.0,0.31622776601683794,3.1622776601683795,0.31622776601683794,truthfulness_quality_composite,50,1,kaz-raw-reduced-covariance-v1,full-reduced-state-ffcf675a19d812e7,raw,464.2192687988281,1.317466139793396,41.712093353271484,54.998653411865234,13.462178230285645,2.769644021987915,25,True,benchmarks/truthfulness/cache/qwen14b/calibrations/h_infinity/selected/grid/controllers/q_05_qf_03.pt,8721c341d0085a7e2f285c4e51acef3a159dd5b45d34c2a329456f3ac6d9b9e1,benchmarks/truthfulness/cache/qwen14b/calibrations/h_infinity/selected/selection.json
truthfulness,qwen25_14b,Qwen/Qwen2.5-14B,97e1e76335b7017d8f67c08a19d103c0504298c9,Qwen-2.5-14B,qwen2,14770033664,selected,current_candidate,q_06_qf_00,False,True,186.05753183364868,187.91810715198517,0.00537468163822621,-5.226055936820032,3.0,10.0,1.0,0.01,10.0,0.01,truthfulness_quality_composite,50,1,kaz-raw-reduced-covariance-v1,full-reduced-state-ffcf675a19d812e7,raw,695.8392333984375,1.0100007057189941,50.3842658996582,46.187255859375,32.60267639160156,3.089853048324585,25,True,benchmarks/truthfulness/cache/qwen14b/calibrations/h_infinity/selected/grid/controllers/q_06_qf_00.pt,69f01f255c505e4f95e5e1234608b5278bbf05f2d91a4210729924e07ad9bca8,benchmarks/truthfulness/cache/qwen14b/calibrations/h_infinity/selected/selection.json
truthfulness,qwen25_14b,Qwen/Qwen2.5-14B,97e1e76335b7017d8f67c08a19d103c0504298c9,Qwen-2.5-14B,qwen2,14770033664,selected,current_candidate,q_06_qf_01,False,True,187.43882179260254,189.31321001052856,0.005335074081432719,-5.233452508395547,3.0,10.0,1.0,0.03162277660168379,10.0,0.03162277660168379,truthfulness_quality_composite,50,1,kaz-raw-reduced-covariance-v1,full-reduced-state-ffcf675a19d812e7,raw,706.43408203125,1.0316294431686401,50.372501373291016,46.73920822143555,32.60267639160156,3.0905001163482666,25,True,benchmarks/truthfulness/cache/qwen14b/calibrations/h_infinity/selected/grid/controllers/q_06_qf_01.pt,08abca0f0c7d101ad1d4eb4bdbfd455594fb2159307bc1ff7aa6cba56c985dbe,benchmarks/truthfulness/cache/qwen14b/calibrations/h_infinity/selected/selection.json
truthfulness,qwen25_14b,Qwen/Qwen2.5-14B,97e1e76335b7017d8f67c08a19d103c0504298c9,Qwen-2.5-14B,qwen2,14770033664,selected,current_candidate,q_06_qf_02,False,True,191.5616512298584,193.47726774215698,0.0052202515147464525,-5.255209695346729,3.0,10.0,1.0,0.1,10.0,0.1,truthfulness_quality_composite,50,1,kaz-raw-reduced-covariance-v1,full-reduced-state-ffcf675a19d812e7,raw,739.90966796875,1.1000641584396362,50.244773864746094,48.34148406982422,32.6026725769043,3.092350482940674,25,True,benchmarks/truthfulness/cache/qwen14b/calibrations/h_infinity/selected/grid/controllers/q_06_qf_02.pt,fc782337b94b90d57704c947cb418793676a1f3ee7c0e542557326cf95232ad9,benchmarks/truthfulness/cache/qwen14b/calibrations/h_infinity/selected/selection.json
truthfulness,qwen25_14b,Qwen/Qwen2.5-14B,97e1e76335b7017d8f67c08a19d103c0504298c9,Qwen-2.5-14B,qwen2,14770033664,selected,current_candidate,q_06_qf_03,False,True,202.47555375099182,204.50030928850174,0.004938867836014507,-5.3106191570417565,3.0,10.0,1.0,0.31622776601683794,10.0,0.31622776601683794,truthfulness_quality_composite,50,1,kaz-raw-reduced-covariance-v1,full-reduced-state-ffcf675a19d812e7,raw,842.9009399414062,1.3168025016784668,49.30351257324219,52.39501190185547,32.60266876220703,3.0967600345611572,26,True,benchmarks/truthfulness/cache/qwen14b/calibrations/h_infinity/selected/grid/controllers/q_06_qf_03.pt,5463f6c5d96dca0a6e29d83efdf58de402f4b486a5d83a77e278a570033b9c88,benchmarks/truthfulness/cache/qwen14b/calibrations/h_infinity/selected/selection.json
truthfulness,qwen25_14b,Qwen/Qwen2.5-14B,97e1e76335b7017d8f67c08a19d103c0504298c9,Qwen-2.5-14B,qwen2,14770033664,selected,current_candidate,q_07_qf_00,False,True,330.0686001777649,333.36928617954254,0.003029673223873554,-5.799300512183173,3.0,31.622776601683793,1.0,0.01,31.622776601683793,0.01,truthfulness_quality_composite,50,1,kaz-raw-reduced-covariance-v1,full-reduced-state-ffcf675a19d812e7,raw,2189.809814453125,1.010000228881836,50.384761810302734,48.96795654296875,93.51395416259766,3.2384839057922363,26,True,benchmarks/truthfulness/cache/qwen14b/calibrations/h_infinity/selected/grid/controllers/q_07_qf_00.pt,3d50bfdaa0b6de8c7ac1595f0308e708cf8cd6139444dc4186af3de0a3241547,benchmarks/truthfulness/cache/qwen14b/calibrations/h_infinity/selected/selection.json
truthfulness,qwen25_14b,Qwen/Qwen2.5-14B,97e1e76335b7017d8f67c08a19d103c0504298c9,Qwen-2.5-14B,qwen2,14770033664,selected,current_candidate,q_07_qf_01,False,True,330.8378875255585,334.14626640081406,0.003022628416229221,-5.801628489618816,3.0,31.622776601683793,1.0,0.03162277660168379,31.622776601683793,0.03162277660168379,truthfulness_quality_composite,50,1,kaz-raw-reduced-covariance-v1,full-reduced-state-ffcf675a19d812e7,raw,2200.107421875,1.0316250324249268,50.384334564208984,49.151119232177734,93.51396942138672,3.2385575771331787,26,True,benchmarks/truthfulness/cache/qwen14b/calibrations/h_infinity/selected/grid/controllers/q_07_qf_01.pt,eed87d271d0ffe17c775c4d1f695bc4ca745a37cbef87716addc71481491638c,benchmarks/truthfulness/cache/qwen14b/calibrations/h_infinity/selected/selection.json
truthfulness,qwen25_14b,Qwen/Qwen2.5-14B,97e1e76335b7017d8f67c08a19d103c0504298c9,Qwen-2.5-14B,qwen2,14770033664,selected,current_candidate,q_07_qf_02,False,True,333.0915868282318,336.42250269651413,0.003002177297608176,-5.8084174876853245,3.0,31.622776601683793,1.0,0.1,31.622776601683793,0.1,truthfulness_quality_composite,50,1,kaz-raw-reduced-covariance-v1,full-reduced-state-ffcf675a19d812e7,raw,2230.796875,1.1000211238861084,50.37441635131836,49.68406295776367,93.51396179199219,3.2387712001800537,26,True,benchmarks/truthfulness/cache/qwen14b/calibrations/h_infinity/selected/grid/controllers/q_07_qf_02.pt,394e12b88d737fb137edf3047b4c3e846270e7d9a9967a45c73558062d231ec8,benchmarks/truthfulness/cache/qwen14b/calibrations/h_infinity/selected/selection.json
truthfulness,qwen25_14b,Qwen/Qwen2.5-14B,97e1e76335b7017d8f67c08a19d103c0504298c9,Qwen-2.5-14B,qwen2,14770033664,selected,current_candidate,q_07_qf_03,False,True,338.8054132461548,342.19346737861633,0.0029515467017448825,-5.825425940354374,3.0,31.622776601683793,1.0,0.31622776601683794,31.622776601683793,0.31622776601683794,truthfulness_quality_composite,50,1,kaz-raw-reduced-covariance-v1,full-reduced-state-ffcf675a19d812e7,raw,2312.273193359375,1.3164328336715698,50.29069519042969,51.00534439086914,93.51396179199219,3.2392945289611816,26,True,benchmarks/truthfulness/cache/qwen14b/calibrations/h_infinity/selected/grid/controllers/q_07_qf_03.pt,49ae6a25607eba34622aa98cb5d087bc0fd3e5f78d019f07a4acc5a1f93dc10d,benchmarks/truthfulness/cache/qwen14b/calibrations/h_infinity/selected/selection.json
