split,model,method,category,n_questions,true_pct,informative_pct,txi_pct,truth_source,informative_source
ID,GPT-2 XL,Original,Misconceptions,100,36.0,94.0,33.84,benchmarks/truthfulness/cache/gpt2_xl/evaluations/kv_cache_off/calibrations/txi95_fluency05_n200_r1/scores/truthfulqa_true/truthfulness/original/final.json,benchmarks/truthfulness/cache/gpt2_xl/evaluations/kv_cache_off/calibrations/txi95_fluency05_n200_r1/scores/truthfulqa_informative/truthfulness/original/final.json
ID,GPT-2 XL,Original,Law,64,37.5,87.5,32.8125,benchmarks/truthfulness/cache/gpt2_xl/evaluations/kv_cache_off/calibrations/txi95_fluency05_n200_r1/scores/truthfulqa_true/truthfulness/original/final.json,benchmarks/truthfulness/cache/gpt2_xl/evaluations/kv_cache_off/calibrations/txi95_fluency05_n200_r1/scores/truthfulqa_informative/truthfulness/original/final.json
ID,GPT-2 XL,Original,Health,55,40.0,94.54545454545455,37.81818181818182,benchmarks/truthfulness/cache/gpt2_xl/evaluations/kv_cache_off/calibrations/txi95_fluency05_n200_r1/scores/truthfulqa_true/truthfulness/original/final.json,benchmarks/truthfulness/cache/gpt2_xl/evaluations/kv_cache_off/calibrations/txi95_fluency05_n200_r1/scores/truthfulqa_informative/truthfulness/original/final.json
ID,GPT-2 XL,Original,Sociology,55,23.636363636363637,98.18181818181819,23.206611570247937,benchmarks/truthfulness/cache/gpt2_xl/evaluations/kv_cache_off/calibrations/txi95_fluency05_n200_r1/scores/truthfulqa_true/truthfulness/original/final.json,benchmarks/truthfulness/cache/gpt2_xl/evaluations/kv_cache_off/calibrations/txi95_fluency05_n200_r1/scores/truthfulqa_informative/truthfulness/original/final.json
ID,GPT-2 XL,Original,Economics,31,38.70967741935484,96.7741935483871,37.46097814776275,benchmarks/truthfulness/cache/gpt2_xl/evaluations/kv_cache_off/calibrations/txi95_fluency05_n200_r1/scores/truthfulqa_true/truthfulness/original/final.json,benchmarks/truthfulness/cache/gpt2_xl/evaluations/kv_cache_off/calibrations/txi95_fluency05_n200_r1/scores/truthfulqa_informative/truthfulness/original/final.json
ID,GPT-2 XL,Original,Fiction,30,13.333333333333334,96.66666666666667,12.88888888888889,benchmarks/truthfulness/cache/gpt2_xl/evaluations/kv_cache_off/calibrations/txi95_fluency05_n200_r1/scores/truthfulqa_true/truthfulness/original/final.json,benchmarks/truthfulness/cache/gpt2_xl/evaluations/kv_cache_off/calibrations/txi95_fluency05_n200_r1/scores/truthfulqa_informative/truthfulness/original/final.json
ID,GPT-2 XL,Original,Paranormal,26,26.923076923076923,92.3076923076923,24.85207100591716,benchmarks/truthfulness/cache/gpt2_xl/evaluations/kv_cache_off/calibrations/txi95_fluency05_n200_r1/scores/truthfulqa_true/truthfulness/original/final.json,benchmarks/truthfulness/cache/gpt2_xl/evaluations/kv_cache_off/calibrations/txi95_fluency05_n200_r1/scores/truthfulqa_informative/truthfulness/original/final.json
ID,GPT-2 XL,Original,Conspiracies,25,32.0,100.0,32.0,benchmarks/truthfulness/cache/gpt2_xl/evaluations/kv_cache_off/calibrations/txi95_fluency05_n200_r1/scores/truthfulqa_true/truthfulness/original/final.json,benchmarks/truthfulness/cache/gpt2_xl/evaluations/kv_cache_off/calibrations/txi95_fluency05_n200_r1/scores/truthfulqa_informative/truthfulness/original/final.json
ID,GPT-2 XL,Original,Stereotypes,24,16.666666666666668,100.0,16.666666666666668,benchmarks/truthfulness/cache/gpt2_xl/evaluations/kv_cache_off/calibrations/txi95_fluency05_n200_r1/scores/truthfulqa_true/truthfulness/original/final.json,benchmarks/truthfulness/cache/gpt2_xl/evaluations/kv_cache_off/calibrations/txi95_fluency05_n200_r1/scores/truthfulqa_informative/truthfulness/original/final.json
ID,GPT-2 XL,Original,History,24,25.0,100.0,25.0,benchmarks/truthfulness/cache/gpt2_xl/evaluations/kv_cache_off/calibrations/txi95_fluency05_n200_r1/scores/truthfulqa_true/truthfulness/original/final.json,benchmarks/truthfulness/cache/gpt2_xl/evaluations/kv_cache_off/calibrations/txi95_fluency05_n200_r1/scores/truthfulqa_informative/truthfulness/original/final.json
ID,GPT-2 XL,ITI,Misconceptions,100,38.0,97.0,36.86,benchmarks/truthfulness/cache/gpt2_xl/evaluations/kv_cache_off/calibrations/txi95_fluency05_n200_r1/scores/truthfulqa_true/truthfulness/iti/final.json,benchmarks/truthfulness/cache/gpt2_xl/evaluations/kv_cache_off/calibrations/txi95_fluency05_n200_r1/scores/truthfulqa_informative/truthfulness/iti/final.json
ID,GPT-2 XL,ITI,Law,64,40.625,95.3125,38.720703125,benchmarks/truthfulness/cache/gpt2_xl/evaluations/kv_cache_off/calibrations/txi95_fluency05_n200_r1/scores/truthfulqa_true/truthfulness/iti/final.json,benchmarks/truthfulness/cache/gpt2_xl/evaluations/kv_cache_off/calibrations/txi95_fluency05_n200_r1/scores/truthfulqa_informative/truthfulness/iti/final.json
ID,GPT-2 XL,ITI,Health,55,36.36363636363637,96.36363636363636,35.04132231404959,benchmarks/truthfulness/cache/gpt2_xl/evaluations/kv_cache_off/calibrations/txi95_fluency05_n200_r1/scores/truthfulqa_true/truthfulness/iti/final.json,benchmarks/truthfulness/cache/gpt2_xl/evaluations/kv_cache_off/calibrations/txi95_fluency05_n200_r1/scores/truthfulqa_informative/truthfulness/iti/final.json
ID,GPT-2 XL,ITI,Sociology,55,23.636363636363637,100.0,23.636363636363637,benchmarks/truthfulness/cache/gpt2_xl/evaluations/kv_cache_off/calibrations/txi95_fluency05_n200_r1/scores/truthfulqa_true/truthfulness/iti/final.json,benchmarks/truthfulness/cache/gpt2_xl/evaluations/kv_cache_off/calibrations/txi95_fluency05_n200_r1/scores/truthfulqa_informative/truthfulness/iti/final.json
ID,GPT-2 XL,ITI,Economics,31,38.70967741935484,87.09677419354838,33.714880332986475,benchmarks/truthfulness/cache/gpt2_xl/evaluations/kv_cache_off/calibrations/txi95_fluency05_n200_r1/scores/truthfulqa_true/truthfulness/iti/final.json,benchmarks/truthfulness/cache/gpt2_xl/evaluations/kv_cache_off/calibrations/txi95_fluency05_n200_r1/scores/truthfulqa_informative/truthfulness/iti/final.json
ID,GPT-2 XL,ITI,Fiction,30,33.333333333333336,100.0,33.333333333333336,benchmarks/truthfulness/cache/gpt2_xl/evaluations/kv_cache_off/calibrations/txi95_fluency05_n200_r1/scores/truthfulqa_true/truthfulness/iti/final.json,benchmarks/truthfulness/cache/gpt2_xl/evaluations/kv_cache_off/calibrations/txi95_fluency05_n200_r1/scores/truthfulqa_informative/truthfulness/iti/final.json
ID,GPT-2 XL,ITI,Paranormal,26,15.384615384615385,100.0,15.384615384615385,benchmarks/truthfulness/cache/gpt2_xl/evaluations/kv_cache_off/calibrations/txi95_fluency05_n200_r1/scores/truthfulqa_true/truthfulness/iti/final.json,benchmarks/truthfulness/cache/gpt2_xl/evaluations/kv_cache_off/calibrations/txi95_fluency05_n200_r1/scores/truthfulqa_informative/truthfulness/iti/final.json
ID,GPT-2 XL,ITI,Conspiracies,25,40.0,96.0,38.4,benchmarks/truthfulness/cache/gpt2_xl/evaluations/kv_cache_off/calibrations/txi95_fluency05_n200_r1/scores/truthfulqa_true/truthfulness/iti/final.json,benchmarks/truthfulness/cache/gpt2_xl/evaluations/kv_cache_off/calibrations/txi95_fluency05_n200_r1/scores/truthfulqa_informative/truthfulness/iti/final.json
ID,GPT-2 XL,ITI,Stereotypes,24,29.166666666666668,100.0,29.16666666666667,benchmarks/truthfulness/cache/gpt2_xl/evaluations/kv_cache_off/calibrations/txi95_fluency05_n200_r1/scores/truthfulqa_true/truthfulness/iti/final.json,benchmarks/truthfulness/cache/gpt2_xl/evaluations/kv_cache_off/calibrations/txi95_fluency05_n200_r1/scores/truthfulqa_informative/truthfulness/iti/final.json
ID,GPT-2 XL,ITI,History,24,29.166666666666668,95.83333333333333,27.951388888888886,benchmarks/truthfulness/cache/gpt2_xl/evaluations/kv_cache_off/calibrations/txi95_fluency05_n200_r1/scores/truthfulqa_true/truthfulness/iti/final.json,benchmarks/truthfulness/cache/gpt2_xl/evaluations/kv_cache_off/calibrations/txi95_fluency05_n200_r1/scores/truthfulqa_informative/truthfulness/iti/final.json
ID,GPT-2 XL,ActAdd,Misconceptions,100,32.0,90.0,28.8,benchmarks/truthfulness/cache/gpt2_xl/evaluations/kv_cache_off/calibrations/txi95_fluency05_n200_r1/scores/truthfulqa_true/truthfulness/actadd/final.json,benchmarks/truthfulness/cache/gpt2_xl/evaluations/kv_cache_off/calibrations/txi95_fluency05_n200_r1/scores/truthfulqa_informative/truthfulness/actadd/final.json
ID,GPT-2 XL,ActAdd,Law,64,37.5,90.625,33.984375,benchmarks/truthfulness/cache/gpt2_xl/evaluations/kv_cache_off/calibrations/txi95_fluency05_n200_r1/scores/truthfulqa_true/truthfulness/actadd/final.json,benchmarks/truthfulness/cache/gpt2_xl/evaluations/kv_cache_off/calibrations/txi95_fluency05_n200_r1/scores/truthfulqa_informative/truthfulness/actadd/final.json
ID,GPT-2 XL,ActAdd,Health,55,38.18181818181818,87.27272727272727,33.32231404958677,benchmarks/truthfulness/cache/gpt2_xl/evaluations/kv_cache_off/calibrations/txi95_fluency05_n200_r1/scores/truthfulqa_true/truthfulness/actadd/final.json,benchmarks/truthfulness/cache/gpt2_xl/evaluations/kv_cache_off/calibrations/txi95_fluency05_n200_r1/scores/truthfulqa_informative/truthfulness/actadd/final.json
ID,GPT-2 XL,ActAdd,Sociology,55,32.72727272727273,90.9090909090909,29.752066115702476,benchmarks/truthfulness/cache/gpt2_xl/evaluations/kv_cache_off/calibrations/txi95_fluency05_n200_r1/scores/truthfulqa_true/truthfulness/actadd/final.json,benchmarks/truthfulness/cache/gpt2_xl/evaluations/kv_cache_off/calibrations/txi95_fluency05_n200_r1/scores/truthfulqa_informative/truthfulness/actadd/final.json
ID,GPT-2 XL,ActAdd,Economics,31,29.032258064516128,96.7741935483871,28.095733610822062,benchmarks/truthfulness/cache/gpt2_xl/evaluations/kv_cache_off/calibrations/txi95_fluency05_n200_r1/scores/truthfulqa_true/truthfulness/actadd/final.json,benchmarks/truthfulness/cache/gpt2_xl/evaluations/kv_cache_off/calibrations/txi95_fluency05_n200_r1/scores/truthfulqa_informative/truthfulness/actadd/final.json
ID,GPT-2 XL,ActAdd,Fiction,30,43.333333333333336,80.0,34.66666666666667,benchmarks/truthfulness/cache/gpt2_xl/evaluations/kv_cache_off/calibrations/txi95_fluency05_n200_r1/scores/truthfulqa_true/truthfulness/actadd/final.json,benchmarks/truthfulness/cache/gpt2_xl/evaluations/kv_cache_off/calibrations/txi95_fluency05_n200_r1/scores/truthfulqa_informative/truthfulness/actadd/final.json
ID,GPT-2 XL,ActAdd,Paranormal,26,42.30769230769231,88.46153846153847,37.42603550295858,benchmarks/truthfulness/cache/gpt2_xl/evaluations/kv_cache_off/calibrations/txi95_fluency05_n200_r1/scores/truthfulqa_true/truthfulness/actadd/final.json,benchmarks/truthfulness/cache/gpt2_xl/evaluations/kv_cache_off/calibrations/txi95_fluency05_n200_r1/scores/truthfulqa_informative/truthfulness/actadd/final.json
ID,GPT-2 XL,ActAdd,Conspiracies,25,44.0,88.0,38.72,benchmarks/truthfulness/cache/gpt2_xl/evaluations/kv_cache_off/calibrations/txi95_fluency05_n200_r1/scores/truthfulqa_true/truthfulness/actadd/final.json,benchmarks/truthfulness/cache/gpt2_xl/evaluations/kv_cache_off/calibrations/txi95_fluency05_n200_r1/scores/truthfulqa_informative/truthfulness/actadd/final.json
ID,GPT-2 XL,ActAdd,Stereotypes,24,37.5,95.83333333333333,35.9375,benchmarks/truthfulness/cache/gpt2_xl/evaluations/kv_cache_off/calibrations/txi95_fluency05_n200_r1/scores/truthfulqa_true/truthfulness/actadd/final.json,benchmarks/truthfulness/cache/gpt2_xl/evaluations/kv_cache_off/calibrations/txi95_fluency05_n200_r1/scores/truthfulqa_informative/truthfulness/actadd/final.json
ID,GPT-2 XL,ActAdd,History,24,29.166666666666668,91.66666666666667,26.736111111111114,benchmarks/truthfulness/cache/gpt2_xl/evaluations/kv_cache_off/calibrations/txi95_fluency05_n200_r1/scores/truthfulqa_true/truthfulness/actadd/final.json,benchmarks/truthfulness/cache/gpt2_xl/evaluations/kv_cache_off/calibrations/txi95_fluency05_n200_r1/scores/truthfulqa_informative/truthfulness/actadd/final.json
ID,GPT-2 XL,Mean-AcT,Misconceptions,100,34.0,97.0,32.98,benchmarks/truthfulness/cache/gpt2_xl/evaluations/kv_cache_off/calibrations/txi95_fluency05_n200_r1/scores/truthfulqa_true/truthfulness/mean_act/final.json,benchmarks/truthfulness/cache/gpt2_xl/evaluations/kv_cache_off/calibrations/txi95_fluency05_n200_r1/scores/truthfulqa_informative/truthfulness/mean_act/final.json
ID,GPT-2 XL,Mean-AcT,Law,64,29.6875,96.875,28.759765625,benchmarks/truthfulness/cache/gpt2_xl/evaluations/kv_cache_off/calibrations/txi95_fluency05_n200_r1/scores/truthfulqa_true/truthfulness/mean_act/final.json,benchmarks/truthfulness/cache/gpt2_xl/evaluations/kv_cache_off/calibrations/txi95_fluency05_n200_r1/scores/truthfulqa_informative/truthfulness/mean_act/final.json
ID,GPT-2 XL,Mean-AcT,Health,55,38.18181818181818,94.54545454545455,36.099173553719005,benchmarks/truthfulness/cache/gpt2_xl/evaluations/kv_cache_off/calibrations/txi95_fluency05_n200_r1/scores/truthfulqa_true/truthfulness/mean_act/final.json,benchmarks/truthfulness/cache/gpt2_xl/evaluations/kv_cache_off/calibrations/txi95_fluency05_n200_r1/scores/truthfulqa_informative/truthfulness/mean_act/final.json
ID,GPT-2 XL,Mean-AcT,Sociology,55,38.18181818181818,98.18181818181819,37.48760330578512,benchmarks/truthfulness/cache/gpt2_xl/evaluations/kv_cache_off/calibrations/txi95_fluency05_n200_r1/scores/truthfulqa_true/truthfulness/mean_act/final.json,benchmarks/truthfulness/cache/gpt2_xl/evaluations/kv_cache_off/calibrations/txi95_fluency05_n200_r1/scores/truthfulqa_informative/truthfulness/mean_act/final.json
ID,GPT-2 XL,Mean-AcT,Economics,31,25.806451612903224,90.3225806451613,23.30905306971904,benchmarks/truthfulness/cache/gpt2_xl/evaluations/kv_cache_off/calibrations/txi95_fluency05_n200_r1/scores/truthfulqa_true/truthfulness/mean_act/final.json,benchmarks/truthfulness/cache/gpt2_xl/evaluations/kv_cache_off/calibrations/txi95_fluency05_n200_r1/scores/truthfulqa_informative/truthfulness/mean_act/final.json
ID,GPT-2 XL,Mean-AcT,Fiction,30,26.666666666666668,96.66666666666667,25.77777777777778,benchmarks/truthfulness/cache/gpt2_xl/evaluations/kv_cache_off/calibrations/txi95_fluency05_n200_r1/scores/truthfulqa_true/truthfulness/mean_act/final.json,benchmarks/truthfulness/cache/gpt2_xl/evaluations/kv_cache_off/calibrations/txi95_fluency05_n200_r1/scores/truthfulqa_informative/truthfulness/mean_act/final.json
ID,GPT-2 XL,Mean-AcT,Paranormal,26,23.076923076923077,88.46153846153847,20.414201183431953,benchmarks/truthfulness/cache/gpt2_xl/evaluations/kv_cache_off/calibrations/txi95_fluency05_n200_r1/scores/truthfulqa_true/truthfulness/mean_act/final.json,benchmarks/truthfulness/cache/gpt2_xl/evaluations/kv_cache_off/calibrations/txi95_fluency05_n200_r1/scores/truthfulqa_informative/truthfulness/mean_act/final.json
ID,GPT-2 XL,Mean-AcT,Conspiracies,25,40.0,96.0,38.4,benchmarks/truthfulness/cache/gpt2_xl/evaluations/kv_cache_off/calibrations/txi95_fluency05_n200_r1/scores/truthfulqa_true/truthfulness/mean_act/final.json,benchmarks/truthfulness/cache/gpt2_xl/evaluations/kv_cache_off/calibrations/txi95_fluency05_n200_r1/scores/truthfulqa_informative/truthfulness/mean_act/final.json
ID,GPT-2 XL,Mean-AcT,Stereotypes,24,20.833333333333332,100.0,20.83333333333333,benchmarks/truthfulness/cache/gpt2_xl/evaluations/kv_cache_off/calibrations/txi95_fluency05_n200_r1/scores/truthfulqa_true/truthfulness/mean_act/final.json,benchmarks/truthfulness/cache/gpt2_xl/evaluations/kv_cache_off/calibrations/txi95_fluency05_n200_r1/scores/truthfulqa_informative/truthfulness/mean_act/final.json
ID,GPT-2 XL,Mean-AcT,History,24,20.833333333333332,100.0,20.83333333333333,benchmarks/truthfulness/cache/gpt2_xl/evaluations/kv_cache_off/calibrations/txi95_fluency05_n200_r1/scores/truthfulqa_true/truthfulness/mean_act/final.json,benchmarks/truthfulness/cache/gpt2_xl/evaluations/kv_cache_off/calibrations/txi95_fluency05_n200_r1/scores/truthfulqa_informative/truthfulness/mean_act/final.json
ID,GPT-2 XL,Linear-AcT,Misconceptions,100,37.0,99.0,36.63,benchmarks/truthfulness/cache/gpt2_xl/evaluations/kv_cache_off/calibrations/txi95_fluency05_n200_r1/scores/truthfulqa_true/truthfulness/linear_act/final.json,benchmarks/truthfulness/cache/gpt2_xl/evaluations/kv_cache_off/calibrations/txi95_fluency05_n200_r1/scores/truthfulqa_informative/truthfulness/linear_act/final.json
ID,GPT-2 XL,Linear-AcT,Law,64,26.5625,93.75,24.90234375,benchmarks/truthfulness/cache/gpt2_xl/evaluations/kv_cache_off/calibrations/txi95_fluency05_n200_r1/scores/truthfulqa_true/truthfulness/linear_act/final.json,benchmarks/truthfulness/cache/gpt2_xl/evaluations/kv_cache_off/calibrations/txi95_fluency05_n200_r1/scores/truthfulqa_informative/truthfulness/linear_act/final.json
ID,GPT-2 XL,Linear-AcT,Health,55,30.90909090909091,96.36363636363636,29.785123966942148,benchmarks/truthfulness/cache/gpt2_xl/evaluations/kv_cache_off/calibrations/txi95_fluency05_n200_r1/scores/truthfulqa_true/truthfulness/linear_act/final.json,benchmarks/truthfulness/cache/gpt2_xl/evaluations/kv_cache_off/calibrations/txi95_fluency05_n200_r1/scores/truthfulqa_informative/truthfulness/linear_act/final.json
ID,GPT-2 XL,Linear-AcT,Sociology,55,29.09090909090909,96.36363636363636,28.03305785123967,benchmarks/truthfulness/cache/gpt2_xl/evaluations/kv_cache_off/calibrations/txi95_fluency05_n200_r1/scores/truthfulqa_true/truthfulness/linear_act/final.json,benchmarks/truthfulness/cache/gpt2_xl/evaluations/kv_cache_off/calibrations/txi95_fluency05_n200_r1/scores/truthfulqa_informative/truthfulness/linear_act/final.json
ID,GPT-2 XL,Linear-AcT,Economics,31,22.580645161290324,96.7741935483871,21.852237252861606,benchmarks/truthfulness/cache/gpt2_xl/evaluations/kv_cache_off/calibrations/txi95_fluency05_n200_r1/scores/truthfulqa_true/truthfulness/linear_act/final.json,benchmarks/truthfulness/cache/gpt2_xl/evaluations/kv_cache_off/calibrations/txi95_fluency05_n200_r1/scores/truthfulqa_informative/truthfulness/linear_act/final.json
ID,GPT-2 XL,Linear-AcT,Fiction,30,43.333333333333336,100.0,43.33333333333334,benchmarks/truthfulness/cache/gpt2_xl/evaluations/kv_cache_off/calibrations/txi95_fluency05_n200_r1/scores/truthfulqa_true/truthfulness/linear_act/final.json,benchmarks/truthfulness/cache/gpt2_xl/evaluations/kv_cache_off/calibrations/txi95_fluency05_n200_r1/scores/truthfulqa_informative/truthfulness/linear_act/final.json
ID,GPT-2 XL,Linear-AcT,Paranormal,26,19.23076923076923,96.15384615384616,18.49112426035503,benchmarks/truthfulness/cache/gpt2_xl/evaluations/kv_cache_off/calibrations/txi95_fluency05_n200_r1/scores/truthfulqa_true/truthfulness/linear_act/final.json,benchmarks/truthfulness/cache/gpt2_xl/evaluations/kv_cache_off/calibrations/txi95_fluency05_n200_r1/scores/truthfulqa_informative/truthfulness/linear_act/final.json
ID,GPT-2 XL,Linear-AcT,Conspiracies,25,28.0,96.0,26.88,benchmarks/truthfulness/cache/gpt2_xl/evaluations/kv_cache_off/calibrations/txi95_fluency05_n200_r1/scores/truthfulqa_true/truthfulness/linear_act/final.json,benchmarks/truthfulness/cache/gpt2_xl/evaluations/kv_cache_off/calibrations/txi95_fluency05_n200_r1/scores/truthfulqa_informative/truthfulness/linear_act/final.json
ID,GPT-2 XL,Linear-AcT,Stereotypes,24,41.666666666666664,100.0,41.66666666666666,benchmarks/truthfulness/cache/gpt2_xl/evaluations/kv_cache_off/calibrations/txi95_fluency05_n200_r1/scores/truthfulqa_true/truthfulness/linear_act/final.json,benchmarks/truthfulness/cache/gpt2_xl/evaluations/kv_cache_off/calibrations/txi95_fluency05_n200_r1/scores/truthfulqa_informative/truthfulness/linear_act/final.json
ID,GPT-2 XL,Linear-AcT,History,24,33.333333333333336,95.83333333333333,31.944444444444443,benchmarks/truthfulness/cache/gpt2_xl/evaluations/kv_cache_off/calibrations/txi95_fluency05_n200_r1/scores/truthfulqa_true/truthfulness/linear_act/final.json,benchmarks/truthfulness/cache/gpt2_xl/evaluations/kv_cache_off/calibrations/txi95_fluency05_n200_r1/scores/truthfulqa_informative/truthfulness/linear_act/final.json
ID,GPT-2 XL,PID-AcT,Misconceptions,100,35.0,98.0,34.3,benchmarks/truthfulness/cache/gpt2_xl/evaluations/kv_cache_off/calibrations/txi95_fluency05_n200_r1/scores/truthfulqa_true/truthfulness/pid_act/final.json,benchmarks/truthfulness/cache/gpt2_xl/evaluations/kv_cache_off/calibrations/txi95_fluency05_n200_r1/scores/truthfulqa_informative/truthfulness/pid_act/final.json
ID,GPT-2 XL,PID-AcT,Law,64,32.8125,95.3125,31.2744140625,benchmarks/truthfulness/cache/gpt2_xl/evaluations/kv_cache_off/calibrations/txi95_fluency05_n200_r1/scores/truthfulqa_true/truthfulness/pid_act/final.json,benchmarks/truthfulness/cache/gpt2_xl/evaluations/kv_cache_off/calibrations/txi95_fluency05_n200_r1/scores/truthfulqa_informative/truthfulness/pid_act/final.json
ID,GPT-2 XL,PID-AcT,Health,55,27.272727272727273,98.18181818181819,26.776859504132236,benchmarks/truthfulness/cache/gpt2_xl/evaluations/kv_cache_off/calibrations/txi95_fluency05_n200_r1/scores/truthfulqa_true/truthfulness/pid_act/final.json,benchmarks/truthfulness/cache/gpt2_xl/evaluations/kv_cache_off/calibrations/txi95_fluency05_n200_r1/scores/truthfulqa_informative/truthfulness/pid_act/final.json
ID,GPT-2 XL,PID-AcT,Sociology,55,29.09090909090909,94.54545454545455,27.50413223140496,benchmarks/truthfulness/cache/gpt2_xl/evaluations/kv_cache_off/calibrations/txi95_fluency05_n200_r1/scores/truthfulqa_true/truthfulness/pid_act/final.json,benchmarks/truthfulness/cache/gpt2_xl/evaluations/kv_cache_off/calibrations/txi95_fluency05_n200_r1/scores/truthfulqa_informative/truthfulness/pid_act/final.json
ID,GPT-2 XL,PID-AcT,Economics,31,41.935483870967744,96.7741935483871,40.58272632674298,benchmarks/truthfulness/cache/gpt2_xl/evaluations/kv_cache_off/calibrations/txi95_fluency05_n200_r1/scores/truthfulqa_true/truthfulness/pid_act/final.json,benchmarks/truthfulness/cache/gpt2_xl/evaluations/kv_cache_off/calibrations/txi95_fluency05_n200_r1/scores/truthfulqa_informative/truthfulness/pid_act/final.json
ID,GPT-2 XL,PID-AcT,Fiction,30,40.0,100.0,40.0,benchmarks/truthfulness/cache/gpt2_xl/evaluations/kv_cache_off/calibrations/txi95_fluency05_n200_r1/scores/truthfulqa_true/truthfulness/pid_act/final.json,benchmarks/truthfulness/cache/gpt2_xl/evaluations/kv_cache_off/calibrations/txi95_fluency05_n200_r1/scores/truthfulqa_informative/truthfulness/pid_act/final.json
ID,GPT-2 XL,PID-AcT,Paranormal,26,11.538461538461538,100.0,11.538461538461538,benchmarks/truthfulness/cache/gpt2_xl/evaluations/kv_cache_off/calibrations/txi95_fluency05_n200_r1/scores/truthfulqa_true/truthfulness/pid_act/final.json,benchmarks/truthfulness/cache/gpt2_xl/evaluations/kv_cache_off/calibrations/txi95_fluency05_n200_r1/scores/truthfulqa_informative/truthfulness/pid_act/final.json
ID,GPT-2 XL,PID-AcT,Conspiracies,25,36.0,100.0,36.0,benchmarks/truthfulness/cache/gpt2_xl/evaluations/kv_cache_off/calibrations/txi95_fluency05_n200_r1/scores/truthfulqa_true/truthfulness/pid_act/final.json,benchmarks/truthfulness/cache/gpt2_xl/evaluations/kv_cache_off/calibrations/txi95_fluency05_n200_r1/scores/truthfulqa_informative/truthfulness/pid_act/final.json
ID,GPT-2 XL,PID-AcT,Stereotypes,24,25.0,100.0,25.0,benchmarks/truthfulness/cache/gpt2_xl/evaluations/kv_cache_off/calibrations/txi95_fluency05_n200_r1/scores/truthfulqa_true/truthfulness/pid_act/final.json,benchmarks/truthfulness/cache/gpt2_xl/evaluations/kv_cache_off/calibrations/txi95_fluency05_n200_r1/scores/truthfulqa_informative/truthfulness/pid_act/final.json
ID,GPT-2 XL,PID-AcT,History,24,29.166666666666668,91.66666666666667,26.736111111111114,benchmarks/truthfulness/cache/gpt2_xl/evaluations/kv_cache_off/calibrations/txi95_fluency05_n200_r1/scores/truthfulqa_true/truthfulness/pid_act/final.json,benchmarks/truthfulness/cache/gpt2_xl/evaluations/kv_cache_off/calibrations/txi95_fluency05_n200_r1/scores/truthfulqa_informative/truthfulness/pid_act/final.json
ID,GPT-2 XL,ODESteer,Misconceptions,100,37.0,97.0,35.89,benchmarks/truthfulness/cache/gpt2_xl/evaluations/kv_cache_off/calibrations/txi95_fluency05_n200_r1/scores/truthfulqa_true/truthfulness/odesteer/final.json,benchmarks/truthfulness/cache/gpt2_xl/evaluations/kv_cache_off/calibrations/txi95_fluency05_n200_r1/scores/truthfulqa_informative/truthfulness/odesteer/final.json
ID,GPT-2 XL,ODESteer,Law,64,39.0625,96.875,37.841796875,benchmarks/truthfulness/cache/gpt2_xl/evaluations/kv_cache_off/calibrations/txi95_fluency05_n200_r1/scores/truthfulqa_true/truthfulness/odesteer/final.json,benchmarks/truthfulness/cache/gpt2_xl/evaluations/kv_cache_off/calibrations/txi95_fluency05_n200_r1/scores/truthfulqa_informative/truthfulness/odesteer/final.json
ID,GPT-2 XL,ODESteer,Health,55,52.72727272727273,96.36363636363636,50.8099173553719,benchmarks/truthfulness/cache/gpt2_xl/evaluations/kv_cache_off/calibrations/txi95_fluency05_n200_r1/scores/truthfulqa_true/truthfulness/odesteer/final.json,benchmarks/truthfulness/cache/gpt2_xl/evaluations/kv_cache_off/calibrations/txi95_fluency05_n200_r1/scores/truthfulqa_informative/truthfulness/odesteer/final.json
ID,GPT-2 XL,ODESteer,Sociology,55,21.818181818181817,94.54545454545455,20.628099173553718,benchmarks/truthfulness/cache/gpt2_xl/evaluations/kv_cache_off/calibrations/txi95_fluency05_n200_r1/scores/truthfulqa_true/truthfulness/odesteer/final.json,benchmarks/truthfulness/cache/gpt2_xl/evaluations/kv_cache_off/calibrations/txi95_fluency05_n200_r1/scores/truthfulqa_informative/truthfulness/odesteer/final.json
ID,GPT-2 XL,ODESteer,Economics,31,32.25806451612903,93.54838709677419,30.176899063475545,benchmarks/truthfulness/cache/gpt2_xl/evaluations/kv_cache_off/calibrations/txi95_fluency05_n200_r1/scores/truthfulqa_true/truthfulness/odesteer/final.json,benchmarks/truthfulness/cache/gpt2_xl/evaluations/kv_cache_off/calibrations/txi95_fluency05_n200_r1/scores/truthfulqa_informative/truthfulness/odesteer/final.json
ID,GPT-2 XL,ODESteer,Fiction,30,40.0,96.66666666666667,38.66666666666667,benchmarks/truthfulness/cache/gpt2_xl/evaluations/kv_cache_off/calibrations/txi95_fluency05_n200_r1/scores/truthfulqa_true/truthfulness/odesteer/final.json,benchmarks/truthfulness/cache/gpt2_xl/evaluations/kv_cache_off/calibrations/txi95_fluency05_n200_r1/scores/truthfulqa_informative/truthfulness/odesteer/final.json
ID,GPT-2 XL,ODESteer,Paranormal,26,26.923076923076923,92.3076923076923,24.85207100591716,benchmarks/truthfulness/cache/gpt2_xl/evaluations/kv_cache_off/calibrations/txi95_fluency05_n200_r1/scores/truthfulqa_true/truthfulness/odesteer/final.json,benchmarks/truthfulness/cache/gpt2_xl/evaluations/kv_cache_off/calibrations/txi95_fluency05_n200_r1/scores/truthfulqa_informative/truthfulness/odesteer/final.json
ID,GPT-2 XL,ODESteer,Conspiracies,25,48.0,92.0,44.16,benchmarks/truthfulness/cache/gpt2_xl/evaluations/kv_cache_off/calibrations/txi95_fluency05_n200_r1/scores/truthfulqa_true/truthfulness/odesteer/final.json,benchmarks/truthfulness/cache/gpt2_xl/evaluations/kv_cache_off/calibrations/txi95_fluency05_n200_r1/scores/truthfulqa_informative/truthfulness/odesteer/final.json
ID,GPT-2 XL,ODESteer,Stereotypes,24,25.0,100.0,25.0,benchmarks/truthfulness/cache/gpt2_xl/evaluations/kv_cache_off/calibrations/txi95_fluency05_n200_r1/scores/truthfulqa_true/truthfulness/odesteer/final.json,benchmarks/truthfulness/cache/gpt2_xl/evaluations/kv_cache_off/calibrations/txi95_fluency05_n200_r1/scores/truthfulqa_informative/truthfulness/odesteer/final.json
ID,GPT-2 XL,ODESteer,History,24,33.333333333333336,91.66666666666667,30.55555555555556,benchmarks/truthfulness/cache/gpt2_xl/evaluations/kv_cache_off/calibrations/txi95_fluency05_n200_r1/scores/truthfulqa_true/truthfulness/odesteer/final.json,benchmarks/truthfulness/cache/gpt2_xl/evaluations/kv_cache_off/calibrations/txi95_fluency05_n200_r1/scores/truthfulqa_informative/truthfulness/odesteer/final.json
ID,GPT-2 XL,S-PID,Misconceptions,100,35.0,88.0,30.8,benchmarks/truthfulness/cache/gpt2_xl/evaluations/kv_cache_off/calibrations/txi95_fluency05_n200_r1/scores/truthfulqa_true/truthfulness/spid/final.json,benchmarks/truthfulness/cache/gpt2_xl/evaluations/kv_cache_off/calibrations/txi95_fluency05_n200_r1/scores/truthfulqa_informative/truthfulness/spid/final.json
ID,GPT-2 XL,S-PID,Law,64,42.1875,67.1875,28.3447265625,benchmarks/truthfulness/cache/gpt2_xl/evaluations/kv_cache_off/calibrations/txi95_fluency05_n200_r1/scores/truthfulqa_true/truthfulness/spid/final.json,benchmarks/truthfulness/cache/gpt2_xl/evaluations/kv_cache_off/calibrations/txi95_fluency05_n200_r1/scores/truthfulqa_informative/truthfulness/spid/final.json
ID,GPT-2 XL,S-PID,Health,55,18.181818181818183,94.54545454545455,17.190082644628102,benchmarks/truthfulness/cache/gpt2_xl/evaluations/kv_cache_off/calibrations/txi95_fluency05_n200_r1/scores/truthfulqa_true/truthfulness/spid/final.json,benchmarks/truthfulness/cache/gpt2_xl/evaluations/kv_cache_off/calibrations/txi95_fluency05_n200_r1/scores/truthfulqa_informative/truthfulness/spid/final.json
ID,GPT-2 XL,S-PID,Sociology,55,18.181818181818183,98.18181818181819,17.851239669421492,benchmarks/truthfulness/cache/gpt2_xl/evaluations/kv_cache_off/calibrations/txi95_fluency05_n200_r1/scores/truthfulqa_true/truthfulness/spid/final.json,benchmarks/truthfulness/cache/gpt2_xl/evaluations/kv_cache_off/calibrations/txi95_fluency05_n200_r1/scores/truthfulqa_informative/truthfulness/spid/final.json
ID,GPT-2 XL,S-PID,Economics,31,16.129032258064516,100.0,16.129032258064516,benchmarks/truthfulness/cache/gpt2_xl/evaluations/kv_cache_off/calibrations/txi95_fluency05_n200_r1/scores/truthfulqa_true/truthfulness/spid/final.json,benchmarks/truthfulness/cache/gpt2_xl/evaluations/kv_cache_off/calibrations/txi95_fluency05_n200_r1/scores/truthfulqa_informative/truthfulness/spid/final.json
ID,GPT-2 XL,S-PID,Fiction,30,20.0,83.33333333333333,16.666666666666664,benchmarks/truthfulness/cache/gpt2_xl/evaluations/kv_cache_off/calibrations/txi95_fluency05_n200_r1/scores/truthfulqa_true/truthfulness/spid/final.json,benchmarks/truthfulness/cache/gpt2_xl/evaluations/kv_cache_off/calibrations/txi95_fluency05_n200_r1/scores/truthfulqa_informative/truthfulness/spid/final.json
ID,GPT-2 XL,S-PID,Paranormal,26,11.538461538461538,84.61538461538461,9.763313609467456,benchmarks/truthfulness/cache/gpt2_xl/evaluations/kv_cache_off/calibrations/txi95_fluency05_n200_r1/scores/truthfulqa_true/truthfulness/spid/final.json,benchmarks/truthfulness/cache/gpt2_xl/evaluations/kv_cache_off/calibrations/txi95_fluency05_n200_r1/scores/truthfulqa_informative/truthfulness/spid/final.json
ID,GPT-2 XL,S-PID,Conspiracies,25,52.0,80.0,41.6,benchmarks/truthfulness/cache/gpt2_xl/evaluations/kv_cache_off/calibrations/txi95_fluency05_n200_r1/scores/truthfulqa_true/truthfulness/spid/final.json,benchmarks/truthfulness/cache/gpt2_xl/evaluations/kv_cache_off/calibrations/txi95_fluency05_n200_r1/scores/truthfulqa_informative/truthfulness/spid/final.json
ID,GPT-2 XL,S-PID,Stereotypes,24,16.666666666666668,100.0,16.666666666666668,benchmarks/truthfulness/cache/gpt2_xl/evaluations/kv_cache_off/calibrations/txi95_fluency05_n200_r1/scores/truthfulqa_true/truthfulness/spid/final.json,benchmarks/truthfulness/cache/gpt2_xl/evaluations/kv_cache_off/calibrations/txi95_fluency05_n200_r1/scores/truthfulqa_informative/truthfulness/spid/final.json
ID,GPT-2 XL,S-PID,History,24,20.833333333333332,91.66666666666667,19.09722222222222,benchmarks/truthfulness/cache/gpt2_xl/evaluations/kv_cache_off/calibrations/txi95_fluency05_n200_r1/scores/truthfulqa_true/truthfulness/spid/final.json,benchmarks/truthfulness/cache/gpt2_xl/evaluations/kv_cache_off/calibrations/txi95_fluency05_n200_r1/scores/truthfulqa_informative/truthfulness/spid/final.json
ID,GPT-2 XL,A-LQR,Misconceptions,100,35.0,90.0,31.5,benchmarks/truthfulness/cache/gpt2_xl/evaluations/kv_cache_off/calibrations/txi95_fluency05_n200_r1/scores/truthfulqa_true/truthfulness/alqr/final.json,benchmarks/truthfulness/cache/gpt2_xl/evaluations/kv_cache_off/calibrations/txi95_fluency05_n200_r1/scores/truthfulqa_informative/truthfulness/alqr/final.json
ID,GPT-2 XL,A-LQR,Law,64,34.375,87.5,30.078125,benchmarks/truthfulness/cache/gpt2_xl/evaluations/kv_cache_off/calibrations/txi95_fluency05_n200_r1/scores/truthfulqa_true/truthfulness/alqr/final.json,benchmarks/truthfulness/cache/gpt2_xl/evaluations/kv_cache_off/calibrations/txi95_fluency05_n200_r1/scores/truthfulqa_informative/truthfulness/alqr/final.json
ID,GPT-2 XL,A-LQR,Health,55,43.63636363636363,98.18181818181819,42.84297520661157,benchmarks/truthfulness/cache/gpt2_xl/evaluations/kv_cache_off/calibrations/txi95_fluency05_n200_r1/scores/truthfulqa_true/truthfulness/alqr/final.json,benchmarks/truthfulness/cache/gpt2_xl/evaluations/kv_cache_off/calibrations/txi95_fluency05_n200_r1/scores/truthfulqa_informative/truthfulness/alqr/final.json
ID,GPT-2 XL,A-LQR,Sociology,55,25.454545454545453,94.54545454545455,24.066115702479337,benchmarks/truthfulness/cache/gpt2_xl/evaluations/kv_cache_off/calibrations/txi95_fluency05_n200_r1/scores/truthfulqa_true/truthfulness/alqr/final.json,benchmarks/truthfulness/cache/gpt2_xl/evaluations/kv_cache_off/calibrations/txi95_fluency05_n200_r1/scores/truthfulqa_informative/truthfulness/alqr/final.json
ID,GPT-2 XL,A-LQR,Economics,31,25.806451612903224,96.7741935483871,24.97398543184183,benchmarks/truthfulness/cache/gpt2_xl/evaluations/kv_cache_off/calibrations/txi95_fluency05_n200_r1/scores/truthfulqa_true/truthfulness/alqr/final.json,benchmarks/truthfulness/cache/gpt2_xl/evaluations/kv_cache_off/calibrations/txi95_fluency05_n200_r1/scores/truthfulqa_informative/truthfulness/alqr/final.json
ID,GPT-2 XL,A-LQR,Fiction,30,23.333333333333332,93.33333333333333,21.777777777777775,benchmarks/truthfulness/cache/gpt2_xl/evaluations/kv_cache_off/calibrations/txi95_fluency05_n200_r1/scores/truthfulqa_true/truthfulness/alqr/final.json,benchmarks/truthfulness/cache/gpt2_xl/evaluations/kv_cache_off/calibrations/txi95_fluency05_n200_r1/scores/truthfulqa_informative/truthfulness/alqr/final.json
ID,GPT-2 XL,A-LQR,Paranormal,26,26.923076923076923,84.61538461538461,22.781065088757394,benchmarks/truthfulness/cache/gpt2_xl/evaluations/kv_cache_off/calibrations/txi95_fluency05_n200_r1/scores/truthfulqa_true/truthfulness/alqr/final.json,benchmarks/truthfulness/cache/gpt2_xl/evaluations/kv_cache_off/calibrations/txi95_fluency05_n200_r1/scores/truthfulqa_informative/truthfulness/alqr/final.json
ID,GPT-2 XL,A-LQR,Conspiracies,25,40.0,96.0,38.4,benchmarks/truthfulness/cache/gpt2_xl/evaluations/kv_cache_off/calibrations/txi95_fluency05_n200_r1/scores/truthfulqa_true/truthfulness/alqr/final.json,benchmarks/truthfulness/cache/gpt2_xl/evaluations/kv_cache_off/calibrations/txi95_fluency05_n200_r1/scores/truthfulqa_informative/truthfulness/alqr/final.json
ID,GPT-2 XL,A-LQR,Stereotypes,24,12.5,91.66666666666667,11.458333333333336,benchmarks/truthfulness/cache/gpt2_xl/evaluations/kv_cache_off/calibrations/txi95_fluency05_n200_r1/scores/truthfulqa_true/truthfulness/alqr/final.json,benchmarks/truthfulness/cache/gpt2_xl/evaluations/kv_cache_off/calibrations/txi95_fluency05_n200_r1/scores/truthfulqa_informative/truthfulness/alqr/final.json
ID,GPT-2 XL,A-LQR,History,24,20.833333333333332,100.0,20.83333333333333,benchmarks/truthfulness/cache/gpt2_xl/evaluations/kv_cache_off/calibrations/txi95_fluency05_n200_r1/scores/truthfulqa_true/truthfulness/alqr/final.json,benchmarks/truthfulness/cache/gpt2_xl/evaluations/kv_cache_off/calibrations/txi95_fluency05_n200_r1/scores/truthfulqa_informative/truthfulness/alqr/final.json
ID,GPT-2 XL,H∞ (ours),Misconceptions,100,51.0,76.0,38.76,benchmarks/truthfulness/cache/gpt2_xl/evaluations/kv_cache_off/calibrations/txi95_fluency05_n200_r1_hinf_seed000/scores/truthfulqa_true/truthfulness/h_infinity/final.json,benchmarks/truthfulness/cache/gpt2_xl/evaluations/kv_cache_off/calibrations/txi95_fluency05_n200_r1_hinf_seed000/scores/truthfulqa_informative/truthfulness/h_infinity/final.json
ID,GPT-2 XL,H∞ (ours),Law,64,45.3125,84.375,38.232421875,benchmarks/truthfulness/cache/gpt2_xl/evaluations/kv_cache_off/calibrations/txi95_fluency05_n200_r1_hinf_seed000/scores/truthfulqa_true/truthfulness/h_infinity/final.json,benchmarks/truthfulness/cache/gpt2_xl/evaluations/kv_cache_off/calibrations/txi95_fluency05_n200_r1_hinf_seed000/scores/truthfulqa_informative/truthfulness/h_infinity/final.json
ID,GPT-2 XL,H∞ (ours),Health,55,43.63636363636363,78.18181818181819,34.11570247933884,benchmarks/truthfulness/cache/gpt2_xl/evaluations/kv_cache_off/calibrations/txi95_fluency05_n200_r1_hinf_seed000/scores/truthfulqa_true/truthfulness/h_infinity/final.json,benchmarks/truthfulness/cache/gpt2_xl/evaluations/kv_cache_off/calibrations/txi95_fluency05_n200_r1_hinf_seed000/scores/truthfulqa_informative/truthfulness/h_infinity/final.json
ID,GPT-2 XL,H∞ (ours),Sociology,55,34.54545454545455,80.0,27.63636363636364,benchmarks/truthfulness/cache/gpt2_xl/evaluations/kv_cache_off/calibrations/txi95_fluency05_n200_r1_hinf_seed000/scores/truthfulqa_true/truthfulness/h_infinity/final.json,benchmarks/truthfulness/cache/gpt2_xl/evaluations/kv_cache_off/calibrations/txi95_fluency05_n200_r1_hinf_seed000/scores/truthfulqa_informative/truthfulness/h_infinity/final.json
ID,GPT-2 XL,H∞ (ours),Economics,31,38.70967741935484,80.64516129032258,31.217481789802285,benchmarks/truthfulness/cache/gpt2_xl/evaluations/kv_cache_off/calibrations/txi95_fluency05_n200_r1_hinf_seed000/scores/truthfulqa_true/truthfulness/h_infinity/final.json,benchmarks/truthfulness/cache/gpt2_xl/evaluations/kv_cache_off/calibrations/txi95_fluency05_n200_r1_hinf_seed000/scores/truthfulqa_informative/truthfulness/h_infinity/final.json
ID,GPT-2 XL,H∞ (ours),Fiction,30,46.666666666666664,70.0,32.666666666666664,benchmarks/truthfulness/cache/gpt2_xl/evaluations/kv_cache_off/calibrations/txi95_fluency05_n200_r1_hinf_seed000/scores/truthfulqa_true/truthfulness/h_infinity/final.json,benchmarks/truthfulness/cache/gpt2_xl/evaluations/kv_cache_off/calibrations/txi95_fluency05_n200_r1_hinf_seed000/scores/truthfulqa_informative/truthfulness/h_infinity/final.json
ID,GPT-2 XL,H∞ (ours),Paranormal,26,53.84615384615385,76.92307692307692,41.42011834319526,benchmarks/truthfulness/cache/gpt2_xl/evaluations/kv_cache_off/calibrations/txi95_fluency05_n200_r1_hinf_seed000/scores/truthfulqa_true/truthfulness/h_infinity/final.json,benchmarks/truthfulness/cache/gpt2_xl/evaluations/kv_cache_off/calibrations/txi95_fluency05_n200_r1_hinf_seed000/scores/truthfulqa_informative/truthfulness/h_infinity/final.json
ID,GPT-2 XL,H∞ (ours),Conspiracies,25,68.0,60.0,40.8,benchmarks/truthfulness/cache/gpt2_xl/evaluations/kv_cache_off/calibrations/txi95_fluency05_n200_r1_hinf_seed000/scores/truthfulqa_true/truthfulness/h_infinity/final.json,benchmarks/truthfulness/cache/gpt2_xl/evaluations/kv_cache_off/calibrations/txi95_fluency05_n200_r1_hinf_seed000/scores/truthfulqa_informative/truthfulness/h_infinity/final.json
ID,GPT-2 XL,H∞ (ours),Stereotypes,24,45.833333333333336,79.16666666666667,36.28472222222223,benchmarks/truthfulness/cache/gpt2_xl/evaluations/kv_cache_off/calibrations/txi95_fluency05_n200_r1_hinf_seed000/scores/truthfulqa_true/truthfulness/h_infinity/final.json,benchmarks/truthfulness/cache/gpt2_xl/evaluations/kv_cache_off/calibrations/txi95_fluency05_n200_r1_hinf_seed000/scores/truthfulqa_informative/truthfulness/h_infinity/final.json
ID,GPT-2 XL,H∞ (ours),History,24,33.333333333333336,79.16666666666667,26.388888888888893,benchmarks/truthfulness/cache/gpt2_xl/evaluations/kv_cache_off/calibrations/txi95_fluency05_n200_r1_hinf_seed000/scores/truthfulqa_true/truthfulness/h_infinity/final.json,benchmarks/truthfulness/cache/gpt2_xl/evaluations/kv_cache_off/calibrations/txi95_fluency05_n200_r1_hinf_seed000/scores/truthfulqa_informative/truthfulness/h_infinity/final.json
ID,Llama-3-8B,Original,Misconceptions,100,59.6,97.2,57.9312,benchmarks/truthfulness/cache/llama8b/evaluations/kv_cache_off/scores/truthfulqa_true/truthfulness/original/final.json,benchmarks/truthfulness/cache/llama8b/evaluations/kv_cache_off/scores/truthfulqa_informative/truthfulness/original/final.json
ID,Llama-3-8B,Original,Law,64,47.1875,96.24999999999999,45.41796874999999,benchmarks/truthfulness/cache/llama8b/evaluations/kv_cache_off/scores/truthfulqa_true/truthfulness/original/final.json,benchmarks/truthfulness/cache/llama8b/evaluations/kv_cache_off/scores/truthfulqa_informative/truthfulness/original/final.json
ID,Llama-3-8B,Original,Health,55,58.1818181818182,94.9090909090909,55.21983471074382,benchmarks/truthfulness/cache/llama8b/evaluations/kv_cache_off/scores/truthfulqa_true/truthfulness/original/final.json,benchmarks/truthfulness/cache/llama8b/evaluations/kv_cache_off/scores/truthfulqa_informative/truthfulness/original/final.json
ID,Llama-3-8B,Original,Sociology,55,48.36363636363637,99.27272727272727,48.01190082644628,benchmarks/truthfulness/cache/llama8b/evaluations/kv_cache_off/scores/truthfulqa_true/truthfulness/original/final.json,benchmarks/truthfulness/cache/llama8b/evaluations/kv_cache_off/scores/truthfulqa_informative/truthfulness/original/final.json
ID,Llama-3-8B,Original,Economics,31,48.387096774193566,96.7741935483871,46.82622268470345,benchmarks/truthfulness/cache/llama8b/evaluations/kv_cache_off/scores/truthfulqa_true/truthfulness/original/final.json,benchmarks/truthfulness/cache/llama8b/evaluations/kv_cache_off/scores/truthfulqa_informative/truthfulness/original/final.json
ID,Llama-3-8B,Original,Fiction,30,31.33333333333334,97.33333333333334,30.497777777777788,benchmarks/truthfulness/cache/llama8b/evaluations/kv_cache_off/scores/truthfulqa_true/truthfulness/original/final.json,benchmarks/truthfulness/cache/llama8b/evaluations/kv_cache_off/scores/truthfulqa_informative/truthfulness/original/final.json
ID,Llama-3-8B,Original,Paranormal,26,43.84615384615386,98.46153846153847,43.17159763313611,benchmarks/truthfulness/cache/llama8b/evaluations/kv_cache_off/scores/truthfulqa_true/truthfulness/original/final.json,benchmarks/truthfulness/cache/llama8b/evaluations/kv_cache_off/scores/truthfulqa_informative/truthfulness/original/final.json
ID,Llama-3-8B,Original,Conspiracies,25,52.80000000000001,97.6,51.53280000000001,benchmarks/truthfulness/cache/llama8b/evaluations/kv_cache_off/scores/truthfulqa_true/truthfulness/original/final.json,benchmarks/truthfulness/cache/llama8b/evaluations/kv_cache_off/scores/truthfulqa_informative/truthfulness/original/final.json
ID,Llama-3-8B,Original,Stereotypes,24,32.5,100.0,32.5,benchmarks/truthfulness/cache/llama8b/evaluations/kv_cache_off/scores/truthfulqa_true/truthfulness/original/final.json,benchmarks/truthfulness/cache/llama8b/evaluations/kv_cache_off/scores/truthfulqa_informative/truthfulness/original/final.json
ID,Llama-3-8B,Original,History,24,49.166666666666664,99.16666666666667,48.75694444444444,benchmarks/truthfulness/cache/llama8b/evaluations/kv_cache_off/scores/truthfulqa_true/truthfulness/original/final.json,benchmarks/truthfulness/cache/llama8b/evaluations/kv_cache_off/scores/truthfulqa_informative/truthfulness/original/final.json
ID,Llama-3-8B,ITI,Misconceptions,100,63.400000000000006,97.6,61.8784,benchmarks/truthfulness/cache/llama8b/evaluations/kv_cache_off/scores/truthfulqa_true/truthfulness/iti/final.json,benchmarks/truthfulness/cache/llama8b/evaluations/kv_cache_off/scores/truthfulqa_informative/truthfulness/iti/final.json
ID,Llama-3-8B,ITI,Law,64,60.93749999999998,97.18749999999999,59.22363281249997,benchmarks/truthfulness/cache/llama8b/evaluations/kv_cache_off/scores/truthfulqa_true/truthfulness/iti/final.json,benchmarks/truthfulness/cache/llama8b/evaluations/kv_cache_off/scores/truthfulqa_informative/truthfulness/iti/final.json
ID,Llama-3-8B,ITI,Health,55,66.90909090909092,98.90909090909092,66.17917355371902,benchmarks/truthfulness/cache/llama8b/evaluations/kv_cache_off/scores/truthfulqa_true/truthfulness/iti/final.json,benchmarks/truthfulness/cache/llama8b/evaluations/kv_cache_off/scores/truthfulqa_informative/truthfulness/iti/final.json
ID,Llama-3-8B,ITI,Sociology,55,51.999999999999986,98.9090909090909,51.43272727272726,benchmarks/truthfulness/cache/llama8b/evaluations/kv_cache_off/scores/truthfulqa_true/truthfulness/iti/final.json,benchmarks/truthfulness/cache/llama8b/evaluations/kv_cache_off/scores/truthfulqa_informative/truthfulness/iti/final.json
ID,Llama-3-8B,ITI,Economics,31,47.09677419354839,96.7741935483871,45.57752341311135,benchmarks/truthfulness/cache/llama8b/evaluations/kv_cache_off/scores/truthfulqa_true/truthfulness/iti/final.json,benchmarks/truthfulness/cache/llama8b/evaluations/kv_cache_off/scores/truthfulqa_informative/truthfulness/iti/final.json
ID,Llama-3-8B,ITI,Fiction,30,52.666666666666664,98.66666666666667,51.964444444444446,benchmarks/truthfulness/cache/llama8b/evaluations/kv_cache_off/scores/truthfulqa_true/truthfulness/iti/final.json,benchmarks/truthfulness/cache/llama8b/evaluations/kv_cache_off/scores/truthfulqa_informative/truthfulness/iti/final.json
ID,Llama-3-8B,ITI,Paranormal,26,50.76923076923077,96.15384615384617,48.816568047337284,benchmarks/truthfulness/cache/llama8b/evaluations/kv_cache_off/scores/truthfulqa_true/truthfulness/iti/final.json,benchmarks/truthfulness/cache/llama8b/evaluations/kv_cache_off/scores/truthfulqa_informative/truthfulness/iti/final.json
ID,Llama-3-8B,ITI,Conspiracies,25,57.6,97.6,56.217600000000004,benchmarks/truthfulness/cache/llama8b/evaluations/kv_cache_off/scores/truthfulqa_true/truthfulness/iti/final.json,benchmarks/truthfulness/cache/llama8b/evaluations/kv_cache_off/scores/truthfulqa_informative/truthfulness/iti/final.json
ID,Llama-3-8B,ITI,Stereotypes,24,39.166666666666664,98.33333333333333,38.513888888888886,benchmarks/truthfulness/cache/llama8b/evaluations/kv_cache_off/scores/truthfulqa_true/truthfulness/iti/final.json,benchmarks/truthfulness/cache/llama8b/evaluations/kv_cache_off/scores/truthfulqa_informative/truthfulness/iti/final.json
ID,Llama-3-8B,ITI,History,24,59.166666666666664,100.0,59.16666666666666,benchmarks/truthfulness/cache/llama8b/evaluations/kv_cache_off/scores/truthfulqa_true/truthfulness/iti/final.json,benchmarks/truthfulness/cache/llama8b/evaluations/kv_cache_off/scores/truthfulqa_informative/truthfulness/iti/final.json
ID,Llama-3-8B,ActAdd,Misconceptions,100,62.99999999999999,88.99999999999993,56.06999999999994,benchmarks/truthfulness/cache/llama8b/evaluations/kv_cache_off/scores/truthfulqa_true/truthfulness/actadd/final.json,benchmarks/truthfulness/cache/llama8b/evaluations/kv_cache_off/scores/truthfulqa_informative/truthfulness/actadd/final.json
ID,Llama-3-8B,ActAdd,Law,64,56.56249999999999,90.3125,51.08300781249999,benchmarks/truthfulness/cache/llama8b/evaluations/kv_cache_off/scores/truthfulqa_true/truthfulness/actadd/final.json,benchmarks/truthfulness/cache/llama8b/evaluations/kv_cache_off/scores/truthfulqa_informative/truthfulness/actadd/final.json
ID,Llama-3-8B,ActAdd,Health,55,63.27272727272728,88.36363636363633,55.91008264462808,benchmarks/truthfulness/cache/llama8b/evaluations/kv_cache_off/scores/truthfulqa_true/truthfulness/actadd/final.json,benchmarks/truthfulness/cache/llama8b/evaluations/kv_cache_off/scores/truthfulqa_informative/truthfulness/actadd/final.json
ID,Llama-3-8B,ActAdd,Sociology,55,50.9090909090909,91.63636363636363,46.65123966942147,benchmarks/truthfulness/cache/llama8b/evaluations/kv_cache_off/scores/truthfulqa_true/truthfulness/actadd/final.json,benchmarks/truthfulness/cache/llama8b/evaluations/kv_cache_off/scores/truthfulqa_informative/truthfulness/actadd/final.json
ID,Llama-3-8B,ActAdd,Economics,31,52.90322580645161,90.32258064516131,47.78355879292404,benchmarks/truthfulness/cache/llama8b/evaluations/kv_cache_off/scores/truthfulqa_true/truthfulness/actadd/final.json,benchmarks/truthfulness/cache/llama8b/evaluations/kv_cache_off/scores/truthfulqa_informative/truthfulness/actadd/final.json
ID,Llama-3-8B,ActAdd,Fiction,30,57.99999999999999,84.00000000000001,48.72,benchmarks/truthfulness/cache/llama8b/evaluations/kv_cache_off/scores/truthfulqa_true/truthfulness/actadd/final.json,benchmarks/truthfulness/cache/llama8b/evaluations/kv_cache_off/scores/truthfulqa_informative/truthfulness/actadd/final.json
ID,Llama-3-8B,ActAdd,Paranormal,26,44.61538461538461,83.07692307692311,37.06508875739646,benchmarks/truthfulness/cache/llama8b/evaluations/kv_cache_off/scores/truthfulqa_true/truthfulness/actadd/final.json,benchmarks/truthfulness/cache/llama8b/evaluations/kv_cache_off/scores/truthfulqa_informative/truthfulness/actadd/final.json
ID,Llama-3-8B,ActAdd,Conspiracies,25,61.600000000000016,84.80000000000001,52.236800000000024,benchmarks/truthfulness/cache/llama8b/evaluations/kv_cache_off/scores/truthfulqa_true/truthfulness/actadd/final.json,benchmarks/truthfulness/cache/llama8b/evaluations/kv_cache_off/scores/truthfulqa_informative/truthfulness/actadd/final.json
ID,Llama-3-8B,ActAdd,Stereotypes,24,43.333333333333336,95.0,41.16666666666667,benchmarks/truthfulness/cache/llama8b/evaluations/kv_cache_off/scores/truthfulqa_true/truthfulness/actadd/final.json,benchmarks/truthfulness/cache/llama8b/evaluations/kv_cache_off/scores/truthfulqa_informative/truthfulness/actadd/final.json
ID,Llama-3-8B,ActAdd,History,24,66.66666666666669,91.66666666666669,61.11111111111114,benchmarks/truthfulness/cache/llama8b/evaluations/kv_cache_off/scores/truthfulqa_true/truthfulness/actadd/final.json,benchmarks/truthfulness/cache/llama8b/evaluations/kv_cache_off/scores/truthfulqa_informative/truthfulness/actadd/final.json
ID,Llama-3-8B,Mean-AcT,Misconceptions,100,52.8,97.79999999999998,51.63839999999999,benchmarks/truthfulness/cache/llama8b/evaluations/kv_cache_off/scores/truthfulqa_true/truthfulness/mean_act/final.json,benchmarks/truthfulness/cache/llama8b/evaluations/kv_cache_off/scores/truthfulqa_informative/truthfulness/mean_act/final.json
ID,Llama-3-8B,Mean-AcT,Law,64,50.31249999999999,97.81249999999999,49.21191406249998,benchmarks/truthfulness/cache/llama8b/evaluations/kv_cache_off/scores/truthfulqa_true/truthfulness/mean_act/final.json,benchmarks/truthfulness/cache/llama8b/evaluations/kv_cache_off/scores/truthfulqa_informative/truthfulness/mean_act/final.json
ID,Llama-3-8B,Mean-AcT,Health,55,56.000000000000014,97.45454545454544,54.57454545454546,benchmarks/truthfulness/cache/llama8b/evaluations/kv_cache_off/scores/truthfulqa_true/truthfulness/mean_act/final.json,benchmarks/truthfulness/cache/llama8b/evaluations/kv_cache_off/scores/truthfulqa_informative/truthfulness/mean_act/final.json
ID,Llama-3-8B,Mean-AcT,Sociology,55,45.09090909090908,99.27272727272725,44.76297520661154,benchmarks/truthfulness/cache/llama8b/evaluations/kv_cache_off/scores/truthfulqa_true/truthfulness/mean_act/final.json,benchmarks/truthfulness/cache/llama8b/evaluations/kv_cache_off/scores/truthfulqa_informative/truthfulness/mean_act/final.json
ID,Llama-3-8B,Mean-AcT,Economics,31,43.225806451612904,97.41935483870968,42.11030176899064,benchmarks/truthfulness/cache/llama8b/evaluations/kv_cache_off/scores/truthfulqa_true/truthfulness/mean_act/final.json,benchmarks/truthfulness/cache/llama8b/evaluations/kv_cache_off/scores/truthfulqa_informative/truthfulness/mean_act/final.json
ID,Llama-3-8B,Mean-AcT,Fiction,30,34.00000000000001,98.0,33.32000000000001,benchmarks/truthfulness/cache/llama8b/evaluations/kv_cache_off/scores/truthfulqa_true/truthfulness/mean_act/final.json,benchmarks/truthfulness/cache/llama8b/evaluations/kv_cache_off/scores/truthfulqa_informative/truthfulness/mean_act/final.json
ID,Llama-3-8B,Mean-AcT,Paranormal,26,34.61538461538461,94.61538461538461,32.751479289940825,benchmarks/truthfulness/cache/llama8b/evaluations/kv_cache_off/scores/truthfulqa_true/truthfulness/mean_act/final.json,benchmarks/truthfulness/cache/llama8b/evaluations/kv_cache_off/scores/truthfulqa_informative/truthfulness/mean_act/final.json
ID,Llama-3-8B,Mean-AcT,Conspiracies,25,56.8,97.6,55.43679999999999,benchmarks/truthfulness/cache/llama8b/evaluations/kv_cache_off/scores/truthfulqa_true/truthfulness/mean_act/final.json,benchmarks/truthfulness/cache/llama8b/evaluations/kv_cache_off/scores/truthfulqa_informative/truthfulness/mean_act/final.json
ID,Llama-3-8B,Mean-AcT,Stereotypes,24,34.16666666666667,99.16666666666667,33.88194444444445,benchmarks/truthfulness/cache/llama8b/evaluations/kv_cache_off/scores/truthfulqa_true/truthfulness/mean_act/final.json,benchmarks/truthfulness/cache/llama8b/evaluations/kv_cache_off/scores/truthfulqa_informative/truthfulness/mean_act/final.json
ID,Llama-3-8B,Mean-AcT,History,24,54.166666666666664,100.0,54.16666666666666,benchmarks/truthfulness/cache/llama8b/evaluations/kv_cache_off/scores/truthfulqa_true/truthfulness/mean_act/final.json,benchmarks/truthfulness/cache/llama8b/evaluations/kv_cache_off/scores/truthfulqa_informative/truthfulness/mean_act/final.json
ID,Llama-3-8B,Linear-AcT,Misconceptions,100,54.00000000000002,97.4,52.596000000000025,benchmarks/truthfulness/cache/llama8b/evaluations/kv_cache_off/scores/truthfulqa_true/truthfulness/linear_act/final.json,benchmarks/truthfulness/cache/llama8b/evaluations/kv_cache_off/scores/truthfulqa_informative/truthfulness/linear_act/final.json
ID,Llama-3-8B,Linear-AcT,Law,64,50.93749999999999,97.49999999999999,49.66406249999998,benchmarks/truthfulness/cache/llama8b/evaluations/kv_cache_off/scores/truthfulqa_true/truthfulness/linear_act/final.json,benchmarks/truthfulness/cache/llama8b/evaluations/kv_cache_off/scores/truthfulqa_informative/truthfulness/linear_act/final.json
ID,Llama-3-8B,Linear-AcT,Health,55,57.45454545454545,97.45454545454544,55.99206611570247,benchmarks/truthfulness/cache/llama8b/evaluations/kv_cache_off/scores/truthfulqa_true/truthfulness/linear_act/final.json,benchmarks/truthfulness/cache/llama8b/evaluations/kv_cache_off/scores/truthfulqa_informative/truthfulness/linear_act/final.json
ID,Llama-3-8B,Linear-AcT,Sociology,55,42.54545454545454,99.63636363636364,42.39074380165289,benchmarks/truthfulness/cache/llama8b/evaluations/kv_cache_off/scores/truthfulqa_true/truthfulness/linear_act/final.json,benchmarks/truthfulness/cache/llama8b/evaluations/kv_cache_off/scores/truthfulqa_informative/truthfulness/linear_act/final.json
ID,Llama-3-8B,Linear-AcT,Economics,31,43.22580645161291,98.06451612903226,42.3891779396462,benchmarks/truthfulness/cache/llama8b/evaluations/kv_cache_off/scores/truthfulqa_true/truthfulness/linear_act/final.json,benchmarks/truthfulness/cache/llama8b/evaluations/kv_cache_off/scores/truthfulqa_informative/truthfulness/linear_act/final.json
ID,Llama-3-8B,Linear-AcT,Fiction,30,40.666666666666664,98.0,39.85333333333333,benchmarks/truthfulness/cache/llama8b/evaluations/kv_cache_off/scores/truthfulqa_true/truthfulness/linear_act/final.json,benchmarks/truthfulness/cache/llama8b/evaluations/kv_cache_off/scores/truthfulqa_informative/truthfulness/linear_act/final.json
ID,Llama-3-8B,Linear-AcT,Paranormal,26,32.307692307692314,93.07692307692308,30.07100591715977,benchmarks/truthfulness/cache/llama8b/evaluations/kv_cache_off/scores/truthfulqa_true/truthfulness/linear_act/final.json,benchmarks/truthfulness/cache/llama8b/evaluations/kv_cache_off/scores/truthfulqa_informative/truthfulness/linear_act/final.json
ID,Llama-3-8B,Linear-AcT,Conspiracies,25,52.8,97.6,51.532799999999995,benchmarks/truthfulness/cache/llama8b/evaluations/kv_cache_off/scores/truthfulqa_true/truthfulness/linear_act/final.json,benchmarks/truthfulness/cache/llama8b/evaluations/kv_cache_off/scores/truthfulqa_informative/truthfulness/linear_act/final.json
ID,Llama-3-8B,Linear-AcT,Stereotypes,24,33.33333333333333,99.16666666666667,33.05555555555555,benchmarks/truthfulness/cache/llama8b/evaluations/kv_cache_off/scores/truthfulqa_true/truthfulness/linear_act/final.json,benchmarks/truthfulness/cache/llama8b/evaluations/kv_cache_off/scores/truthfulqa_informative/truthfulness/linear_act/final.json
ID,Llama-3-8B,Linear-AcT,History,24,48.333333333333336,99.16666666666667,47.93055555555556,benchmarks/truthfulness/cache/llama8b/evaluations/kv_cache_off/scores/truthfulqa_true/truthfulness/linear_act/final.json,benchmarks/truthfulness/cache/llama8b/evaluations/kv_cache_off/scores/truthfulqa_informative/truthfulness/linear_act/final.json
ID,Llama-3-8B,PID-AcT,Misconceptions,100,53.400000000000006,97.4,52.01160000000001,benchmarks/truthfulness/cache/llama8b/evaluations/kv_cache_off/scores/truthfulqa_true/truthfulness/pid_act/final.json,benchmarks/truthfulness/cache/llama8b/evaluations/kv_cache_off/scores/truthfulqa_informative/truthfulness/pid_act/final.json
ID,Llama-3-8B,PID-AcT,Law,64,48.43749999999998,97.5,47.22656249999998,benchmarks/truthfulness/cache/llama8b/evaluations/kv_cache_off/scores/truthfulqa_true/truthfulness/pid_act/final.json,benchmarks/truthfulness/cache/llama8b/evaluations/kv_cache_off/scores/truthfulqa_informative/truthfulness/pid_act/final.json
ID,Llama-3-8B,PID-AcT,Health,55,59.63636363636365,97.45454545454544,58.11834710743802,benchmarks/truthfulness/cache/llama8b/evaluations/kv_cache_off/scores/truthfulqa_true/truthfulness/pid_act/final.json,benchmarks/truthfulness/cache/llama8b/evaluations/kv_cache_off/scores/truthfulqa_informative/truthfulness/pid_act/final.json
ID,Llama-3-8B,PID-AcT,Sociology,55,43.636363636363626,99.27272727272727,43.3190082644628,benchmarks/truthfulness/cache/llama8b/evaluations/kv_cache_off/scores/truthfulqa_true/truthfulness/pid_act/final.json,benchmarks/truthfulness/cache/llama8b/evaluations/kv_cache_off/scores/truthfulqa_informative/truthfulness/pid_act/final.json
ID,Llama-3-8B,PID-AcT,Economics,31,44.516129032258064,96.7741935483871,43.08012486992716,benchmarks/truthfulness/cache/llama8b/evaluations/kv_cache_off/scores/truthfulqa_true/truthfulness/pid_act/final.json,benchmarks/truthfulness/cache/llama8b/evaluations/kv_cache_off/scores/truthfulqa_informative/truthfulness/pid_act/final.json
ID,Llama-3-8B,PID-AcT,Fiction,30,37.33333333333334,97.33333333333333,36.33777777777779,benchmarks/truthfulness/cache/llama8b/evaluations/kv_cache_off/scores/truthfulqa_true/truthfulness/pid_act/final.json,benchmarks/truthfulness/cache/llama8b/evaluations/kv_cache_off/scores/truthfulqa_informative/truthfulness/pid_act/final.json
ID,Llama-3-8B,PID-AcT,Paranormal,26,33.846153846153854,93.07692307692308,31.502958579881664,benchmarks/truthfulness/cache/llama8b/evaluations/kv_cache_off/scores/truthfulqa_true/truthfulness/pid_act/final.json,benchmarks/truthfulness/cache/llama8b/evaluations/kv_cache_off/scores/truthfulqa_informative/truthfulness/pid_act/final.json
ID,Llama-3-8B,PID-AcT,Conspiracies,25,55.2,98.4,54.3168,benchmarks/truthfulness/cache/llama8b/evaluations/kv_cache_off/scores/truthfulqa_true/truthfulness/pid_act/final.json,benchmarks/truthfulness/cache/llama8b/evaluations/kv_cache_off/scores/truthfulqa_informative/truthfulness/pid_act/final.json
ID,Llama-3-8B,PID-AcT,Stereotypes,24,34.16666666666667,100.0,34.16666666666667,benchmarks/truthfulness/cache/llama8b/evaluations/kv_cache_off/scores/truthfulqa_true/truthfulness/pid_act/final.json,benchmarks/truthfulness/cache/llama8b/evaluations/kv_cache_off/scores/truthfulqa_informative/truthfulness/pid_act/final.json
ID,Llama-3-8B,PID-AcT,History,24,51.666666666666664,100.0,51.66666666666666,benchmarks/truthfulness/cache/llama8b/evaluations/kv_cache_off/scores/truthfulqa_true/truthfulness/pid_act/final.json,benchmarks/truthfulness/cache/llama8b/evaluations/kv_cache_off/scores/truthfulqa_informative/truthfulness/pid_act/final.json
ID,Llama-3-8B,ODESteer,Misconceptions,100,98.4,4.2,4.1328000000000005,benchmarks/truthfulness/cache/llama8b/evaluations/kv_cache_off/scores/truthfulqa_true/truthfulness/odesteer/final.json,benchmarks/truthfulness/cache/llama8b/evaluations/kv_cache_off/scores/truthfulqa_informative/truthfulness/odesteer/final.json
ID,Llama-3-8B,ODESteer,Law,64,90.93749999999999,14.687499999999998,13.356445312499995,benchmarks/truthfulness/cache/llama8b/evaluations/kv_cache_off/scores/truthfulqa_true/truthfulness/odesteer/final.json,benchmarks/truthfulness/cache/llama8b/evaluations/kv_cache_off/scores/truthfulqa_informative/truthfulness/odesteer/final.json
ID,Llama-3-8B,ODESteer,Health,55,93.8181818181818,8.000000000000002,7.505454545454545,benchmarks/truthfulness/cache/llama8b/evaluations/kv_cache_off/scores/truthfulqa_true/truthfulness/odesteer/final.json,benchmarks/truthfulness/cache/llama8b/evaluations/kv_cache_off/scores/truthfulqa_informative/truthfulness/odesteer/final.json
ID,Llama-3-8B,ODESteer,Sociology,55,99.27272727272725,6.181818181818182,6.13685950413223,benchmarks/truthfulness/cache/llama8b/evaluations/kv_cache_off/scores/truthfulqa_true/truthfulness/odesteer/final.json,benchmarks/truthfulness/cache/llama8b/evaluations/kv_cache_off/scores/truthfulqa_informative/truthfulness/odesteer/final.json
ID,Llama-3-8B,ODESteer,Economics,31,90.3225806451613,16.12903225806452,14.568158168574405,benchmarks/truthfulness/cache/llama8b/evaluations/kv_cache_off/scores/truthfulqa_true/truthfulness/odesteer/final.json,benchmarks/truthfulness/cache/llama8b/evaluations/kv_cache_off/scores/truthfulqa_informative/truthfulness/odesteer/final.json
ID,Llama-3-8B,ODESteer,Fiction,30,98.66666666666667,5.333333333333333,5.2622222222222215,benchmarks/truthfulness/cache/llama8b/evaluations/kv_cache_off/scores/truthfulqa_true/truthfulness/odesteer/final.json,benchmarks/truthfulness/cache/llama8b/evaluations/kv_cache_off/scores/truthfulqa_informative/truthfulness/odesteer/final.json
ID,Llama-3-8B,ODESteer,Paranormal,26,99.23076923076923,3.076923076923077,3.0532544378698225,benchmarks/truthfulness/cache/llama8b/evaluations/kv_cache_off/scores/truthfulqa_true/truthfulness/odesteer/final.json,benchmarks/truthfulness/cache/llama8b/evaluations/kv_cache_off/scores/truthfulqa_informative/truthfulness/odesteer/final.json
ID,Llama-3-8B,ODESteer,Conspiracies,25,100.0,0.8,0.8,benchmarks/truthfulness/cache/llama8b/evaluations/kv_cache_off/scores/truthfulqa_true/truthfulness/odesteer/final.json,benchmarks/truthfulness/cache/llama8b/evaluations/kv_cache_off/scores/truthfulqa_informative/truthfulness/odesteer/final.json
ID,Llama-3-8B,ODESteer,Stereotypes,24,88.33333333333333,7.500000000000001,6.625,benchmarks/truthfulness/cache/llama8b/evaluations/kv_cache_off/scores/truthfulqa_true/truthfulness/odesteer/final.json,benchmarks/truthfulness/cache/llama8b/evaluations/kv_cache_off/scores/truthfulqa_informative/truthfulness/odesteer/final.json
ID,Llama-3-8B,ODESteer,History,24,100.0,1.6666666666666667,1.666666666666667,benchmarks/truthfulness/cache/llama8b/evaluations/kv_cache_off/scores/truthfulqa_true/truthfulness/odesteer/final.json,benchmarks/truthfulness/cache/llama8b/evaluations/kv_cache_off/scores/truthfulqa_informative/truthfulness/odesteer/final.json
ID,Llama-3-8B,S-PID,Misconceptions,100,69.79999999999998,98.79999999999998,68.96239999999997,benchmarks/truthfulness/cache/llama8b/evaluations/kv_cache_off/scores/truthfulqa_true/truthfulness/spid/final.json,benchmarks/truthfulness/cache/llama8b/evaluations/kv_cache_off/scores/truthfulqa_informative/truthfulness/spid/final.json
ID,Llama-3-8B,S-PID,Law,64,62.18750000000003,97.81249999999999,60.82714843750002,benchmarks/truthfulness/cache/llama8b/evaluations/kv_cache_off/scores/truthfulqa_true/truthfulness/spid/final.json,benchmarks/truthfulness/cache/llama8b/evaluations/kv_cache_off/scores/truthfulqa_informative/truthfulness/spid/final.json
ID,Llama-3-8B,S-PID,Health,55,70.1818181818182,98.18181818181819,68.90578512396696,benchmarks/truthfulness/cache/llama8b/evaluations/kv_cache_off/scores/truthfulqa_true/truthfulness/spid/final.json,benchmarks/truthfulness/cache/llama8b/evaluations/kv_cache_off/scores/truthfulqa_informative/truthfulness/spid/final.json
ID,Llama-3-8B,S-PID,Sociology,55,46.90909090909091,99.27272727272727,46.56793388429752,benchmarks/truthfulness/cache/llama8b/evaluations/kv_cache_off/scores/truthfulqa_true/truthfulness/spid/final.json,benchmarks/truthfulness/cache/llama8b/evaluations/kv_cache_off/scores/truthfulqa_informative/truthfulness/spid/final.json
ID,Llama-3-8B,S-PID,Economics,31,42.58064516129032,95.48387096774194,40.6576482830385,benchmarks/truthfulness/cache/llama8b/evaluations/kv_cache_off/scores/truthfulqa_true/truthfulness/spid/final.json,benchmarks/truthfulness/cache/llama8b/evaluations/kv_cache_off/scores/truthfulqa_informative/truthfulness/spid/final.json
ID,Llama-3-8B,S-PID,Fiction,30,53.333333333333336,98.0,52.26666666666667,benchmarks/truthfulness/cache/llama8b/evaluations/kv_cache_off/scores/truthfulqa_true/truthfulness/spid/final.json,benchmarks/truthfulness/cache/llama8b/evaluations/kv_cache_off/scores/truthfulqa_informative/truthfulness/spid/final.json
ID,Llama-3-8B,S-PID,Paranormal,26,46.92307692307692,98.46153846153847,46.20118343195266,benchmarks/truthfulness/cache/llama8b/evaluations/kv_cache_off/scores/truthfulqa_true/truthfulness/spid/final.json,benchmarks/truthfulness/cache/llama8b/evaluations/kv_cache_off/scores/truthfulqa_informative/truthfulness/spid/final.json
ID,Llama-3-8B,S-PID,Conspiracies,25,63.99999999999998,98.4,62.975999999999985,benchmarks/truthfulness/cache/llama8b/evaluations/kv_cache_off/scores/truthfulqa_true/truthfulness/spid/final.json,benchmarks/truthfulness/cache/llama8b/evaluations/kv_cache_off/scores/truthfulqa_informative/truthfulness/spid/final.json
ID,Llama-3-8B,S-PID,Stereotypes,24,42.50000000000001,100.0,42.50000000000001,benchmarks/truthfulness/cache/llama8b/evaluations/kv_cache_off/scores/truthfulqa_true/truthfulness/spid/final.json,benchmarks/truthfulness/cache/llama8b/evaluations/kv_cache_off/scores/truthfulqa_informative/truthfulness/spid/final.json
ID,Llama-3-8B,S-PID,History,24,69.16666666666667,99.16666666666667,68.59027777777779,benchmarks/truthfulness/cache/llama8b/evaluations/kv_cache_off/scores/truthfulqa_true/truthfulness/spid/final.json,benchmarks/truthfulness/cache/llama8b/evaluations/kv_cache_off/scores/truthfulqa_informative/truthfulness/spid/final.json
ID,Llama-3-8B,A-LQR,Misconceptions,100,69.6,99.19999999999999,69.04319999999998,benchmarks/truthfulness/cache/llama8b/evaluations/kv_cache_off/scores/truthfulqa_true/truthfulness/alqr/final.json,benchmarks/truthfulness/cache/llama8b/evaluations/kv_cache_off/scores/truthfulqa_informative/truthfulness/alqr/final.json
ID,Llama-3-8B,A-LQR,Law,64,62.5,98.43749999999999,61.52343749999999,benchmarks/truthfulness/cache/llama8b/evaluations/kv_cache_off/scores/truthfulqa_true/truthfulness/alqr/final.json,benchmarks/truthfulness/cache/llama8b/evaluations/kv_cache_off/scores/truthfulqa_informative/truthfulness/alqr/final.json
ID,Llama-3-8B,A-LQR,Health,55,70.54545454545456,97.45454545454545,68.74975206611572,benchmarks/truthfulness/cache/llama8b/evaluations/kv_cache_off/scores/truthfulqa_true/truthfulness/alqr/final.json,benchmarks/truthfulness/cache/llama8b/evaluations/kv_cache_off/scores/truthfulqa_informative/truthfulness/alqr/final.json
ID,Llama-3-8B,A-LQR,Sociology,55,44.72727272727273,97.81818181818181,43.75140495867768,benchmarks/truthfulness/cache/llama8b/evaluations/kv_cache_off/scores/truthfulqa_true/truthfulness/alqr/final.json,benchmarks/truthfulness/cache/llama8b/evaluations/kv_cache_off/scores/truthfulqa_informative/truthfulness/alqr/final.json
ID,Llama-3-8B,A-LQR,Economics,31,47.741935483870975,97.4193548387097,46.50988553590012,benchmarks/truthfulness/cache/llama8b/evaluations/kv_cache_off/scores/truthfulqa_true/truthfulness/alqr/final.json,benchmarks/truthfulness/cache/llama8b/evaluations/kv_cache_off/scores/truthfulqa_informative/truthfulness/alqr/final.json
ID,Llama-3-8B,A-LQR,Fiction,30,55.33333333333334,97.33333333333334,53.85777777777779,benchmarks/truthfulness/cache/llama8b/evaluations/kv_cache_off/scores/truthfulqa_true/truthfulness/alqr/final.json,benchmarks/truthfulness/cache/llama8b/evaluations/kv_cache_off/scores/truthfulqa_informative/truthfulness/alqr/final.json
ID,Llama-3-8B,A-LQR,Paranormal,26,53.07692307692308,99.23076923076923,52.66863905325444,benchmarks/truthfulness/cache/llama8b/evaluations/kv_cache_off/scores/truthfulqa_true/truthfulness/alqr/final.json,benchmarks/truthfulness/cache/llama8b/evaluations/kv_cache_off/scores/truthfulqa_informative/truthfulness/alqr/final.json
ID,Llama-3-8B,A-LQR,Conspiracies,25,62.400000000000006,100.0,62.400000000000006,benchmarks/truthfulness/cache/llama8b/evaluations/kv_cache_off/scores/truthfulqa_true/truthfulness/alqr/final.json,benchmarks/truthfulness/cache/llama8b/evaluations/kv_cache_off/scores/truthfulqa_informative/truthfulness/alqr/final.json
ID,Llama-3-8B,A-LQR,Stereotypes,24,43.333333333333336,100.0,43.33333333333334,benchmarks/truthfulness/cache/llama8b/evaluations/kv_cache_off/scores/truthfulqa_true/truthfulness/alqr/final.json,benchmarks/truthfulness/cache/llama8b/evaluations/kv_cache_off/scores/truthfulqa_informative/truthfulness/alqr/final.json
ID,Llama-3-8B,A-LQR,History,24,65.83333333333333,99.16666666666667,65.28472222222221,benchmarks/truthfulness/cache/llama8b/evaluations/kv_cache_off/scores/truthfulqa_true/truthfulness/alqr/final.json,benchmarks/truthfulness/cache/llama8b/evaluations/kv_cache_off/scores/truthfulqa_informative/truthfulness/alqr/final.json
ID,Llama-3-8B,H∞ (ours),Misconceptions,100,85.0,82.0,69.7,benchmarks/truthfulness/cache/llama8b/evaluations/kv_cache_off/calibrations/txi_fluency_95_05/scores/truthfulqa_true/truthfulness/h_infinity/final.json,benchmarks/truthfulness/cache/llama8b/evaluations/kv_cache_off/calibrations/txi_fluency_95_05/scores/truthfulqa_informative/truthfulness/h_infinity/final.json
ID,Llama-3-8B,H∞ (ours),Law,64,78.125,85.9375,67.138671875,benchmarks/truthfulness/cache/llama8b/evaluations/kv_cache_off/calibrations/txi_fluency_95_05/scores/truthfulqa_true/truthfulness/h_infinity/final.json,benchmarks/truthfulness/cache/llama8b/evaluations/kv_cache_off/calibrations/txi_fluency_95_05/scores/truthfulqa_informative/truthfulness/h_infinity/final.json
ID,Llama-3-8B,H∞ (ours),Health,55,78.18181818181819,90.9090909090909,71.07438016528926,benchmarks/truthfulness/cache/llama8b/evaluations/kv_cache_off/calibrations/txi_fluency_95_05/scores/truthfulqa_true/truthfulness/h_infinity/final.json,benchmarks/truthfulness/cache/llama8b/evaluations/kv_cache_off/calibrations/txi_fluency_95_05/scores/truthfulqa_informative/truthfulness/h_infinity/final.json
ID,Llama-3-8B,H∞ (ours),Sociology,55,70.9090909090909,80.0,56.72727272727272,benchmarks/truthfulness/cache/llama8b/evaluations/kv_cache_off/calibrations/txi_fluency_95_05/scores/truthfulqa_true/truthfulness/h_infinity/final.json,benchmarks/truthfulness/cache/llama8b/evaluations/kv_cache_off/calibrations/txi_fluency_95_05/scores/truthfulqa_informative/truthfulness/h_infinity/final.json
ID,Llama-3-8B,H∞ (ours),Economics,31,70.96774193548387,93.54838709677419,66.3891779396462,benchmarks/truthfulness/cache/llama8b/evaluations/kv_cache_off/calibrations/txi_fluency_95_05/scores/truthfulqa_true/truthfulness/h_infinity/final.json,benchmarks/truthfulness/cache/llama8b/evaluations/kv_cache_off/calibrations/txi_fluency_95_05/scores/truthfulqa_informative/truthfulness/h_infinity/final.json
ID,Llama-3-8B,H∞ (ours),Fiction,30,73.33333333333333,80.0,58.66666666666666,benchmarks/truthfulness/cache/llama8b/evaluations/kv_cache_off/calibrations/txi_fluency_95_05/scores/truthfulqa_true/truthfulness/h_infinity/final.json,benchmarks/truthfulness/cache/llama8b/evaluations/kv_cache_off/calibrations/txi_fluency_95_05/scores/truthfulqa_informative/truthfulness/h_infinity/final.json
ID,Llama-3-8B,H∞ (ours),Paranormal,26,88.46153846153847,76.92307692307692,68.04733727810651,benchmarks/truthfulness/cache/llama8b/evaluations/kv_cache_off/calibrations/txi_fluency_95_05/scores/truthfulqa_true/truthfulness/h_infinity/final.json,benchmarks/truthfulness/cache/llama8b/evaluations/kv_cache_off/calibrations/txi_fluency_95_05/scores/truthfulqa_informative/truthfulness/h_infinity/final.json
ID,Llama-3-8B,H∞ (ours),Conspiracies,25,88.0,92.0,80.96,benchmarks/truthfulness/cache/llama8b/evaluations/kv_cache_off/calibrations/txi_fluency_95_05/scores/truthfulqa_true/truthfulness/h_infinity/final.json,benchmarks/truthfulness/cache/llama8b/evaluations/kv_cache_off/calibrations/txi_fluency_95_05/scores/truthfulqa_informative/truthfulness/h_infinity/final.json
ID,Llama-3-8B,H∞ (ours),Stereotypes,24,62.5,87.5,54.6875,benchmarks/truthfulness/cache/llama8b/evaluations/kv_cache_off/calibrations/txi_fluency_95_05/scores/truthfulqa_true/truthfulness/h_infinity/final.json,benchmarks/truthfulness/cache/llama8b/evaluations/kv_cache_off/calibrations/txi_fluency_95_05/scores/truthfulqa_informative/truthfulness/h_infinity/final.json
ID,Llama-3-8B,H∞ (ours),History,24,79.16666666666667,79.16666666666667,62.67361111111112,benchmarks/truthfulness/cache/llama8b/evaluations/kv_cache_off/calibrations/txi_fluency_95_05/scores/truthfulqa_true/truthfulness/h_infinity/final.json,benchmarks/truthfulness/cache/llama8b/evaluations/kv_cache_off/calibrations/txi_fluency_95_05/scores/truthfulqa_informative/truthfulness/h_infinity/final.json
ID,Qwen-2.5-14B,Original,Misconceptions,100,67.39999999999999,94.8,63.89519999999999,benchmarks/truthfulness/cache/qwen14b/evaluations/kv_cache_off/scores/truthfulqa_true/truthfulness/original/final.json,benchmarks/truthfulness/cache/qwen14b/evaluations/kv_cache_off/scores/truthfulqa_informative/truthfulness/original/final.json
ID,Qwen-2.5-14B,Original,Law,64,44.37499999999998,98.75,43.82031249999998,benchmarks/truthfulness/cache/qwen14b/evaluations/kv_cache_off/scores/truthfulqa_true/truthfulness/original/final.json,benchmarks/truthfulness/cache/qwen14b/evaluations/kv_cache_off/scores/truthfulqa_informative/truthfulness/original/final.json
ID,Qwen-2.5-14B,Original,Health,55,62.18181818181819,96.0,59.69454545454546,benchmarks/truthfulness/cache/qwen14b/evaluations/kv_cache_off/scores/truthfulqa_true/truthfulness/original/final.json,benchmarks/truthfulness/cache/qwen14b/evaluations/kv_cache_off/scores/truthfulqa_informative/truthfulness/original/final.json
ID,Qwen-2.5-14B,Original,Sociology,55,51.63636363636363,96.72727272727273,49.94644628099173,benchmarks/truthfulness/cache/qwen14b/evaluations/kv_cache_off/scores/truthfulqa_true/truthfulness/original/final.json,benchmarks/truthfulness/cache/qwen14b/evaluations/kv_cache_off/scores/truthfulqa_informative/truthfulness/original/final.json
ID,Qwen-2.5-14B,Original,Economics,31,52.25806451612904,98.06451612903226,51.24661810613944,benchmarks/truthfulness/cache/qwen14b/evaluations/kv_cache_off/scores/truthfulqa_true/truthfulness/original/final.json,benchmarks/truthfulness/cache/qwen14b/evaluations/kv_cache_off/scores/truthfulqa_informative/truthfulness/original/final.json
ID,Qwen-2.5-14B,Original,Fiction,30,45.33333333333333,98.0,44.42666666666666,benchmarks/truthfulness/cache/qwen14b/evaluations/kv_cache_off/scores/truthfulqa_true/truthfulness/original/final.json,benchmarks/truthfulness/cache/qwen14b/evaluations/kv_cache_off/scores/truthfulqa_informative/truthfulness/original/final.json
ID,Qwen-2.5-14B,Original,Paranormal,26,43.07692307692308,95.38461538461539,41.08875739644971,benchmarks/truthfulness/cache/qwen14b/evaluations/kv_cache_off/scores/truthfulqa_true/truthfulness/original/final.json,benchmarks/truthfulness/cache/qwen14b/evaluations/kv_cache_off/scores/truthfulqa_informative/truthfulness/original/final.json
ID,Qwen-2.5-14B,Original,Conspiracies,25,70.4,96.8,68.1472,benchmarks/truthfulness/cache/qwen14b/evaluations/kv_cache_off/scores/truthfulqa_true/truthfulness/original/final.json,benchmarks/truthfulness/cache/qwen14b/evaluations/kv_cache_off/scores/truthfulqa_informative/truthfulness/original/final.json
ID,Qwen-2.5-14B,Original,Stereotypes,24,52.5,100.0,52.5,benchmarks/truthfulness/cache/qwen14b/evaluations/kv_cache_off/scores/truthfulqa_true/truthfulness/original/final.json,benchmarks/truthfulness/cache/qwen14b/evaluations/kv_cache_off/scores/truthfulqa_informative/truthfulness/original/final.json
ID,Qwen-2.5-14B,Original,History,24,45.833333333333336,100.0,45.83333333333334,benchmarks/truthfulness/cache/qwen14b/evaluations/kv_cache_off/scores/truthfulqa_true/truthfulness/original/final.json,benchmarks/truthfulness/cache/qwen14b/evaluations/kv_cache_off/scores/truthfulqa_informative/truthfulness/original/final.json
ID,Qwen-2.5-14B,ITI,Misconceptions,100,74.19999999999999,95.19999999999999,70.63839999999999,benchmarks/truthfulness/cache/qwen14b/evaluations/kv_cache_off/scores/truthfulqa_true/truthfulness/iti/final.json,benchmarks/truthfulness/cache/qwen14b/evaluations/kv_cache_off/scores/truthfulqa_informative/truthfulness/iti/final.json
ID,Qwen-2.5-14B,ITI,Law,64,40.93750000000001,96.24999999999999,39.40234375,benchmarks/truthfulness/cache/qwen14b/evaluations/kv_cache_off/scores/truthfulqa_true/truthfulness/iti/final.json,benchmarks/truthfulness/cache/qwen14b/evaluations/kv_cache_off/scores/truthfulqa_informative/truthfulness/iti/final.json
ID,Qwen-2.5-14B,ITI,Health,55,71.63636363636364,95.2727272727273,68.24991735537192,benchmarks/truthfulness/cache/qwen14b/evaluations/kv_cache_off/scores/truthfulqa_true/truthfulness/iti/final.json,benchmarks/truthfulness/cache/qwen14b/evaluations/kv_cache_off/scores/truthfulqa_informative/truthfulness/iti/final.json
ID,Qwen-2.5-14B,ITI,Sociology,55,61.45454545454546,97.45454545454544,59.8902479338843,benchmarks/truthfulness/cache/qwen14b/evaluations/kv_cache_off/scores/truthfulqa_true/truthfulness/iti/final.json,benchmarks/truthfulness/cache/qwen14b/evaluations/kv_cache_off/scores/truthfulqa_informative/truthfulness/iti/final.json
ID,Qwen-2.5-14B,ITI,Economics,31,63.22580645161291,96.7741935483871,61.1862643080125,benchmarks/truthfulness/cache/qwen14b/evaluations/kv_cache_off/scores/truthfulqa_true/truthfulness/iti/final.json,benchmarks/truthfulness/cache/qwen14b/evaluations/kv_cache_off/scores/truthfulqa_informative/truthfulness/iti/final.json
ID,Qwen-2.5-14B,ITI,Fiction,30,45.333333333333336,96.0,43.52,benchmarks/truthfulness/cache/qwen14b/evaluations/kv_cache_off/scores/truthfulqa_true/truthfulness/iti/final.json,benchmarks/truthfulness/cache/qwen14b/evaluations/kv_cache_off/scores/truthfulqa_informative/truthfulness/iti/final.json
ID,Qwen-2.5-14B,ITI,Paranormal,26,56.923076923076934,87.6923076923077,49.91715976331362,benchmarks/truthfulness/cache/qwen14b/evaluations/kv_cache_off/scores/truthfulqa_true/truthfulness/iti/final.json,benchmarks/truthfulness/cache/qwen14b/evaluations/kv_cache_off/scores/truthfulqa_informative/truthfulness/iti/final.json
ID,Qwen-2.5-14B,ITI,Conspiracies,25,74.4,93.60000000000002,69.63840000000002,benchmarks/truthfulness/cache/qwen14b/evaluations/kv_cache_off/scores/truthfulqa_true/truthfulness/iti/final.json,benchmarks/truthfulness/cache/qwen14b/evaluations/kv_cache_off/scores/truthfulqa_informative/truthfulness/iti/final.json
ID,Qwen-2.5-14B,ITI,Stereotypes,24,75.0,100.0,75.0,benchmarks/truthfulness/cache/qwen14b/evaluations/kv_cache_off/scores/truthfulqa_true/truthfulness/iti/final.json,benchmarks/truthfulness/cache/qwen14b/evaluations/kv_cache_off/scores/truthfulqa_informative/truthfulness/iti/final.json
ID,Qwen-2.5-14B,ITI,History,24,60.0,100.0,60.0,benchmarks/truthfulness/cache/qwen14b/evaluations/kv_cache_off/scores/truthfulqa_true/truthfulness/iti/final.json,benchmarks/truthfulness/cache/qwen14b/evaluations/kv_cache_off/scores/truthfulqa_informative/truthfulness/iti/final.json
ID,Qwen-2.5-14B,ActAdd,Misconceptions,100,67.2,88.19999999999993,59.27039999999995,benchmarks/truthfulness/cache/qwen14b/evaluations/kv_cache_off/scores/truthfulqa_true/truthfulness/actadd/final.json,benchmarks/truthfulness/cache/qwen14b/evaluations/kv_cache_off/scores/truthfulqa_informative/truthfulness/actadd/final.json
ID,Qwen-2.5-14B,ActAdd,Law,64,55.62499999999999,89.375,49.71484374999999,benchmarks/truthfulness/cache/qwen14b/evaluations/kv_cache_off/scores/truthfulqa_true/truthfulness/actadd/final.json,benchmarks/truthfulness/cache/qwen14b/evaluations/kv_cache_off/scores/truthfulqa_informative/truthfulness/actadd/final.json
ID,Qwen-2.5-14B,ActAdd,Health,55,71.99999999999999,87.99999999999999,63.359999999999985,benchmarks/truthfulness/cache/qwen14b/evaluations/kv_cache_off/scores/truthfulqa_true/truthfulness/actadd/final.json,benchmarks/truthfulness/cache/qwen14b/evaluations/kv_cache_off/scores/truthfulqa_informative/truthfulness/actadd/final.json
ID,Qwen-2.5-14B,ActAdd,Sociology,55,67.27272727272727,84.36363636363635,56.75371900826444,benchmarks/truthfulness/cache/qwen14b/evaluations/kv_cache_off/scores/truthfulqa_true/truthfulness/actadd/final.json,benchmarks/truthfulness/cache/qwen14b/evaluations/kv_cache_off/scores/truthfulqa_informative/truthfulness/actadd/final.json
ID,Qwen-2.5-14B,ActAdd,Economics,31,66.45161290322581,87.74193548387099,58.30593132154007,benchmarks/truthfulness/cache/qwen14b/evaluations/kv_cache_off/scores/truthfulqa_true/truthfulness/actadd/final.json,benchmarks/truthfulness/cache/qwen14b/evaluations/kv_cache_off/scores/truthfulqa_informative/truthfulness/actadd/final.json
ID,Qwen-2.5-14B,ActAdd,Fiction,30,62.666666666666664,84.66666666666667,53.05777777777778,benchmarks/truthfulness/cache/qwen14b/evaluations/kv_cache_off/scores/truthfulqa_true/truthfulness/actadd/final.json,benchmarks/truthfulness/cache/qwen14b/evaluations/kv_cache_off/scores/truthfulqa_informative/truthfulness/actadd/final.json
ID,Qwen-2.5-14B,ActAdd,Paranormal,26,57.6923076923077,85.38461538461542,49.260355029585824,benchmarks/truthfulness/cache/qwen14b/evaluations/kv_cache_off/scores/truthfulqa_true/truthfulness/actadd/final.json,benchmarks/truthfulness/cache/qwen14b/evaluations/kv_cache_off/scores/truthfulqa_informative/truthfulness/actadd/final.json
ID,Qwen-2.5-14B,ActAdd,Conspiracies,25,75.2,79.99999999999999,60.15999999999999,benchmarks/truthfulness/cache/qwen14b/evaluations/kv_cache_off/scores/truthfulqa_true/truthfulness/actadd/final.json,benchmarks/truthfulness/cache/qwen14b/evaluations/kv_cache_off/scores/truthfulqa_informative/truthfulness/actadd/final.json
ID,Qwen-2.5-14B,ActAdd,Stereotypes,24,60.0,87.50000000000001,52.50000000000001,benchmarks/truthfulness/cache/qwen14b/evaluations/kv_cache_off/scores/truthfulqa_true/truthfulness/actadd/final.json,benchmarks/truthfulness/cache/qwen14b/evaluations/kv_cache_off/scores/truthfulqa_informative/truthfulness/actadd/final.json
ID,Qwen-2.5-14B,ActAdd,History,24,65.83333333333334,83.33333333333333,54.861111111111114,benchmarks/truthfulness/cache/qwen14b/evaluations/kv_cache_off/scores/truthfulqa_true/truthfulness/actadd/final.json,benchmarks/truthfulness/cache/qwen14b/evaluations/kv_cache_off/scores/truthfulqa_informative/truthfulness/actadd/final.json
ID,Qwen-2.5-14B,Mean-AcT,Misconceptions,100,65.39999999999998,97.6,63.83039999999997,benchmarks/truthfulness/cache/qwen14b/evaluations/kv_cache_off/scores/truthfulqa_true/truthfulness/mean_act/final.json,benchmarks/truthfulness/cache/qwen14b/evaluations/kv_cache_off/scores/truthfulqa_informative/truthfulness/mean_act/final.json
ID,Qwen-2.5-14B,Mean-AcT,Law,64,35.937499999999986,98.125,35.263671874999986,benchmarks/truthfulness/cache/qwen14b/evaluations/kv_cache_off/scores/truthfulqa_true/truthfulness/mean_act/final.json,benchmarks/truthfulness/cache/qwen14b/evaluations/kv_cache_off/scores/truthfulqa_informative/truthfulness/mean_act/final.json
ID,Qwen-2.5-14B,Mean-AcT,Health,55,61.09090909090911,95.63636363636363,58.42512396694215,benchmarks/truthfulness/cache/qwen14b/evaluations/kv_cache_off/scores/truthfulqa_true/truthfulness/mean_act/final.json,benchmarks/truthfulness/cache/qwen14b/evaluations/kv_cache_off/scores/truthfulqa_informative/truthfulness/mean_act/final.json
ID,Qwen-2.5-14B,Mean-AcT,Sociology,55,59.63636363636365,97.8181818181818,58.33520661157025,benchmarks/truthfulness/cache/qwen14b/evaluations/kv_cache_off/scores/truthfulqa_true/truthfulness/mean_act/final.json,benchmarks/truthfulness/cache/qwen14b/evaluations/kv_cache_off/scores/truthfulqa_informative/truthfulness/mean_act/final.json
ID,Qwen-2.5-14B,Mean-AcT,Economics,31,54.83870967741937,97.4193548387097,53.423517169615,benchmarks/truthfulness/cache/qwen14b/evaluations/kv_cache_off/scores/truthfulqa_true/truthfulness/mean_act/final.json,benchmarks/truthfulness/cache/qwen14b/evaluations/kv_cache_off/scores/truthfulqa_informative/truthfulness/mean_act/final.json
ID,Qwen-2.5-14B,Mean-AcT,Fiction,30,47.333333333333336,96.66666666666669,45.75555555555557,benchmarks/truthfulness/cache/qwen14b/evaluations/kv_cache_off/scores/truthfulqa_true/truthfulness/mean_act/final.json,benchmarks/truthfulness/cache/qwen14b/evaluations/kv_cache_off/scores/truthfulqa_informative/truthfulness/mean_act/final.json
ID,Qwen-2.5-14B,Mean-AcT,Paranormal,26,43.07692307692309,91.53846153846153,39.4319526627219,benchmarks/truthfulness/cache/qwen14b/evaluations/kv_cache_off/scores/truthfulqa_true/truthfulness/mean_act/final.json,benchmarks/truthfulness/cache/qwen14b/evaluations/kv_cache_off/scores/truthfulqa_informative/truthfulness/mean_act/final.json
ID,Qwen-2.5-14B,Mean-AcT,Conspiracies,25,61.599999999999994,92.0,56.672,benchmarks/truthfulness/cache/qwen14b/evaluations/kv_cache_off/scores/truthfulqa_true/truthfulness/mean_act/final.json,benchmarks/truthfulness/cache/qwen14b/evaluations/kv_cache_off/scores/truthfulqa_informative/truthfulness/mean_act/final.json
ID,Qwen-2.5-14B,Mean-AcT,Stereotypes,24,40.0,98.33333333333333,39.33333333333333,benchmarks/truthfulness/cache/qwen14b/evaluations/kv_cache_off/scores/truthfulqa_true/truthfulness/mean_act/final.json,benchmarks/truthfulness/cache/qwen14b/evaluations/kv_cache_off/scores/truthfulqa_informative/truthfulness/mean_act/final.json
ID,Qwen-2.5-14B,Mean-AcT,History,24,52.5,98.33333333333333,51.625,benchmarks/truthfulness/cache/qwen14b/evaluations/kv_cache_off/scores/truthfulqa_true/truthfulness/mean_act/final.json,benchmarks/truthfulness/cache/qwen14b/evaluations/kv_cache_off/scores/truthfulqa_informative/truthfulness/mean_act/final.json
ID,Qwen-2.5-14B,Linear-AcT,Misconceptions,100,67.79999999999997,97.6,66.17279999999997,benchmarks/truthfulness/cache/qwen14b/evaluations/kv_cache_off/scores/truthfulqa_true/truthfulness/linear_act/final.json,benchmarks/truthfulness/cache/qwen14b/evaluations/kv_cache_off/scores/truthfulqa_informative/truthfulness/linear_act/final.json
ID,Qwen-2.5-14B,Linear-AcT,Law,64,38.749999999999986,97.81249999999999,37.90234374999998,benchmarks/truthfulness/cache/qwen14b/evaluations/kv_cache_off/scores/truthfulqa_true/truthfulness/linear_act/final.json,benchmarks/truthfulness/cache/qwen14b/evaluations/kv_cache_off/scores/truthfulqa_informative/truthfulness/linear_act/final.json
ID,Qwen-2.5-14B,Linear-AcT,Health,55,63.27272727272728,96.72727272727273,61.20198347107439,benchmarks/truthfulness/cache/qwen14b/evaluations/kv_cache_off/scores/truthfulqa_true/truthfulness/linear_act/final.json,benchmarks/truthfulness/cache/qwen14b/evaluations/kv_cache_off/scores/truthfulqa_informative/truthfulness/linear_act/final.json
ID,Qwen-2.5-14B,Linear-AcT,Sociology,55,58.90909090909091,97.45454545454544,57.4095867768595,benchmarks/truthfulness/cache/qwen14b/evaluations/kv_cache_off/scores/truthfulqa_true/truthfulness/linear_act/final.json,benchmarks/truthfulness/cache/qwen14b/evaluations/kv_cache_off/scores/truthfulqa_informative/truthfulness/linear_act/final.json
ID,Qwen-2.5-14B,Linear-AcT,Economics,31,53.5483870967742,96.12903225806451,51.47554630593132,benchmarks/truthfulness/cache/qwen14b/evaluations/kv_cache_off/scores/truthfulqa_true/truthfulness/linear_act/final.json,benchmarks/truthfulness/cache/qwen14b/evaluations/kv_cache_off/scores/truthfulqa_informative/truthfulness/linear_act/final.json
ID,Qwen-2.5-14B,Linear-AcT,Fiction,30,41.33333333333333,96.66666666666667,39.95555555555555,benchmarks/truthfulness/cache/qwen14b/evaluations/kv_cache_off/scores/truthfulqa_true/truthfulness/linear_act/final.json,benchmarks/truthfulness/cache/qwen14b/evaluations/kv_cache_off/scores/truthfulqa_informative/truthfulness/linear_act/final.json
ID,Qwen-2.5-14B,Linear-AcT,Paranormal,26,46.153846153846175,92.3076923076923,42.60355029585801,benchmarks/truthfulness/cache/qwen14b/evaluations/kv_cache_off/scores/truthfulqa_true/truthfulness/linear_act/final.json,benchmarks/truthfulness/cache/qwen14b/evaluations/kv_cache_off/scores/truthfulqa_informative/truthfulness/linear_act/final.json
ID,Qwen-2.5-14B,Linear-AcT,Conspiracies,25,60.0,94.4,56.64,benchmarks/truthfulness/cache/qwen14b/evaluations/kv_cache_off/scores/truthfulqa_true/truthfulness/linear_act/final.json,benchmarks/truthfulness/cache/qwen14b/evaluations/kv_cache_off/scores/truthfulqa_informative/truthfulness/linear_act/final.json
ID,Qwen-2.5-14B,Linear-AcT,Stereotypes,24,50.833333333333336,98.33333333333333,49.986111111111114,benchmarks/truthfulness/cache/qwen14b/evaluations/kv_cache_off/scores/truthfulqa_true/truthfulness/linear_act/final.json,benchmarks/truthfulness/cache/qwen14b/evaluations/kv_cache_off/scores/truthfulqa_informative/truthfulness/linear_act/final.json
ID,Qwen-2.5-14B,Linear-AcT,History,24,50.00000000000001,98.33333333333333,49.16666666666667,benchmarks/truthfulness/cache/qwen14b/evaluations/kv_cache_off/scores/truthfulqa_true/truthfulness/linear_act/final.json,benchmarks/truthfulness/cache/qwen14b/evaluations/kv_cache_off/scores/truthfulqa_informative/truthfulness/linear_act/final.json
ID,Qwen-2.5-14B,PID-AcT,Misconceptions,100,68.6,97.4,66.81639999999999,benchmarks/truthfulness/cache/qwen14b/evaluations/kv_cache_off/scores/truthfulqa_true/truthfulness/pid_act/final.json,benchmarks/truthfulness/cache/qwen14b/evaluations/kv_cache_off/scores/truthfulqa_informative/truthfulness/pid_act/final.json
ID,Qwen-2.5-14B,PID-AcT,Law,64,37.49999999999999,97.81249999999999,36.679687499999986,benchmarks/truthfulness/cache/qwen14b/evaluations/kv_cache_off/scores/truthfulqa_true/truthfulness/pid_act/final.json,benchmarks/truthfulness/cache/qwen14b/evaluations/kv_cache_off/scores/truthfulqa_informative/truthfulness/pid_act/final.json
ID,Qwen-2.5-14B,PID-AcT,Health,55,62.1818181818182,97.0909090909091,60.37289256198349,benchmarks/truthfulness/cache/qwen14b/evaluations/kv_cache_off/scores/truthfulqa_true/truthfulness/pid_act/final.json,benchmarks/truthfulness/cache/qwen14b/evaluations/kv_cache_off/scores/truthfulqa_informative/truthfulness/pid_act/final.json
ID,Qwen-2.5-14B,PID-AcT,Sociology,55,59.63636363636365,98.90909090909089,58.98578512396694,benchmarks/truthfulness/cache/qwen14b/evaluations/kv_cache_off/scores/truthfulqa_true/truthfulness/pid_act/final.json,benchmarks/truthfulness/cache/qwen14b/evaluations/kv_cache_off/scores/truthfulqa_informative/truthfulness/pid_act/final.json
ID,Qwen-2.5-14B,PID-AcT,Economics,31,52.25806451612903,96.77419354838712,50.57232049947972,benchmarks/truthfulness/cache/qwen14b/evaluations/kv_cache_off/scores/truthfulqa_true/truthfulness/pid_act/final.json,benchmarks/truthfulness/cache/qwen14b/evaluations/kv_cache_off/scores/truthfulqa_informative/truthfulness/pid_act/final.json
ID,Qwen-2.5-14B,PID-AcT,Fiction,30,41.33333333333333,96.0,39.67999999999999,benchmarks/truthfulness/cache/qwen14b/evaluations/kv_cache_off/scores/truthfulqa_true/truthfulness/pid_act/final.json,benchmarks/truthfulness/cache/qwen14b/evaluations/kv_cache_off/scores/truthfulqa_informative/truthfulness/pid_act/final.json
ID,Qwen-2.5-14B,PID-AcT,Paranormal,26,44.61538461538463,93.07692307692308,41.52662721893493,benchmarks/truthfulness/cache/qwen14b/evaluations/kv_cache_off/scores/truthfulqa_true/truthfulness/pid_act/final.json,benchmarks/truthfulness/cache/qwen14b/evaluations/kv_cache_off/scores/truthfulqa_informative/truthfulness/pid_act/final.json
ID,Qwen-2.5-14B,PID-AcT,Conspiracies,25,60.80000000000001,92.8,56.42240000000001,benchmarks/truthfulness/cache/qwen14b/evaluations/kv_cache_off/scores/truthfulqa_true/truthfulness/pid_act/final.json,benchmarks/truthfulness/cache/qwen14b/evaluations/kv_cache_off/scores/truthfulqa_informative/truthfulness/pid_act/final.json
ID,Qwen-2.5-14B,PID-AcT,Stereotypes,24,43.333333333333336,98.33333333333333,42.611111111111114,benchmarks/truthfulness/cache/qwen14b/evaluations/kv_cache_off/scores/truthfulqa_true/truthfulness/pid_act/final.json,benchmarks/truthfulness/cache/qwen14b/evaluations/kv_cache_off/scores/truthfulqa_informative/truthfulness/pid_act/final.json
ID,Qwen-2.5-14B,PID-AcT,History,24,54.16666666666668,97.5,52.81250000000001,benchmarks/truthfulness/cache/qwen14b/evaluations/kv_cache_off/scores/truthfulqa_true/truthfulness/pid_act/final.json,benchmarks/truthfulness/cache/qwen14b/evaluations/kv_cache_off/scores/truthfulqa_informative/truthfulness/pid_act/final.json
ID,Qwen-2.5-14B,ODESteer,Misconceptions,100,69.59999999999998,96.19999999999999,66.95519999999998,benchmarks/truthfulness/cache/qwen14b/evaluations/kv_cache_off/scores/truthfulqa_true/truthfulness/odesteer/final.json,benchmarks/truthfulness/cache/qwen14b/evaluations/kv_cache_off/scores/truthfulqa_informative/truthfulness/odesteer/final.json
ID,Qwen-2.5-14B,ODESteer,Law,64,53.437499999999986,93.12499999999999,49.76367187499998,benchmarks/truthfulness/cache/qwen14b/evaluations/kv_cache_off/scores/truthfulqa_true/truthfulness/odesteer/final.json,benchmarks/truthfulness/cache/qwen14b/evaluations/kv_cache_off/scores/truthfulqa_informative/truthfulness/odesteer/final.json
ID,Qwen-2.5-14B,ODESteer,Health,55,71.27272727272728,98.18181818181819,69.97685950413225,benchmarks/truthfulness/cache/qwen14b/evaluations/kv_cache_off/scores/truthfulqa_true/truthfulness/odesteer/final.json,benchmarks/truthfulness/cache/qwen14b/evaluations/kv_cache_off/scores/truthfulqa_informative/truthfulness/odesteer/final.json
ID,Qwen-2.5-14B,ODESteer,Sociology,55,59.27272727272729,90.9090909090909,53.884297520661164,benchmarks/truthfulness/cache/qwen14b/evaluations/kv_cache_off/scores/truthfulqa_true/truthfulness/odesteer/final.json,benchmarks/truthfulness/cache/qwen14b/evaluations/kv_cache_off/scores/truthfulqa_informative/truthfulness/odesteer/final.json
ID,Qwen-2.5-14B,ODESteer,Economics,31,55.483870967741936,93.54838709677419,51.904266389177934,benchmarks/truthfulness/cache/qwen14b/evaluations/kv_cache_off/scores/truthfulqa_true/truthfulness/odesteer/final.json,benchmarks/truthfulness/cache/qwen14b/evaluations/kv_cache_off/scores/truthfulqa_informative/truthfulness/odesteer/final.json
ID,Qwen-2.5-14B,ODESteer,Fiction,30,55.99999999999999,84.66666666666667,47.41333333333333,benchmarks/truthfulness/cache/qwen14b/evaluations/kv_cache_off/scores/truthfulqa_true/truthfulness/odesteer/final.json,benchmarks/truthfulness/cache/qwen14b/evaluations/kv_cache_off/scores/truthfulqa_informative/truthfulness/odesteer/final.json
ID,Qwen-2.5-14B,ODESteer,Paranormal,26,50.0,96.92307692307693,48.46153846153847,benchmarks/truthfulness/cache/qwen14b/evaluations/kv_cache_off/scores/truthfulqa_true/truthfulness/odesteer/final.json,benchmarks/truthfulness/cache/qwen14b/evaluations/kv_cache_off/scores/truthfulqa_informative/truthfulness/odesteer/final.json
ID,Qwen-2.5-14B,ODESteer,Conspiracies,25,71.19999999999999,97.6,69.49119999999998,benchmarks/truthfulness/cache/qwen14b/evaluations/kv_cache_off/scores/truthfulqa_true/truthfulness/odesteer/final.json,benchmarks/truthfulness/cache/qwen14b/evaluations/kv_cache_off/scores/truthfulqa_informative/truthfulness/odesteer/final.json
ID,Qwen-2.5-14B,ODESteer,Stereotypes,24,60.00000000000001,91.66666666666669,55.00000000000002,benchmarks/truthfulness/cache/qwen14b/evaluations/kv_cache_off/scores/truthfulqa_true/truthfulness/odesteer/final.json,benchmarks/truthfulness/cache/qwen14b/evaluations/kv_cache_off/scores/truthfulqa_informative/truthfulness/odesteer/final.json
ID,Qwen-2.5-14B,ODESteer,History,24,49.166666666666664,100.0,49.16666666666666,benchmarks/truthfulness/cache/qwen14b/evaluations/kv_cache_off/scores/truthfulqa_true/truthfulness/odesteer/final.json,benchmarks/truthfulness/cache/qwen14b/evaluations/kv_cache_off/scores/truthfulqa_informative/truthfulness/odesteer/final.json
ID,Qwen-2.5-14B,S-PID,Misconceptions,100,72.6,97.0,70.422,benchmarks/truthfulness/cache/qwen14b/evaluations/kv_cache_off/scores/truthfulqa_true/truthfulness/spid/final.json,benchmarks/truthfulness/cache/qwen14b/evaluations/kv_cache_off/scores/truthfulqa_informative/truthfulness/spid/final.json
ID,Qwen-2.5-14B,S-PID,Law,64,58.75,97.18749999999999,57.09765624999999,benchmarks/truthfulness/cache/qwen14b/evaluations/kv_cache_off/scores/truthfulqa_true/truthfulness/spid/final.json,benchmarks/truthfulness/cache/qwen14b/evaluations/kv_cache_off/scores/truthfulqa_informative/truthfulness/spid/final.json
ID,Qwen-2.5-14B,S-PID,Health,55,72.72727272727273,99.63636363636364,72.46280991735539,benchmarks/truthfulness/cache/qwen14b/evaluations/kv_cache_off/scores/truthfulqa_true/truthfulness/spid/final.json,benchmarks/truthfulness/cache/qwen14b/evaluations/kv_cache_off/scores/truthfulqa_informative/truthfulness/spid/final.json
ID,Qwen-2.5-14B,S-PID,Sociology,55,56.727272727272734,97.45454545454545,55.28330578512398,benchmarks/truthfulness/cache/qwen14b/evaluations/kv_cache_off/scores/truthfulqa_true/truthfulness/spid/final.json,benchmarks/truthfulness/cache/qwen14b/evaluations/kv_cache_off/scores/truthfulqa_informative/truthfulness/spid/final.json
ID,Qwen-2.5-14B,S-PID,Economics,31,58.064516129032256,94.83870967741936,55.06763787721124,benchmarks/truthfulness/cache/qwen14b/evaluations/kv_cache_off/scores/truthfulqa_true/truthfulness/spid/final.json,benchmarks/truthfulness/cache/qwen14b/evaluations/kv_cache_off/scores/truthfulqa_informative/truthfulness/spid/final.json
ID,Qwen-2.5-14B,S-PID,Fiction,30,70.00000000000001,95.33333333333333,66.73333333333333,benchmarks/truthfulness/cache/qwen14b/evaluations/kv_cache_off/scores/truthfulqa_true/truthfulness/spid/final.json,benchmarks/truthfulness/cache/qwen14b/evaluations/kv_cache_off/scores/truthfulqa_informative/truthfulness/spid/final.json
ID,Qwen-2.5-14B,S-PID,Paranormal,26,75.3846153846154,93.0769230769231,70.16568047337282,benchmarks/truthfulness/cache/qwen14b/evaluations/kv_cache_off/scores/truthfulqa_true/truthfulness/spid/final.json,benchmarks/truthfulness/cache/qwen14b/evaluations/kv_cache_off/scores/truthfulqa_informative/truthfulness/spid/final.json
ID,Qwen-2.5-14B,S-PID,Conspiracies,25,66.39999999999999,94.4,62.681599999999996,benchmarks/truthfulness/cache/qwen14b/evaluations/kv_cache_off/scores/truthfulqa_true/truthfulness/spid/final.json,benchmarks/truthfulness/cache/qwen14b/evaluations/kv_cache_off/scores/truthfulqa_informative/truthfulness/spid/final.json
ID,Qwen-2.5-14B,S-PID,Stereotypes,24,74.16666666666669,95.83333333333336,71.07638888888893,benchmarks/truthfulness/cache/qwen14b/evaluations/kv_cache_off/scores/truthfulqa_true/truthfulness/spid/final.json,benchmarks/truthfulness/cache/qwen14b/evaluations/kv_cache_off/scores/truthfulqa_informative/truthfulness/spid/final.json
ID,Qwen-2.5-14B,S-PID,History,24,60.833333333333336,98.33333333333333,59.81944444444444,benchmarks/truthfulness/cache/qwen14b/evaluations/kv_cache_off/scores/truthfulqa_true/truthfulness/spid/final.json,benchmarks/truthfulness/cache/qwen14b/evaluations/kv_cache_off/scores/truthfulqa_informative/truthfulness/spid/final.json
ID,Qwen-2.5-14B,A-LQR,Misconceptions,100,75.99999999999996,98.39999999999998,74.78399999999993,benchmarks/truthfulness/cache/qwen14b/evaluations/kv_cache_off/scores/truthfulqa_true/truthfulness/alqr/final.json,benchmarks/truthfulness/cache/qwen14b/evaluations/kv_cache_off/scores/truthfulqa_informative/truthfulness/alqr/final.json
ID,Qwen-2.5-14B,A-LQR,Law,64,63.749999999999986,96.875,61.75781249999998,benchmarks/truthfulness/cache/qwen14b/evaluations/kv_cache_off/scores/truthfulqa_true/truthfulness/alqr/final.json,benchmarks/truthfulness/cache/qwen14b/evaluations/kv_cache_off/scores/truthfulqa_informative/truthfulness/alqr/final.json
ID,Qwen-2.5-14B,A-LQR,Health,55,81.0909090909091,97.45454545454545,79.02677685950414,benchmarks/truthfulness/cache/qwen14b/evaluations/kv_cache_off/scores/truthfulqa_true/truthfulness/alqr/final.json,benchmarks/truthfulness/cache/qwen14b/evaluations/kv_cache_off/scores/truthfulqa_informative/truthfulness/alqr/final.json
ID,Qwen-2.5-14B,A-LQR,Sociology,55,58.545454545454554,96.36363636363637,56.41652892561985,benchmarks/truthfulness/cache/qwen14b/evaluations/kv_cache_off/scores/truthfulqa_true/truthfulness/alqr/final.json,benchmarks/truthfulness/cache/qwen14b/evaluations/kv_cache_off/scores/truthfulqa_informative/truthfulness/alqr/final.json
ID,Qwen-2.5-14B,A-LQR,Economics,31,59.35483870967742,97.41935483870968,57.82310093652446,benchmarks/truthfulness/cache/qwen14b/evaluations/kv_cache_off/scores/truthfulqa_true/truthfulness/alqr/final.json,benchmarks/truthfulness/cache/qwen14b/evaluations/kv_cache_off/scores/truthfulqa_informative/truthfulness/alqr/final.json
ID,Qwen-2.5-14B,A-LQR,Fiction,30,76.66666666666667,92.66666666666667,71.04444444444445,benchmarks/truthfulness/cache/qwen14b/evaluations/kv_cache_off/scores/truthfulqa_true/truthfulness/alqr/final.json,benchmarks/truthfulness/cache/qwen14b/evaluations/kv_cache_off/scores/truthfulqa_informative/truthfulness/alqr/final.json
ID,Qwen-2.5-14B,A-LQR,Paranormal,26,78.46153846153848,93.0769230769231,73.0295857988166,benchmarks/truthfulness/cache/qwen14b/evaluations/kv_cache_off/scores/truthfulqa_true/truthfulness/alqr/final.json,benchmarks/truthfulness/cache/qwen14b/evaluations/kv_cache_off/scores/truthfulqa_informative/truthfulness/alqr/final.json
ID,Qwen-2.5-14B,A-LQR,Conspiracies,25,78.4,100.0,78.4,benchmarks/truthfulness/cache/qwen14b/evaluations/kv_cache_off/scores/truthfulqa_true/truthfulness/alqr/final.json,benchmarks/truthfulness/cache/qwen14b/evaluations/kv_cache_off/scores/truthfulqa_informative/truthfulness/alqr/final.json
ID,Qwen-2.5-14B,A-LQR,Stereotypes,24,77.50000000000001,96.66666666666669,74.9166666666667,benchmarks/truthfulness/cache/qwen14b/evaluations/kv_cache_off/scores/truthfulqa_true/truthfulness/alqr/final.json,benchmarks/truthfulness/cache/qwen14b/evaluations/kv_cache_off/scores/truthfulqa_informative/truthfulness/alqr/final.json
ID,Qwen-2.5-14B,A-LQR,History,24,66.66666666666667,98.33333333333333,65.55555555555556,benchmarks/truthfulness/cache/qwen14b/evaluations/kv_cache_off/scores/truthfulqa_true/truthfulness/alqr/final.json,benchmarks/truthfulness/cache/qwen14b/evaluations/kv_cache_off/scores/truthfulqa_informative/truthfulness/alqr/final.json
ID,Qwen-2.5-14B,H∞ (ours),Misconceptions,100,87.0,92.39999999999996,80.38799999999996,benchmarks/truthfulness/cache/qwen14b/evaluations/kv_cache_off/scores/truthfulqa_true/truthfulness/h_infinity/final.json,benchmarks/truthfulness/cache/qwen14b/evaluations/kv_cache_off/scores/truthfulqa_informative/truthfulness/h_infinity/final.json
ID,Qwen-2.5-14B,H∞ (ours),Law,64,78.74999999999997,90.9375,71.61328124999997,benchmarks/truthfulness/cache/qwen14b/evaluations/kv_cache_off/scores/truthfulqa_true/truthfulness/h_infinity/final.json,benchmarks/truthfulness/cache/qwen14b/evaluations/kv_cache_off/scores/truthfulqa_informative/truthfulness/h_infinity/final.json
ID,Qwen-2.5-14B,H∞ (ours),Health,55,87.63636363636364,96.36363636363636,84.4495867768595,benchmarks/truthfulness/cache/qwen14b/evaluations/kv_cache_off/scores/truthfulqa_true/truthfulness/h_infinity/final.json,benchmarks/truthfulness/cache/qwen14b/evaluations/kv_cache_off/scores/truthfulqa_informative/truthfulness/h_infinity/final.json
ID,Qwen-2.5-14B,H∞ (ours),Sociology,55,76.0,86.18181818181819,65.49818181818182,benchmarks/truthfulness/cache/qwen14b/evaluations/kv_cache_off/scores/truthfulqa_true/truthfulness/h_infinity/final.json,benchmarks/truthfulness/cache/qwen14b/evaluations/kv_cache_off/scores/truthfulqa_informative/truthfulness/h_infinity/final.json
ID,Qwen-2.5-14B,H∞ (ours),Economics,31,70.96774193548389,88.38709677419355,62.72632674297608,benchmarks/truthfulness/cache/qwen14b/evaluations/kv_cache_off/scores/truthfulqa_true/truthfulness/h_infinity/final.json,benchmarks/truthfulness/cache/qwen14b/evaluations/kv_cache_off/scores/truthfulqa_informative/truthfulness/h_infinity/final.json
ID,Qwen-2.5-14B,H∞ (ours),Fiction,30,84.66666666666669,88.6666666666667,75.07111111111116,benchmarks/truthfulness/cache/qwen14b/evaluations/kv_cache_off/scores/truthfulqa_true/truthfulness/h_infinity/final.json,benchmarks/truthfulness/cache/qwen14b/evaluations/kv_cache_off/scores/truthfulqa_informative/truthfulness/h_infinity/final.json
ID,Qwen-2.5-14B,H∞ (ours),Paranormal,26,93.0769230769231,88.46153846153848,82.3372781065089,benchmarks/truthfulness/cache/qwen14b/evaluations/kv_cache_off/scores/truthfulqa_true/truthfulness/h_infinity/final.json,benchmarks/truthfulness/cache/qwen14b/evaluations/kv_cache_off/scores/truthfulqa_informative/truthfulness/h_infinity/final.json
ID,Qwen-2.5-14B,H∞ (ours),Conspiracies,25,93.6,93.6,87.60959999999999,benchmarks/truthfulness/cache/qwen14b/evaluations/kv_cache_off/scores/truthfulqa_true/truthfulness/h_infinity/final.json,benchmarks/truthfulness/cache/qwen14b/evaluations/kv_cache_off/scores/truthfulqa_informative/truthfulness/h_infinity/final.json
ID,Qwen-2.5-14B,H∞ (ours),Stereotypes,24,85.83333333333333,90.0,77.25,benchmarks/truthfulness/cache/qwen14b/evaluations/kv_cache_off/scores/truthfulqa_true/truthfulness/h_infinity/final.json,benchmarks/truthfulness/cache/qwen14b/evaluations/kv_cache_off/scores/truthfulqa_informative/truthfulness/h_infinity/final.json
ID,Qwen-2.5-14B,H∞ (ours),History,24,87.50000000000001,92.5,80.93750000000001,benchmarks/truthfulness/cache/qwen14b/evaluations/kv_cache_off/scores/truthfulqa_true/truthfulness/h_infinity/final.json,benchmarks/truthfulness/cache/qwen14b/evaluations/kv_cache_off/scores/truthfulqa_informative/truthfulness/h_infinity/final.json
ID,OLMo-2-32B,Original,Misconceptions,100,73.0,100.0,73.0,benchmarks/truthfulness/cache/olmo2_32b_instruct/evaluations/kv_cache_off/calibrations/txi95_fluency05_n200_r1/scores/truthfulqa_true/truthfulness/original/final.json,benchmarks/truthfulness/cache/olmo2_32b_instruct/evaluations/kv_cache_off/calibrations/txi95_fluency05_n200_r1/scores/truthfulqa_informative/truthfulness/original/final.json
ID,OLMo-2-32B,Original,Law,64,46.875,98.4375,46.142578125,benchmarks/truthfulness/cache/olmo2_32b_instruct/evaluations/kv_cache_off/calibrations/txi95_fluency05_n200_r1/scores/truthfulqa_true/truthfulness/original/final.json,benchmarks/truthfulness/cache/olmo2_32b_instruct/evaluations/kv_cache_off/calibrations/txi95_fluency05_n200_r1/scores/truthfulqa_informative/truthfulness/original/final.json
ID,OLMo-2-32B,Original,Health,55,63.63636363636363,98.18181818181819,62.4793388429752,benchmarks/truthfulness/cache/olmo2_32b_instruct/evaluations/kv_cache_off/calibrations/txi95_fluency05_n200_r1/scores/truthfulqa_true/truthfulness/original/final.json,benchmarks/truthfulness/cache/olmo2_32b_instruct/evaluations/kv_cache_off/calibrations/txi95_fluency05_n200_r1/scores/truthfulqa_informative/truthfulness/original/final.json
ID,OLMo-2-32B,Original,Sociology,55,61.81818181818182,100.0,61.81818181818182,benchmarks/truthfulness/cache/olmo2_32b_instruct/evaluations/kv_cache_off/calibrations/txi95_fluency05_n200_r1/scores/truthfulqa_true/truthfulness/original/final.json,benchmarks/truthfulness/cache/olmo2_32b_instruct/evaluations/kv_cache_off/calibrations/txi95_fluency05_n200_r1/scores/truthfulqa_informative/truthfulness/original/final.json
ID,OLMo-2-32B,Original,Economics,31,48.38709677419355,100.0,48.38709677419355,benchmarks/truthfulness/cache/olmo2_32b_instruct/evaluations/kv_cache_off/calibrations/txi95_fluency05_n200_r1/scores/truthfulqa_true/truthfulness/original/final.json,benchmarks/truthfulness/cache/olmo2_32b_instruct/evaluations/kv_cache_off/calibrations/txi95_fluency05_n200_r1/scores/truthfulqa_informative/truthfulness/original/final.json
ID,OLMo-2-32B,Original,Fiction,30,46.666666666666664,96.66666666666667,45.111111111111114,benchmarks/truthfulness/cache/olmo2_32b_instruct/evaluations/kv_cache_off/calibrations/txi95_fluency05_n200_r1/scores/truthfulqa_true/truthfulness/original/final.json,benchmarks/truthfulness/cache/olmo2_32b_instruct/evaluations/kv_cache_off/calibrations/txi95_fluency05_n200_r1/scores/truthfulqa_informative/truthfulness/original/final.json
ID,OLMo-2-32B,Original,Paranormal,26,61.53846153846154,96.15384615384616,59.171597633136095,benchmarks/truthfulness/cache/olmo2_32b_instruct/evaluations/kv_cache_off/calibrations/txi95_fluency05_n200_r1/scores/truthfulqa_true/truthfulness/original/final.json,benchmarks/truthfulness/cache/olmo2_32b_instruct/evaluations/kv_cache_off/calibrations/txi95_fluency05_n200_r1/scores/truthfulqa_informative/truthfulness/original/final.json
ID,OLMo-2-32B,Original,Conspiracies,25,80.0,100.0,80.0,benchmarks/truthfulness/cache/olmo2_32b_instruct/evaluations/kv_cache_off/calibrations/txi95_fluency05_n200_r1/scores/truthfulqa_true/truthfulness/original/final.json,benchmarks/truthfulness/cache/olmo2_32b_instruct/evaluations/kv_cache_off/calibrations/txi95_fluency05_n200_r1/scores/truthfulqa_informative/truthfulness/original/final.json
ID,OLMo-2-32B,Original,Stereotypes,24,50.0,100.0,50.0,benchmarks/truthfulness/cache/olmo2_32b_instruct/evaluations/kv_cache_off/calibrations/txi95_fluency05_n200_r1/scores/truthfulqa_true/truthfulness/original/final.json,benchmarks/truthfulness/cache/olmo2_32b_instruct/evaluations/kv_cache_off/calibrations/txi95_fluency05_n200_r1/scores/truthfulqa_informative/truthfulness/original/final.json
ID,OLMo-2-32B,Original,History,24,54.166666666666664,100.0,54.16666666666666,benchmarks/truthfulness/cache/olmo2_32b_instruct/evaluations/kv_cache_off/calibrations/txi95_fluency05_n200_r1/scores/truthfulqa_true/truthfulness/original/final.json,benchmarks/truthfulness/cache/olmo2_32b_instruct/evaluations/kv_cache_off/calibrations/txi95_fluency05_n200_r1/scores/truthfulqa_informative/truthfulness/original/final.json
ID,OLMo-2-32B,A-LQR,Misconceptions,100,89.0,96.0,85.44,benchmarks/truthfulness/cache/olmo2_32b_instruct/evaluations/kv_cache_off/calibrations/txi95_fluency05_n200_r1/scores/truthfulqa_true/truthfulness/alqr/final.json,benchmarks/truthfulness/cache/olmo2_32b_instruct/evaluations/kv_cache_off/calibrations/txi95_fluency05_n200_r1/scores/truthfulqa_informative/truthfulness/alqr/final.json
ID,OLMo-2-32B,A-LQR,Law,64,93.75,96.875,90.8203125,benchmarks/truthfulness/cache/olmo2_32b_instruct/evaluations/kv_cache_off/calibrations/txi95_fluency05_n200_r1/scores/truthfulqa_true/truthfulness/alqr/final.json,benchmarks/truthfulness/cache/olmo2_32b_instruct/evaluations/kv_cache_off/calibrations/txi95_fluency05_n200_r1/scores/truthfulqa_informative/truthfulness/alqr/final.json
ID,OLMo-2-32B,A-LQR,Health,55,89.0909090909091,100.0,89.0909090909091,benchmarks/truthfulness/cache/olmo2_32b_instruct/evaluations/kv_cache_off/calibrations/txi95_fluency05_n200_r1/scores/truthfulqa_true/truthfulness/alqr/final.json,benchmarks/truthfulness/cache/olmo2_32b_instruct/evaluations/kv_cache_off/calibrations/txi95_fluency05_n200_r1/scores/truthfulqa_informative/truthfulness/alqr/final.json
ID,OLMo-2-32B,A-LQR,Sociology,55,89.0909090909091,89.0909090909091,79.37190082644629,benchmarks/truthfulness/cache/olmo2_32b_instruct/evaluations/kv_cache_off/calibrations/txi95_fluency05_n200_r1/scores/truthfulqa_true/truthfulness/alqr/final.json,benchmarks/truthfulness/cache/olmo2_32b_instruct/evaluations/kv_cache_off/calibrations/txi95_fluency05_n200_r1/scores/truthfulqa_informative/truthfulness/alqr/final.json
ID,OLMo-2-32B,A-LQR,Economics,31,83.87096774193549,83.87096774193549,70.34339229968784,benchmarks/truthfulness/cache/olmo2_32b_instruct/evaluations/kv_cache_off/calibrations/txi95_fluency05_n200_r1/scores/truthfulqa_true/truthfulness/alqr/final.json,benchmarks/truthfulness/cache/olmo2_32b_instruct/evaluations/kv_cache_off/calibrations/txi95_fluency05_n200_r1/scores/truthfulqa_informative/truthfulness/alqr/final.json
ID,OLMo-2-32B,A-LQR,Fiction,30,90.0,100.0,90.0,benchmarks/truthfulness/cache/olmo2_32b_instruct/evaluations/kv_cache_off/calibrations/txi95_fluency05_n200_r1/scores/truthfulqa_true/truthfulness/alqr/final.json,benchmarks/truthfulness/cache/olmo2_32b_instruct/evaluations/kv_cache_off/calibrations/txi95_fluency05_n200_r1/scores/truthfulqa_informative/truthfulness/alqr/final.json
ID,OLMo-2-32B,A-LQR,Paranormal,26,100.0,100.0,100.0,benchmarks/truthfulness/cache/olmo2_32b_instruct/evaluations/kv_cache_off/calibrations/txi95_fluency05_n200_r1/scores/truthfulqa_true/truthfulness/alqr/final.json,benchmarks/truthfulness/cache/olmo2_32b_instruct/evaluations/kv_cache_off/calibrations/txi95_fluency05_n200_r1/scores/truthfulqa_informative/truthfulness/alqr/final.json
ID,OLMo-2-32B,A-LQR,Conspiracies,25,84.0,96.0,80.64,benchmarks/truthfulness/cache/olmo2_32b_instruct/evaluations/kv_cache_off/calibrations/txi95_fluency05_n200_r1/scores/truthfulqa_true/truthfulness/alqr/final.json,benchmarks/truthfulness/cache/olmo2_32b_instruct/evaluations/kv_cache_off/calibrations/txi95_fluency05_n200_r1/scores/truthfulqa_informative/truthfulness/alqr/final.json
ID,OLMo-2-32B,A-LQR,Stereotypes,24,91.66666666666667,95.83333333333333,87.84722222222223,benchmarks/truthfulness/cache/olmo2_32b_instruct/evaluations/kv_cache_off/calibrations/txi95_fluency05_n200_r1/scores/truthfulqa_true/truthfulness/alqr/final.json,benchmarks/truthfulness/cache/olmo2_32b_instruct/evaluations/kv_cache_off/calibrations/txi95_fluency05_n200_r1/scores/truthfulqa_informative/truthfulness/alqr/final.json
ID,OLMo-2-32B,A-LQR,History,24,87.5,100.0,87.5,benchmarks/truthfulness/cache/olmo2_32b_instruct/evaluations/kv_cache_off/calibrations/txi95_fluency05_n200_r1/scores/truthfulqa_true/truthfulness/alqr/final.json,benchmarks/truthfulness/cache/olmo2_32b_instruct/evaluations/kv_cache_off/calibrations/txi95_fluency05_n200_r1/scores/truthfulqa_informative/truthfulness/alqr/final.json
ID,OLMo-2-32B,H∞ (ours),Misconceptions,100,95.0,94.0,89.3,benchmarks/truthfulness/cache/olmo2_32b_instruct/evaluations/kv_cache_off/calibrations/txi95_fluency05_n200_r1/scores/truthfulqa_true/truthfulness/h_infinity/final.json,benchmarks/truthfulness/cache/olmo2_32b_instruct/evaluations/kv_cache_off/calibrations/txi95_fluency05_n200_r1/scores/truthfulqa_informative/truthfulness/h_infinity/final.json
ID,OLMo-2-32B,H∞ (ours),Law,64,90.625,98.4375,89.208984375,benchmarks/truthfulness/cache/olmo2_32b_instruct/evaluations/kv_cache_off/calibrations/txi95_fluency05_n200_r1/scores/truthfulqa_true/truthfulness/h_infinity/final.json,benchmarks/truthfulness/cache/olmo2_32b_instruct/evaluations/kv_cache_off/calibrations/txi95_fluency05_n200_r1/scores/truthfulqa_informative/truthfulness/h_infinity/final.json
ID,OLMo-2-32B,H∞ (ours),Health,55,92.72727272727273,96.36363636363636,89.35537190082646,benchmarks/truthfulness/cache/olmo2_32b_instruct/evaluations/kv_cache_off/calibrations/txi95_fluency05_n200_r1/scores/truthfulqa_true/truthfulness/h_infinity/final.json,benchmarks/truthfulness/cache/olmo2_32b_instruct/evaluations/kv_cache_off/calibrations/txi95_fluency05_n200_r1/scores/truthfulqa_informative/truthfulness/h_infinity/final.json
ID,OLMo-2-32B,H∞ (ours),Sociology,55,90.9090909090909,89.0909090909091,80.99173553719008,benchmarks/truthfulness/cache/olmo2_32b_instruct/evaluations/kv_cache_off/calibrations/txi95_fluency05_n200_r1/scores/truthfulqa_true/truthfulness/h_infinity/final.json,benchmarks/truthfulness/cache/olmo2_32b_instruct/evaluations/kv_cache_off/calibrations/txi95_fluency05_n200_r1/scores/truthfulqa_informative/truthfulness/h_infinity/final.json
ID,OLMo-2-32B,H∞ (ours),Economics,31,93.54838709677419,87.09677419354838,81.47762747138398,benchmarks/truthfulness/cache/olmo2_32b_instruct/evaluations/kv_cache_off/calibrations/txi95_fluency05_n200_r1/scores/truthfulqa_true/truthfulness/h_infinity/final.json,benchmarks/truthfulness/cache/olmo2_32b_instruct/evaluations/kv_cache_off/calibrations/txi95_fluency05_n200_r1/scores/truthfulqa_informative/truthfulness/h_infinity/final.json
ID,OLMo-2-32B,H∞ (ours),Fiction,30,96.66666666666667,90.0,87.0,benchmarks/truthfulness/cache/olmo2_32b_instruct/evaluations/kv_cache_off/calibrations/txi95_fluency05_n200_r1/scores/truthfulqa_true/truthfulness/h_infinity/final.json,benchmarks/truthfulness/cache/olmo2_32b_instruct/evaluations/kv_cache_off/calibrations/txi95_fluency05_n200_r1/scores/truthfulqa_informative/truthfulness/h_infinity/final.json
ID,OLMo-2-32B,H∞ (ours),Paranormal,26,100.0,100.0,100.0,benchmarks/truthfulness/cache/olmo2_32b_instruct/evaluations/kv_cache_off/calibrations/txi95_fluency05_n200_r1/scores/truthfulqa_true/truthfulness/h_infinity/final.json,benchmarks/truthfulness/cache/olmo2_32b_instruct/evaluations/kv_cache_off/calibrations/txi95_fluency05_n200_r1/scores/truthfulqa_informative/truthfulness/h_infinity/final.json
ID,OLMo-2-32B,H∞ (ours),Conspiracies,25,100.0,92.0,92.0,benchmarks/truthfulness/cache/olmo2_32b_instruct/evaluations/kv_cache_off/calibrations/txi95_fluency05_n200_r1/scores/truthfulqa_true/truthfulness/h_infinity/final.json,benchmarks/truthfulness/cache/olmo2_32b_instruct/evaluations/kv_cache_off/calibrations/txi95_fluency05_n200_r1/scores/truthfulqa_informative/truthfulness/h_infinity/final.json
ID,OLMo-2-32B,H∞ (ours),Stereotypes,24,100.0,95.83333333333333,95.83333333333331,benchmarks/truthfulness/cache/olmo2_32b_instruct/evaluations/kv_cache_off/calibrations/txi95_fluency05_n200_r1/scores/truthfulqa_true/truthfulness/h_infinity/final.json,benchmarks/truthfulness/cache/olmo2_32b_instruct/evaluations/kv_cache_off/calibrations/txi95_fluency05_n200_r1/scores/truthfulqa_informative/truthfulness/h_infinity/final.json
ID,OLMo-2-32B,H∞ (ours),History,24,87.5,100.0,87.5,benchmarks/truthfulness/cache/olmo2_32b_instruct/evaluations/kv_cache_off/calibrations/txi95_fluency05_n200_r1/scores/truthfulqa_true/truthfulness/h_infinity/final.json,benchmarks/truthfulness/cache/olmo2_32b_instruct/evaluations/kv_cache_off/calibrations/txi95_fluency05_n200_r1/scores/truthfulqa_informative/truthfulness/h_infinity/final.json
OOD,GPT-2 XL,Original,Misconceptions,100,62.0,6.0,3.72,benchmarks/truthfulness/cache/gpt2_xl/evaluations/kv_cache_off/calibrations/txi95_fluency05_n200_r1/scores/truthfulqa_true/truthfulness_spanish/original/final.json,benchmarks/truthfulness/cache/gpt2_xl/evaluations/kv_cache_off/calibrations/txi95_fluency05_n200_r1/scores/truthfulqa_informative/truthfulness_spanish/original/final.json
OOD,GPT-2 XL,Original,Law,64,71.875,14.0625,10.107421875,benchmarks/truthfulness/cache/gpt2_xl/evaluations/kv_cache_off/calibrations/txi95_fluency05_n200_r1/scores/truthfulqa_true/truthfulness_spanish/original/final.json,benchmarks/truthfulness/cache/gpt2_xl/evaluations/kv_cache_off/calibrations/txi95_fluency05_n200_r1/scores/truthfulqa_informative/truthfulness_spanish/original/final.json
OOD,GPT-2 XL,Original,Health,55,72.72727272727273,5.454545454545454,3.9669421487603307,benchmarks/truthfulness/cache/gpt2_xl/evaluations/kv_cache_off/calibrations/txi95_fluency05_n200_r1/scores/truthfulqa_true/truthfulness_spanish/original/final.json,benchmarks/truthfulness/cache/gpt2_xl/evaluations/kv_cache_off/calibrations/txi95_fluency05_n200_r1/scores/truthfulqa_informative/truthfulness_spanish/original/final.json
OOD,GPT-2 XL,Original,Sociology,55,70.9090909090909,5.454545454545454,3.867768595041322,benchmarks/truthfulness/cache/gpt2_xl/evaluations/kv_cache_off/calibrations/txi95_fluency05_n200_r1/scores/truthfulqa_true/truthfulness_spanish/original/final.json,benchmarks/truthfulness/cache/gpt2_xl/evaluations/kv_cache_off/calibrations/txi95_fluency05_n200_r1/scores/truthfulqa_informative/truthfulness_spanish/original/final.json
OOD,GPT-2 XL,Original,Economics,31,74.19354838709677,6.451612903225806,4.786680541103017,benchmarks/truthfulness/cache/gpt2_xl/evaluations/kv_cache_off/calibrations/txi95_fluency05_n200_r1/scores/truthfulqa_true/truthfulness_spanish/original/final.json,benchmarks/truthfulness/cache/gpt2_xl/evaluations/kv_cache_off/calibrations/txi95_fluency05_n200_r1/scores/truthfulqa_informative/truthfulness_spanish/original/final.json
OOD,GPT-2 XL,Original,Fiction,30,63.333333333333336,6.666666666666667,4.222222222222222,benchmarks/truthfulness/cache/gpt2_xl/evaluations/kv_cache_off/calibrations/txi95_fluency05_n200_r1/scores/truthfulqa_true/truthfulness_spanish/original/final.json,benchmarks/truthfulness/cache/gpt2_xl/evaluations/kv_cache_off/calibrations/txi95_fluency05_n200_r1/scores/truthfulqa_informative/truthfulness_spanish/original/final.json
OOD,GPT-2 XL,Original,Paranormal,26,61.53846153846154,11.538461538461538,7.100591715976332,benchmarks/truthfulness/cache/gpt2_xl/evaluations/kv_cache_off/calibrations/txi95_fluency05_n200_r1/scores/truthfulqa_true/truthfulness_spanish/original/final.json,benchmarks/truthfulness/cache/gpt2_xl/evaluations/kv_cache_off/calibrations/txi95_fluency05_n200_r1/scores/truthfulqa_informative/truthfulness_spanish/original/final.json
OOD,GPT-2 XL,Original,Conspiracies,25,72.0,8.0,5.76,benchmarks/truthfulness/cache/gpt2_xl/evaluations/kv_cache_off/calibrations/txi95_fluency05_n200_r1/scores/truthfulqa_true/truthfulness_spanish/original/final.json,benchmarks/truthfulness/cache/gpt2_xl/evaluations/kv_cache_off/calibrations/txi95_fluency05_n200_r1/scores/truthfulqa_informative/truthfulness_spanish/original/final.json
OOD,GPT-2 XL,Original,Stereotypes,24,62.5,12.5,7.8125,benchmarks/truthfulness/cache/gpt2_xl/evaluations/kv_cache_off/calibrations/txi95_fluency05_n200_r1/scores/truthfulqa_true/truthfulness_spanish/original/final.json,benchmarks/truthfulness/cache/gpt2_xl/evaluations/kv_cache_off/calibrations/txi95_fluency05_n200_r1/scores/truthfulqa_informative/truthfulness_spanish/original/final.json
OOD,GPT-2 XL,Original,History,24,70.83333333333333,0.0,0.0,benchmarks/truthfulness/cache/gpt2_xl/evaluations/kv_cache_off/calibrations/txi95_fluency05_n200_r1/scores/truthfulqa_true/truthfulness_spanish/original/final.json,benchmarks/truthfulness/cache/gpt2_xl/evaluations/kv_cache_off/calibrations/txi95_fluency05_n200_r1/scores/truthfulqa_informative/truthfulness_spanish/original/final.json
OOD,GPT-2 XL,ITI,Misconceptions,100,62.0,14.0,8.68,benchmarks/truthfulness/cache/gpt2_xl/evaluations/kv_cache_off/calibrations/txi95_fluency05_n200_r1/scores/truthfulqa_true/truthfulness_spanish/iti/final.json,benchmarks/truthfulness/cache/gpt2_xl/evaluations/kv_cache_off/calibrations/txi95_fluency05_n200_r1/scores/truthfulqa_informative/truthfulness_spanish/iti/final.json
OOD,GPT-2 XL,ITI,Law,64,56.25,10.9375,6.15234375,benchmarks/truthfulness/cache/gpt2_xl/evaluations/kv_cache_off/calibrations/txi95_fluency05_n200_r1/scores/truthfulqa_true/truthfulness_spanish/iti/final.json,benchmarks/truthfulness/cache/gpt2_xl/evaluations/kv_cache_off/calibrations/txi95_fluency05_n200_r1/scores/truthfulqa_informative/truthfulness_spanish/iti/final.json
OOD,GPT-2 XL,ITI,Health,55,70.9090909090909,9.090909090909092,6.446280991735538,benchmarks/truthfulness/cache/gpt2_xl/evaluations/kv_cache_off/calibrations/txi95_fluency05_n200_r1/scores/truthfulqa_true/truthfulness_spanish/iti/final.json,benchmarks/truthfulness/cache/gpt2_xl/evaluations/kv_cache_off/calibrations/txi95_fluency05_n200_r1/scores/truthfulqa_informative/truthfulness_spanish/iti/final.json
OOD,GPT-2 XL,ITI,Sociology,55,70.9090909090909,9.090909090909092,6.446280991735538,benchmarks/truthfulness/cache/gpt2_xl/evaluations/kv_cache_off/calibrations/txi95_fluency05_n200_r1/scores/truthfulqa_true/truthfulness_spanish/iti/final.json,benchmarks/truthfulness/cache/gpt2_xl/evaluations/kv_cache_off/calibrations/txi95_fluency05_n200_r1/scores/truthfulqa_informative/truthfulness_spanish/iti/final.json
OOD,GPT-2 XL,ITI,Economics,31,67.74193548387096,9.67741935483871,6.55567117585848,benchmarks/truthfulness/cache/gpt2_xl/evaluations/kv_cache_off/calibrations/txi95_fluency05_n200_r1/scores/truthfulqa_true/truthfulness_spanish/iti/final.json,benchmarks/truthfulness/cache/gpt2_xl/evaluations/kv_cache_off/calibrations/txi95_fluency05_n200_r1/scores/truthfulqa_informative/truthfulness_spanish/iti/final.json
OOD,GPT-2 XL,ITI,Fiction,30,56.666666666666664,13.333333333333334,7.555555555555555,benchmarks/truthfulness/cache/gpt2_xl/evaluations/kv_cache_off/calibrations/txi95_fluency05_n200_r1/scores/truthfulqa_true/truthfulness_spanish/iti/final.json,benchmarks/truthfulness/cache/gpt2_xl/evaluations/kv_cache_off/calibrations/txi95_fluency05_n200_r1/scores/truthfulqa_informative/truthfulness_spanish/iti/final.json
OOD,GPT-2 XL,ITI,Paranormal,26,38.46153846153846,15.384615384615385,5.9171597633136095,benchmarks/truthfulness/cache/gpt2_xl/evaluations/kv_cache_off/calibrations/txi95_fluency05_n200_r1/scores/truthfulqa_true/truthfulness_spanish/iti/final.json,benchmarks/truthfulness/cache/gpt2_xl/evaluations/kv_cache_off/calibrations/txi95_fluency05_n200_r1/scores/truthfulqa_informative/truthfulness_spanish/iti/final.json
OOD,GPT-2 XL,ITI,Conspiracies,25,52.0,12.0,6.24,benchmarks/truthfulness/cache/gpt2_xl/evaluations/kv_cache_off/calibrations/txi95_fluency05_n200_r1/scores/truthfulqa_true/truthfulness_spanish/iti/final.json,benchmarks/truthfulness/cache/gpt2_xl/evaluations/kv_cache_off/calibrations/txi95_fluency05_n200_r1/scores/truthfulqa_informative/truthfulness_spanish/iti/final.json
OOD,GPT-2 XL,ITI,Stereotypes,24,70.83333333333333,4.166666666666667,2.9513888888888893,benchmarks/truthfulness/cache/gpt2_xl/evaluations/kv_cache_off/calibrations/txi95_fluency05_n200_r1/scores/truthfulqa_true/truthfulness_spanish/iti/final.json,benchmarks/truthfulness/cache/gpt2_xl/evaluations/kv_cache_off/calibrations/txi95_fluency05_n200_r1/scores/truthfulqa_informative/truthfulness_spanish/iti/final.json
OOD,GPT-2 XL,ITI,History,24,62.5,4.166666666666667,2.604166666666667,benchmarks/truthfulness/cache/gpt2_xl/evaluations/kv_cache_off/calibrations/txi95_fluency05_n200_r1/scores/truthfulqa_true/truthfulness_spanish/iti/final.json,benchmarks/truthfulness/cache/gpt2_xl/evaluations/kv_cache_off/calibrations/txi95_fluency05_n200_r1/scores/truthfulqa_informative/truthfulness_spanish/iti/final.json
OOD,GPT-2 XL,ActAdd,Misconceptions,100,70.0,11.0,7.7,benchmarks/truthfulness/cache/gpt2_xl/evaluations/kv_cache_off/calibrations/txi95_fluency05_n200_r1/scores/truthfulqa_true/truthfulness_spanish/actadd/final.json,benchmarks/truthfulness/cache/gpt2_xl/evaluations/kv_cache_off/calibrations/txi95_fluency05_n200_r1/scores/truthfulqa_informative/truthfulness_spanish/actadd/final.json
OOD,GPT-2 XL,ActAdd,Law,64,65.625,14.0625,9.228515625,benchmarks/truthfulness/cache/gpt2_xl/evaluations/kv_cache_off/calibrations/txi95_fluency05_n200_r1/scores/truthfulqa_true/truthfulness_spanish/actadd/final.json,benchmarks/truthfulness/cache/gpt2_xl/evaluations/kv_cache_off/calibrations/txi95_fluency05_n200_r1/scores/truthfulqa_informative/truthfulness_spanish/actadd/final.json
OOD,GPT-2 XL,ActAdd,Health,55,65.45454545454545,10.909090909090908,7.140495867768594,benchmarks/truthfulness/cache/gpt2_xl/evaluations/kv_cache_off/calibrations/txi95_fluency05_n200_r1/scores/truthfulqa_true/truthfulness_spanish/actadd/final.json,benchmarks/truthfulness/cache/gpt2_xl/evaluations/kv_cache_off/calibrations/txi95_fluency05_n200_r1/scores/truthfulqa_informative/truthfulness_spanish/actadd/final.json
OOD,GPT-2 XL,ActAdd,Sociology,55,69.0909090909091,9.090909090909092,6.2809917355371905,benchmarks/truthfulness/cache/gpt2_xl/evaluations/kv_cache_off/calibrations/txi95_fluency05_n200_r1/scores/truthfulqa_true/truthfulness_spanish/actadd/final.json,benchmarks/truthfulness/cache/gpt2_xl/evaluations/kv_cache_off/calibrations/txi95_fluency05_n200_r1/scores/truthfulqa_informative/truthfulness_spanish/actadd/final.json
OOD,GPT-2 XL,ActAdd,Economics,31,87.09677419354838,6.451612903225806,5.6191467221644125,benchmarks/truthfulness/cache/gpt2_xl/evaluations/kv_cache_off/calibrations/txi95_fluency05_n200_r1/scores/truthfulqa_true/truthfulness_spanish/actadd/final.json,benchmarks/truthfulness/cache/gpt2_xl/evaluations/kv_cache_off/calibrations/txi95_fluency05_n200_r1/scores/truthfulqa_informative/truthfulness_spanish/actadd/final.json
OOD,GPT-2 XL,ActAdd,Fiction,30,60.0,13.333333333333334,8.0,benchmarks/truthfulness/cache/gpt2_xl/evaluations/kv_cache_off/calibrations/txi95_fluency05_n200_r1/scores/truthfulqa_true/truthfulness_spanish/actadd/final.json,benchmarks/truthfulness/cache/gpt2_xl/evaluations/kv_cache_off/calibrations/txi95_fluency05_n200_r1/scores/truthfulqa_informative/truthfulness_spanish/actadd/final.json
OOD,GPT-2 XL,ActAdd,Paranormal,26,65.38461538461539,7.6923076923076925,5.029585798816568,benchmarks/truthfulness/cache/gpt2_xl/evaluations/kv_cache_off/calibrations/txi95_fluency05_n200_r1/scores/truthfulqa_true/truthfulness_spanish/actadd/final.json,benchmarks/truthfulness/cache/gpt2_xl/evaluations/kv_cache_off/calibrations/txi95_fluency05_n200_r1/scores/truthfulqa_informative/truthfulness_spanish/actadd/final.json
OOD,GPT-2 XL,ActAdd,Conspiracies,25,44.0,12.0,5.28,benchmarks/truthfulness/cache/gpt2_xl/evaluations/kv_cache_off/calibrations/txi95_fluency05_n200_r1/scores/truthfulqa_true/truthfulness_spanish/actadd/final.json,benchmarks/truthfulness/cache/gpt2_xl/evaluations/kv_cache_off/calibrations/txi95_fluency05_n200_r1/scores/truthfulqa_informative/truthfulness_spanish/actadd/final.json
OOD,GPT-2 XL,ActAdd,Stereotypes,24,75.0,8.333333333333334,6.25,benchmarks/truthfulness/cache/gpt2_xl/evaluations/kv_cache_off/calibrations/txi95_fluency05_n200_r1/scores/truthfulqa_true/truthfulness_spanish/actadd/final.json,benchmarks/truthfulness/cache/gpt2_xl/evaluations/kv_cache_off/calibrations/txi95_fluency05_n200_r1/scores/truthfulqa_informative/truthfulness_spanish/actadd/final.json
OOD,GPT-2 XL,ActAdd,History,24,83.33333333333333,0.0,0.0,benchmarks/truthfulness/cache/gpt2_xl/evaluations/kv_cache_off/calibrations/txi95_fluency05_n200_r1/scores/truthfulqa_true/truthfulness_spanish/actadd/final.json,benchmarks/truthfulness/cache/gpt2_xl/evaluations/kv_cache_off/calibrations/txi95_fluency05_n200_r1/scores/truthfulqa_informative/truthfulness_spanish/actadd/final.json
OOD,GPT-2 XL,Mean-AcT,Misconceptions,100,70.0,6.0,4.2,benchmarks/truthfulness/cache/gpt2_xl/evaluations/kv_cache_off/calibrations/txi95_fluency05_n200_r1/scores/truthfulqa_true/truthfulness_spanish/mean_act/final.json,benchmarks/truthfulness/cache/gpt2_xl/evaluations/kv_cache_off/calibrations/txi95_fluency05_n200_r1/scores/truthfulqa_informative/truthfulness_spanish/mean_act/final.json
OOD,GPT-2 XL,Mean-AcT,Law,64,75.0,20.3125,15.234375,benchmarks/truthfulness/cache/gpt2_xl/evaluations/kv_cache_off/calibrations/txi95_fluency05_n200_r1/scores/truthfulqa_true/truthfulness_spanish/mean_act/final.json,benchmarks/truthfulness/cache/gpt2_xl/evaluations/kv_cache_off/calibrations/txi95_fluency05_n200_r1/scores/truthfulqa_informative/truthfulness_spanish/mean_act/final.json
OOD,GPT-2 XL,Mean-AcT,Health,55,72.72727272727273,9.090909090909092,6.611570247933886,benchmarks/truthfulness/cache/gpt2_xl/evaluations/kv_cache_off/calibrations/txi95_fluency05_n200_r1/scores/truthfulqa_true/truthfulness_spanish/mean_act/final.json,benchmarks/truthfulness/cache/gpt2_xl/evaluations/kv_cache_off/calibrations/txi95_fluency05_n200_r1/scores/truthfulqa_informative/truthfulness_spanish/mean_act/final.json
OOD,GPT-2 XL,Mean-AcT,Sociology,55,72.72727272727273,9.090909090909092,6.611570247933886,benchmarks/truthfulness/cache/gpt2_xl/evaluations/kv_cache_off/calibrations/txi95_fluency05_n200_r1/scores/truthfulqa_true/truthfulness_spanish/mean_act/final.json,benchmarks/truthfulness/cache/gpt2_xl/evaluations/kv_cache_off/calibrations/txi95_fluency05_n200_r1/scores/truthfulqa_informative/truthfulness_spanish/mean_act/final.json
OOD,GPT-2 XL,Mean-AcT,Economics,31,83.87096774193549,12.903225806451612,10.822060353798127,benchmarks/truthfulness/cache/gpt2_xl/evaluations/kv_cache_off/calibrations/txi95_fluency05_n200_r1/scores/truthfulqa_true/truthfulness_spanish/mean_act/final.json,benchmarks/truthfulness/cache/gpt2_xl/evaluations/kv_cache_off/calibrations/txi95_fluency05_n200_r1/scores/truthfulqa_informative/truthfulness_spanish/mean_act/final.json
OOD,GPT-2 XL,Mean-AcT,Fiction,30,56.666666666666664,3.3333333333333335,1.8888888888888888,benchmarks/truthfulness/cache/gpt2_xl/evaluations/kv_cache_off/calibrations/txi95_fluency05_n200_r1/scores/truthfulqa_true/truthfulness_spanish/mean_act/final.json,benchmarks/truthfulness/cache/gpt2_xl/evaluations/kv_cache_off/calibrations/txi95_fluency05_n200_r1/scores/truthfulqa_informative/truthfulness_spanish/mean_act/final.json
OOD,GPT-2 XL,Mean-AcT,Paranormal,26,69.23076923076923,11.538461538461538,7.988165680473372,benchmarks/truthfulness/cache/gpt2_xl/evaluations/kv_cache_off/calibrations/txi95_fluency05_n200_r1/scores/truthfulqa_true/truthfulness_spanish/mean_act/final.json,benchmarks/truthfulness/cache/gpt2_xl/evaluations/kv_cache_off/calibrations/txi95_fluency05_n200_r1/scores/truthfulqa_informative/truthfulness_spanish/mean_act/final.json
OOD,GPT-2 XL,Mean-AcT,Conspiracies,25,64.0,4.0,2.56,benchmarks/truthfulness/cache/gpt2_xl/evaluations/kv_cache_off/calibrations/txi95_fluency05_n200_r1/scores/truthfulqa_true/truthfulness_spanish/mean_act/final.json,benchmarks/truthfulness/cache/gpt2_xl/evaluations/kv_cache_off/calibrations/txi95_fluency05_n200_r1/scores/truthfulqa_informative/truthfulness_spanish/mean_act/final.json
OOD,GPT-2 XL,Mean-AcT,Stereotypes,24,54.166666666666664,16.666666666666668,9.027777777777779,benchmarks/truthfulness/cache/gpt2_xl/evaluations/kv_cache_off/calibrations/txi95_fluency05_n200_r1/scores/truthfulqa_true/truthfulness_spanish/mean_act/final.json,benchmarks/truthfulness/cache/gpt2_xl/evaluations/kv_cache_off/calibrations/txi95_fluency05_n200_r1/scores/truthfulqa_informative/truthfulness_spanish/mean_act/final.json
OOD,GPT-2 XL,Mean-AcT,History,24,75.0,0.0,0.0,benchmarks/truthfulness/cache/gpt2_xl/evaluations/kv_cache_off/calibrations/txi95_fluency05_n200_r1/scores/truthfulqa_true/truthfulness_spanish/mean_act/final.json,benchmarks/truthfulness/cache/gpt2_xl/evaluations/kv_cache_off/calibrations/txi95_fluency05_n200_r1/scores/truthfulqa_informative/truthfulness_spanish/mean_act/final.json
OOD,GPT-2 XL,Linear-AcT,Misconceptions,100,67.0,11.0,7.37,benchmarks/truthfulness/cache/gpt2_xl/evaluations/kv_cache_off/calibrations/txi95_fluency05_n200_r1/scores/truthfulqa_true/truthfulness_spanish/linear_act/final.json,benchmarks/truthfulness/cache/gpt2_xl/evaluations/kv_cache_off/calibrations/txi95_fluency05_n200_r1/scores/truthfulqa_informative/truthfulness_spanish/linear_act/final.json
OOD,GPT-2 XL,Linear-AcT,Law,64,60.9375,10.9375,6.6650390625,benchmarks/truthfulness/cache/gpt2_xl/evaluations/kv_cache_off/calibrations/txi95_fluency05_n200_r1/scores/truthfulqa_true/truthfulness_spanish/linear_act/final.json,benchmarks/truthfulness/cache/gpt2_xl/evaluations/kv_cache_off/calibrations/txi95_fluency05_n200_r1/scores/truthfulqa_informative/truthfulness_spanish/linear_act/final.json
OOD,GPT-2 XL,Linear-AcT,Health,55,65.45454545454545,12.727272727272727,8.330578512396693,benchmarks/truthfulness/cache/gpt2_xl/evaluations/kv_cache_off/calibrations/txi95_fluency05_n200_r1/scores/truthfulqa_true/truthfulness_spanish/linear_act/final.json,benchmarks/truthfulness/cache/gpt2_xl/evaluations/kv_cache_off/calibrations/txi95_fluency05_n200_r1/scores/truthfulqa_informative/truthfulness_spanish/linear_act/final.json
OOD,GPT-2 XL,Linear-AcT,Sociology,55,65.45454545454545,16.363636363636363,10.710743801652892,benchmarks/truthfulness/cache/gpt2_xl/evaluations/kv_cache_off/calibrations/txi95_fluency05_n200_r1/scores/truthfulqa_true/truthfulness_spanish/linear_act/final.json,benchmarks/truthfulness/cache/gpt2_xl/evaluations/kv_cache_off/calibrations/txi95_fluency05_n200_r1/scores/truthfulqa_informative/truthfulness_spanish/linear_act/final.json
OOD,GPT-2 XL,Linear-AcT,Economics,31,77.41935483870968,6.451612903225806,4.994797086368366,benchmarks/truthfulness/cache/gpt2_xl/evaluations/kv_cache_off/calibrations/txi95_fluency05_n200_r1/scores/truthfulqa_true/truthfulness_spanish/linear_act/final.json,benchmarks/truthfulness/cache/gpt2_xl/evaluations/kv_cache_off/calibrations/txi95_fluency05_n200_r1/scores/truthfulqa_informative/truthfulness_spanish/linear_act/final.json
OOD,GPT-2 XL,Linear-AcT,Fiction,30,56.666666666666664,13.333333333333334,7.555555555555555,benchmarks/truthfulness/cache/gpt2_xl/evaluations/kv_cache_off/calibrations/txi95_fluency05_n200_r1/scores/truthfulqa_true/truthfulness_spanish/linear_act/final.json,benchmarks/truthfulness/cache/gpt2_xl/evaluations/kv_cache_off/calibrations/txi95_fluency05_n200_r1/scores/truthfulqa_informative/truthfulness_spanish/linear_act/final.json
OOD,GPT-2 XL,Linear-AcT,Paranormal,26,42.30769230769231,15.384615384615385,6.508875739644971,benchmarks/truthfulness/cache/gpt2_xl/evaluations/kv_cache_off/calibrations/txi95_fluency05_n200_r1/scores/truthfulqa_true/truthfulness_spanish/linear_act/final.json,benchmarks/truthfulness/cache/gpt2_xl/evaluations/kv_cache_off/calibrations/txi95_fluency05_n200_r1/scores/truthfulqa_informative/truthfulness_spanish/linear_act/final.json
OOD,GPT-2 XL,Linear-AcT,Conspiracies,25,64.0,12.0,7.68,benchmarks/truthfulness/cache/gpt2_xl/evaluations/kv_cache_off/calibrations/txi95_fluency05_n200_r1/scores/truthfulqa_true/truthfulness_spanish/linear_act/final.json,benchmarks/truthfulness/cache/gpt2_xl/evaluations/kv_cache_off/calibrations/txi95_fluency05_n200_r1/scores/truthfulqa_informative/truthfulness_spanish/linear_act/final.json
OOD,GPT-2 XL,Linear-AcT,Stereotypes,24,79.16666666666667,8.333333333333334,6.597222222222223,benchmarks/truthfulness/cache/gpt2_xl/evaluations/kv_cache_off/calibrations/txi95_fluency05_n200_r1/scores/truthfulqa_true/truthfulness_spanish/linear_act/final.json,benchmarks/truthfulness/cache/gpt2_xl/evaluations/kv_cache_off/calibrations/txi95_fluency05_n200_r1/scores/truthfulqa_informative/truthfulness_spanish/linear_act/final.json
OOD,GPT-2 XL,Linear-AcT,History,24,66.66666666666667,0.0,0.0,benchmarks/truthfulness/cache/gpt2_xl/evaluations/kv_cache_off/calibrations/txi95_fluency05_n200_r1/scores/truthfulqa_true/truthfulness_spanish/linear_act/final.json,benchmarks/truthfulness/cache/gpt2_xl/evaluations/kv_cache_off/calibrations/txi95_fluency05_n200_r1/scores/truthfulqa_informative/truthfulness_spanish/linear_act/final.json
OOD,GPT-2 XL,PID-AcT,Misconceptions,100,73.0,7.0,5.11,benchmarks/truthfulness/cache/gpt2_xl/evaluations/kv_cache_off/calibrations/txi95_fluency05_n200_r1/scores/truthfulqa_true/truthfulness_spanish/pid_act/final.json,benchmarks/truthfulness/cache/gpt2_xl/evaluations/kv_cache_off/calibrations/txi95_fluency05_n200_r1/scores/truthfulqa_informative/truthfulness_spanish/pid_act/final.json
OOD,GPT-2 XL,PID-AcT,Law,64,56.25,17.1875,9.66796875,benchmarks/truthfulness/cache/gpt2_xl/evaluations/kv_cache_off/calibrations/txi95_fluency05_n200_r1/scores/truthfulqa_true/truthfulness_spanish/pid_act/final.json,benchmarks/truthfulness/cache/gpt2_xl/evaluations/kv_cache_off/calibrations/txi95_fluency05_n200_r1/scores/truthfulqa_informative/truthfulness_spanish/pid_act/final.json
OOD,GPT-2 XL,PID-AcT,Health,55,72.72727272727273,9.090909090909092,6.611570247933886,benchmarks/truthfulness/cache/gpt2_xl/evaluations/kv_cache_off/calibrations/txi95_fluency05_n200_r1/scores/truthfulqa_true/truthfulness_spanish/pid_act/final.json,benchmarks/truthfulness/cache/gpt2_xl/evaluations/kv_cache_off/calibrations/txi95_fluency05_n200_r1/scores/truthfulqa_informative/truthfulness_spanish/pid_act/final.json
OOD,GPT-2 XL,PID-AcT,Sociology,55,78.18181818181819,9.090909090909092,7.107438016528927,benchmarks/truthfulness/cache/gpt2_xl/evaluations/kv_cache_off/calibrations/txi95_fluency05_n200_r1/scores/truthfulqa_true/truthfulness_spanish/pid_act/final.json,benchmarks/truthfulness/cache/gpt2_xl/evaluations/kv_cache_off/calibrations/txi95_fluency05_n200_r1/scores/truthfulqa_informative/truthfulness_spanish/pid_act/final.json
OOD,GPT-2 XL,PID-AcT,Economics,31,87.09677419354838,3.225806451612903,2.8095733610822062,benchmarks/truthfulness/cache/gpt2_xl/evaluations/kv_cache_off/calibrations/txi95_fluency05_n200_r1/scores/truthfulqa_true/truthfulness_spanish/pid_act/final.json,benchmarks/truthfulness/cache/gpt2_xl/evaluations/kv_cache_off/calibrations/txi95_fluency05_n200_r1/scores/truthfulqa_informative/truthfulness_spanish/pid_act/final.json
OOD,GPT-2 XL,PID-AcT,Fiction,30,73.33333333333333,6.666666666666667,4.888888888888888,benchmarks/truthfulness/cache/gpt2_xl/evaluations/kv_cache_off/calibrations/txi95_fluency05_n200_r1/scores/truthfulqa_true/truthfulness_spanish/pid_act/final.json,benchmarks/truthfulness/cache/gpt2_xl/evaluations/kv_cache_off/calibrations/txi95_fluency05_n200_r1/scores/truthfulqa_informative/truthfulness_spanish/pid_act/final.json
OOD,GPT-2 XL,PID-AcT,Paranormal,26,73.07692307692308,19.23076923076923,14.053254437869823,benchmarks/truthfulness/cache/gpt2_xl/evaluations/kv_cache_off/calibrations/txi95_fluency05_n200_r1/scores/truthfulqa_true/truthfulness_spanish/pid_act/final.json,benchmarks/truthfulness/cache/gpt2_xl/evaluations/kv_cache_off/calibrations/txi95_fluency05_n200_r1/scores/truthfulqa_informative/truthfulness_spanish/pid_act/final.json
OOD,GPT-2 XL,PID-AcT,Conspiracies,25,60.0,20.0,12.0,benchmarks/truthfulness/cache/gpt2_xl/evaluations/kv_cache_off/calibrations/txi95_fluency05_n200_r1/scores/truthfulqa_true/truthfulness_spanish/pid_act/final.json,benchmarks/truthfulness/cache/gpt2_xl/evaluations/kv_cache_off/calibrations/txi95_fluency05_n200_r1/scores/truthfulqa_informative/truthfulness_spanish/pid_act/final.json
OOD,GPT-2 XL,PID-AcT,Stereotypes,24,75.0,16.666666666666668,12.5,benchmarks/truthfulness/cache/gpt2_xl/evaluations/kv_cache_off/calibrations/txi95_fluency05_n200_r1/scores/truthfulqa_true/truthfulness_spanish/pid_act/final.json,benchmarks/truthfulness/cache/gpt2_xl/evaluations/kv_cache_off/calibrations/txi95_fluency05_n200_r1/scores/truthfulqa_informative/truthfulness_spanish/pid_act/final.json
OOD,GPT-2 XL,PID-AcT,History,24,50.0,0.0,0.0,benchmarks/truthfulness/cache/gpt2_xl/evaluations/kv_cache_off/calibrations/txi95_fluency05_n200_r1/scores/truthfulqa_true/truthfulness_spanish/pid_act/final.json,benchmarks/truthfulness/cache/gpt2_xl/evaluations/kv_cache_off/calibrations/txi95_fluency05_n200_r1/scores/truthfulqa_informative/truthfulness_spanish/pid_act/final.json
OOD,GPT-2 XL,ODESteer,Misconceptions,100,75.0,8.0,6.0,benchmarks/truthfulness/cache/gpt2_xl/evaluations/kv_cache_off/calibrations/txi95_fluency05_n200_r1/scores/truthfulqa_true/truthfulness_spanish/odesteer/final.json,benchmarks/truthfulness/cache/gpt2_xl/evaluations/kv_cache_off/calibrations/txi95_fluency05_n200_r1/scores/truthfulqa_informative/truthfulness_spanish/odesteer/final.json
OOD,GPT-2 XL,ODESteer,Law,64,70.3125,6.25,4.39453125,benchmarks/truthfulness/cache/gpt2_xl/evaluations/kv_cache_off/calibrations/txi95_fluency05_n200_r1/scores/truthfulqa_true/truthfulness_spanish/odesteer/final.json,benchmarks/truthfulness/cache/gpt2_xl/evaluations/kv_cache_off/calibrations/txi95_fluency05_n200_r1/scores/truthfulqa_informative/truthfulness_spanish/odesteer/final.json
OOD,GPT-2 XL,ODESteer,Health,55,83.63636363636364,10.909090909090908,9.12396694214876,benchmarks/truthfulness/cache/gpt2_xl/evaluations/kv_cache_off/calibrations/txi95_fluency05_n200_r1/scores/truthfulqa_true/truthfulness_spanish/odesteer/final.json,benchmarks/truthfulness/cache/gpt2_xl/evaluations/kv_cache_off/calibrations/txi95_fluency05_n200_r1/scores/truthfulqa_informative/truthfulness_spanish/odesteer/final.json
OOD,GPT-2 XL,ODESteer,Sociology,55,81.81818181818181,7.2727272727272725,5.950413223140496,benchmarks/truthfulness/cache/gpt2_xl/evaluations/kv_cache_off/calibrations/txi95_fluency05_n200_r1/scores/truthfulqa_true/truthfulness_spanish/odesteer/final.json,benchmarks/truthfulness/cache/gpt2_xl/evaluations/kv_cache_off/calibrations/txi95_fluency05_n200_r1/scores/truthfulqa_informative/truthfulness_spanish/odesteer/final.json
OOD,GPT-2 XL,ODESteer,Economics,31,70.96774193548387,9.67741935483871,6.867845993756504,benchmarks/truthfulness/cache/gpt2_xl/evaluations/kv_cache_off/calibrations/txi95_fluency05_n200_r1/scores/truthfulqa_true/truthfulness_spanish/odesteer/final.json,benchmarks/truthfulness/cache/gpt2_xl/evaluations/kv_cache_off/calibrations/txi95_fluency05_n200_r1/scores/truthfulqa_informative/truthfulness_spanish/odesteer/final.json
OOD,GPT-2 XL,ODESteer,Fiction,30,66.66666666666667,13.333333333333334,8.888888888888891,benchmarks/truthfulness/cache/gpt2_xl/evaluations/kv_cache_off/calibrations/txi95_fluency05_n200_r1/scores/truthfulqa_true/truthfulness_spanish/odesteer/final.json,benchmarks/truthfulness/cache/gpt2_xl/evaluations/kv_cache_off/calibrations/txi95_fluency05_n200_r1/scores/truthfulqa_informative/truthfulness_spanish/odesteer/final.json
OOD,GPT-2 XL,ODESteer,Paranormal,26,76.92307692307692,7.6923076923076925,5.9171597633136095,benchmarks/truthfulness/cache/gpt2_xl/evaluations/kv_cache_off/calibrations/txi95_fluency05_n200_r1/scores/truthfulqa_true/truthfulness_spanish/odesteer/final.json,benchmarks/truthfulness/cache/gpt2_xl/evaluations/kv_cache_off/calibrations/txi95_fluency05_n200_r1/scores/truthfulqa_informative/truthfulness_spanish/odesteer/final.json
OOD,GPT-2 XL,ODESteer,Conspiracies,25,76.0,12.0,9.12,benchmarks/truthfulness/cache/gpt2_xl/evaluations/kv_cache_off/calibrations/txi95_fluency05_n200_r1/scores/truthfulqa_true/truthfulness_spanish/odesteer/final.json,benchmarks/truthfulness/cache/gpt2_xl/evaluations/kv_cache_off/calibrations/txi95_fluency05_n200_r1/scores/truthfulqa_informative/truthfulness_spanish/odesteer/final.json
OOD,GPT-2 XL,ODESteer,Stereotypes,24,70.83333333333333,16.666666666666668,11.805555555555557,benchmarks/truthfulness/cache/gpt2_xl/evaluations/kv_cache_off/calibrations/txi95_fluency05_n200_r1/scores/truthfulqa_true/truthfulness_spanish/odesteer/final.json,benchmarks/truthfulness/cache/gpt2_xl/evaluations/kv_cache_off/calibrations/txi95_fluency05_n200_r1/scores/truthfulqa_informative/truthfulness_spanish/odesteer/final.json
OOD,GPT-2 XL,ODESteer,History,24,83.33333333333333,0.0,0.0,benchmarks/truthfulness/cache/gpt2_xl/evaluations/kv_cache_off/calibrations/txi95_fluency05_n200_r1/scores/truthfulqa_true/truthfulness_spanish/odesteer/final.json,benchmarks/truthfulness/cache/gpt2_xl/evaluations/kv_cache_off/calibrations/txi95_fluency05_n200_r1/scores/truthfulqa_informative/truthfulness_spanish/odesteer/final.json
OOD,GPT-2 XL,S-PID,Misconceptions,100,68.0,7.0,4.76,benchmarks/truthfulness/cache/gpt2_xl/evaluations/kv_cache_off/calibrations/txi95_fluency05_n200_r1/scores/truthfulqa_true/truthfulness_spanish/spid/final.json,benchmarks/truthfulness/cache/gpt2_xl/evaluations/kv_cache_off/calibrations/txi95_fluency05_n200_r1/scores/truthfulqa_informative/truthfulness_spanish/spid/final.json
OOD,GPT-2 XL,S-PID,Law,64,73.4375,10.9375,8.0322265625,benchmarks/truthfulness/cache/gpt2_xl/evaluations/kv_cache_off/calibrations/txi95_fluency05_n200_r1/scores/truthfulqa_true/truthfulness_spanish/spid/final.json,benchmarks/truthfulness/cache/gpt2_xl/evaluations/kv_cache_off/calibrations/txi95_fluency05_n200_r1/scores/truthfulqa_informative/truthfulness_spanish/spid/final.json
OOD,GPT-2 XL,S-PID,Health,55,76.36363636363636,9.090909090909092,6.9421487603305785,benchmarks/truthfulness/cache/gpt2_xl/evaluations/kv_cache_off/calibrations/txi95_fluency05_n200_r1/scores/truthfulqa_true/truthfulness_spanish/spid/final.json,benchmarks/truthfulness/cache/gpt2_xl/evaluations/kv_cache_off/calibrations/txi95_fluency05_n200_r1/scores/truthfulqa_informative/truthfulness_spanish/spid/final.json
OOD,GPT-2 XL,S-PID,Sociology,55,74.54545454545455,10.909090909090908,8.132231404958677,benchmarks/truthfulness/cache/gpt2_xl/evaluations/kv_cache_off/calibrations/txi95_fluency05_n200_r1/scores/truthfulqa_true/truthfulness_spanish/spid/final.json,benchmarks/truthfulness/cache/gpt2_xl/evaluations/kv_cache_off/calibrations/txi95_fluency05_n200_r1/scores/truthfulqa_informative/truthfulness_spanish/spid/final.json
OOD,GPT-2 XL,S-PID,Economics,31,87.09677419354838,3.225806451612903,2.8095733610822062,benchmarks/truthfulness/cache/gpt2_xl/evaluations/kv_cache_off/calibrations/txi95_fluency05_n200_r1/scores/truthfulqa_true/truthfulness_spanish/spid/final.json,benchmarks/truthfulness/cache/gpt2_xl/evaluations/kv_cache_off/calibrations/txi95_fluency05_n200_r1/scores/truthfulqa_informative/truthfulness_spanish/spid/final.json
OOD,GPT-2 XL,S-PID,Fiction,30,63.333333333333336,3.3333333333333335,2.111111111111111,benchmarks/truthfulness/cache/gpt2_xl/evaluations/kv_cache_off/calibrations/txi95_fluency05_n200_r1/scores/truthfulqa_true/truthfulness_spanish/spid/final.json,benchmarks/truthfulness/cache/gpt2_xl/evaluations/kv_cache_off/calibrations/txi95_fluency05_n200_r1/scores/truthfulqa_informative/truthfulness_spanish/spid/final.json
OOD,GPT-2 XL,S-PID,Paranormal,26,57.69230769230769,7.6923076923076925,4.437869822485208,benchmarks/truthfulness/cache/gpt2_xl/evaluations/kv_cache_off/calibrations/txi95_fluency05_n200_r1/scores/truthfulqa_true/truthfulness_spanish/spid/final.json,benchmarks/truthfulness/cache/gpt2_xl/evaluations/kv_cache_off/calibrations/txi95_fluency05_n200_r1/scores/truthfulqa_informative/truthfulness_spanish/spid/final.json
OOD,GPT-2 XL,S-PID,Conspiracies,25,64.0,4.0,2.56,benchmarks/truthfulness/cache/gpt2_xl/evaluations/kv_cache_off/calibrations/txi95_fluency05_n200_r1/scores/truthfulqa_true/truthfulness_spanish/spid/final.json,benchmarks/truthfulness/cache/gpt2_xl/evaluations/kv_cache_off/calibrations/txi95_fluency05_n200_r1/scores/truthfulqa_informative/truthfulness_spanish/spid/final.json
OOD,GPT-2 XL,S-PID,Stereotypes,24,66.66666666666667,8.333333333333334,5.555555555555556,benchmarks/truthfulness/cache/gpt2_xl/evaluations/kv_cache_off/calibrations/txi95_fluency05_n200_r1/scores/truthfulqa_true/truthfulness_spanish/spid/final.json,benchmarks/truthfulness/cache/gpt2_xl/evaluations/kv_cache_off/calibrations/txi95_fluency05_n200_r1/scores/truthfulqa_informative/truthfulness_spanish/spid/final.json
OOD,GPT-2 XL,S-PID,History,24,70.83333333333333,0.0,0.0,benchmarks/truthfulness/cache/gpt2_xl/evaluations/kv_cache_off/calibrations/txi95_fluency05_n200_r1/scores/truthfulqa_true/truthfulness_spanish/spid/final.json,benchmarks/truthfulness/cache/gpt2_xl/evaluations/kv_cache_off/calibrations/txi95_fluency05_n200_r1/scores/truthfulqa_informative/truthfulness_spanish/spid/final.json
OOD,GPT-2 XL,A-LQR,Misconceptions,100,80.0,7.0,5.6,benchmarks/truthfulness/cache/gpt2_xl/evaluations/kv_cache_off/calibrations/txi95_fluency05_n200_r1/scores/truthfulqa_true/truthfulness_spanish/alqr/final.json,benchmarks/truthfulness/cache/gpt2_xl/evaluations/kv_cache_off/calibrations/txi95_fluency05_n200_r1/scores/truthfulqa_informative/truthfulness_spanish/alqr/final.json
OOD,GPT-2 XL,A-LQR,Law,64,75.0,3.125,2.34375,benchmarks/truthfulness/cache/gpt2_xl/evaluations/kv_cache_off/calibrations/txi95_fluency05_n200_r1/scores/truthfulqa_true/truthfulness_spanish/alqr/final.json,benchmarks/truthfulness/cache/gpt2_xl/evaluations/kv_cache_off/calibrations/txi95_fluency05_n200_r1/scores/truthfulqa_informative/truthfulness_spanish/alqr/final.json
OOD,GPT-2 XL,A-LQR,Health,55,74.54545454545455,3.6363636363636362,2.7107438016528924,benchmarks/truthfulness/cache/gpt2_xl/evaluations/kv_cache_off/calibrations/txi95_fluency05_n200_r1/scores/truthfulqa_true/truthfulness_spanish/alqr/final.json,benchmarks/truthfulness/cache/gpt2_xl/evaluations/kv_cache_off/calibrations/txi95_fluency05_n200_r1/scores/truthfulqa_informative/truthfulness_spanish/alqr/final.json
OOD,GPT-2 XL,A-LQR,Sociology,55,74.54545454545455,9.090909090909092,6.776859504132232,benchmarks/truthfulness/cache/gpt2_xl/evaluations/kv_cache_off/calibrations/txi95_fluency05_n200_r1/scores/truthfulqa_true/truthfulness_spanish/alqr/final.json,benchmarks/truthfulness/cache/gpt2_xl/evaluations/kv_cache_off/calibrations/txi95_fluency05_n200_r1/scores/truthfulqa_informative/truthfulness_spanish/alqr/final.json
OOD,GPT-2 XL,A-LQR,Economics,31,87.09677419354838,6.451612903225806,5.6191467221644125,benchmarks/truthfulness/cache/gpt2_xl/evaluations/kv_cache_off/calibrations/txi95_fluency05_n200_r1/scores/truthfulqa_true/truthfulness_spanish/alqr/final.json,benchmarks/truthfulness/cache/gpt2_xl/evaluations/kv_cache_off/calibrations/txi95_fluency05_n200_r1/scores/truthfulqa_informative/truthfulness_spanish/alqr/final.json
OOD,GPT-2 XL,A-LQR,Fiction,30,86.66666666666667,3.3333333333333335,2.8888888888888893,benchmarks/truthfulness/cache/gpt2_xl/evaluations/kv_cache_off/calibrations/txi95_fluency05_n200_r1/scores/truthfulqa_true/truthfulness_spanish/alqr/final.json,benchmarks/truthfulness/cache/gpt2_xl/evaluations/kv_cache_off/calibrations/txi95_fluency05_n200_r1/scores/truthfulqa_informative/truthfulness_spanish/alqr/final.json
OOD,GPT-2 XL,A-LQR,Paranormal,26,76.92307692307692,7.6923076923076925,5.9171597633136095,benchmarks/truthfulness/cache/gpt2_xl/evaluations/kv_cache_off/calibrations/txi95_fluency05_n200_r1/scores/truthfulqa_true/truthfulness_spanish/alqr/final.json,benchmarks/truthfulness/cache/gpt2_xl/evaluations/kv_cache_off/calibrations/txi95_fluency05_n200_r1/scores/truthfulqa_informative/truthfulness_spanish/alqr/final.json
OOD,GPT-2 XL,A-LQR,Conspiracies,25,80.0,0.0,0.0,benchmarks/truthfulness/cache/gpt2_xl/evaluations/kv_cache_off/calibrations/txi95_fluency05_n200_r1/scores/truthfulqa_true/truthfulness_spanish/alqr/final.json,benchmarks/truthfulness/cache/gpt2_xl/evaluations/kv_cache_off/calibrations/txi95_fluency05_n200_r1/scores/truthfulqa_informative/truthfulness_spanish/alqr/final.json
OOD,GPT-2 XL,A-LQR,Stereotypes,24,70.83333333333333,0.0,0.0,benchmarks/truthfulness/cache/gpt2_xl/evaluations/kv_cache_off/calibrations/txi95_fluency05_n200_r1/scores/truthfulqa_true/truthfulness_spanish/alqr/final.json,benchmarks/truthfulness/cache/gpt2_xl/evaluations/kv_cache_off/calibrations/txi95_fluency05_n200_r1/scores/truthfulqa_informative/truthfulness_spanish/alqr/final.json
OOD,GPT-2 XL,A-LQR,History,24,75.0,0.0,0.0,benchmarks/truthfulness/cache/gpt2_xl/evaluations/kv_cache_off/calibrations/txi95_fluency05_n200_r1/scores/truthfulqa_true/truthfulness_spanish/alqr/final.json,benchmarks/truthfulness/cache/gpt2_xl/evaluations/kv_cache_off/calibrations/txi95_fluency05_n200_r1/scores/truthfulqa_informative/truthfulness_spanish/alqr/final.json
OOD,GPT-2 XL,H∞ (ours),Misconceptions,100,95.0,7.0,6.65,benchmarks/truthfulness/cache/gpt2_xl/evaluations/kv_cache_off/calibrations/txi95_fluency05_n200_r1/scores/truthfulqa_true/truthfulness_spanish/h_infinity/final.json,benchmarks/truthfulness/cache/gpt2_xl/evaluations/kv_cache_off/calibrations/txi95_fluency05_n200_r1/scores/truthfulqa_informative/truthfulness_spanish/h_infinity/final.json
OOD,GPT-2 XL,H∞ (ours),Law,64,85.9375,37.5,32.2265625,benchmarks/truthfulness/cache/gpt2_xl/evaluations/kv_cache_off/calibrations/txi95_fluency05_n200_r1/scores/truthfulqa_true/truthfulness_spanish/h_infinity/final.json,benchmarks/truthfulness/cache/gpt2_xl/evaluations/kv_cache_off/calibrations/txi95_fluency05_n200_r1/scores/truthfulqa_informative/truthfulness_spanish/h_infinity/final.json
OOD,GPT-2 XL,H∞ (ours),Health,55,83.63636363636364,16.363636363636363,13.685950413223141,benchmarks/truthfulness/cache/gpt2_xl/evaluations/kv_cache_off/calibrations/txi95_fluency05_n200_r1/scores/truthfulqa_true/truthfulness_spanish/h_infinity/final.json,benchmarks/truthfulness/cache/gpt2_xl/evaluations/kv_cache_off/calibrations/txi95_fluency05_n200_r1/scores/truthfulqa_informative/truthfulness_spanish/h_infinity/final.json
OOD,GPT-2 XL,H∞ (ours),Sociology,55,81.81818181818181,20.0,16.363636363636363,benchmarks/truthfulness/cache/gpt2_xl/evaluations/kv_cache_off/calibrations/txi95_fluency05_n200_r1/scores/truthfulqa_true/truthfulness_spanish/h_infinity/final.json,benchmarks/truthfulness/cache/gpt2_xl/evaluations/kv_cache_off/calibrations/txi95_fluency05_n200_r1/scores/truthfulqa_informative/truthfulness_spanish/h_infinity/final.json
OOD,GPT-2 XL,H∞ (ours),Economics,31,87.09677419354838,16.129032258064516,14.04786680541103,benchmarks/truthfulness/cache/gpt2_xl/evaluations/kv_cache_off/calibrations/txi95_fluency05_n200_r1/scores/truthfulqa_true/truthfulness_spanish/h_infinity/final.json,benchmarks/truthfulness/cache/gpt2_xl/evaluations/kv_cache_off/calibrations/txi95_fluency05_n200_r1/scores/truthfulqa_informative/truthfulness_spanish/h_infinity/final.json
OOD,GPT-2 XL,H∞ (ours),Fiction,30,86.66666666666667,10.0,8.666666666666668,benchmarks/truthfulness/cache/gpt2_xl/evaluations/kv_cache_off/calibrations/txi95_fluency05_n200_r1/scores/truthfulqa_true/truthfulness_spanish/h_infinity/final.json,benchmarks/truthfulness/cache/gpt2_xl/evaluations/kv_cache_off/calibrations/txi95_fluency05_n200_r1/scores/truthfulqa_informative/truthfulness_spanish/h_infinity/final.json
OOD,GPT-2 XL,H∞ (ours),Paranormal,26,100.0,0.0,0.0,benchmarks/truthfulness/cache/gpt2_xl/evaluations/kv_cache_off/calibrations/txi95_fluency05_n200_r1/scores/truthfulqa_true/truthfulness_spanish/h_infinity/final.json,benchmarks/truthfulness/cache/gpt2_xl/evaluations/kv_cache_off/calibrations/txi95_fluency05_n200_r1/scores/truthfulqa_informative/truthfulness_spanish/h_infinity/final.json
OOD,GPT-2 XL,H∞ (ours),Conspiracies,25,88.0,8.0,7.04,benchmarks/truthfulness/cache/gpt2_xl/evaluations/kv_cache_off/calibrations/txi95_fluency05_n200_r1/scores/truthfulqa_true/truthfulness_spanish/h_infinity/final.json,benchmarks/truthfulness/cache/gpt2_xl/evaluations/kv_cache_off/calibrations/txi95_fluency05_n200_r1/scores/truthfulqa_informative/truthfulness_spanish/h_infinity/final.json
OOD,GPT-2 XL,H∞ (ours),Stereotypes,24,83.33333333333333,29.166666666666668,24.305555555555557,benchmarks/truthfulness/cache/gpt2_xl/evaluations/kv_cache_off/calibrations/txi95_fluency05_n200_r1/scores/truthfulqa_true/truthfulness_spanish/h_infinity/final.json,benchmarks/truthfulness/cache/gpt2_xl/evaluations/kv_cache_off/calibrations/txi95_fluency05_n200_r1/scores/truthfulqa_informative/truthfulness_spanish/h_infinity/final.json
OOD,GPT-2 XL,H∞ (ours),History,24,100.0,0.0,0.0,benchmarks/truthfulness/cache/gpt2_xl/evaluations/kv_cache_off/calibrations/txi95_fluency05_n200_r1/scores/truthfulqa_true/truthfulness_spanish/h_infinity/final.json,benchmarks/truthfulness/cache/gpt2_xl/evaluations/kv_cache_off/calibrations/txi95_fluency05_n200_r1/scores/truthfulqa_informative/truthfulness_spanish/h_infinity/final.json
OOD,Llama-3-8B,Original,Misconceptions,100,54.99999999999998,91.59999999999998,50.379999999999974,benchmarks/truthfulness/cache/llama8b/evaluations/kv_cache_off/scores/truthfulqa_true/truthfulness_spanish/original/final.json,benchmarks/truthfulness/cache/llama8b/evaluations/kv_cache_off/scores/truthfulqa_informative/truthfulness_spanish/original/final.json
OOD,Llama-3-8B,Original,Law,64,40.31249999999999,95.93749999999997,38.67480468749998,benchmarks/truthfulness/cache/llama8b/evaluations/kv_cache_off/scores/truthfulqa_true/truthfulness_spanish/original/final.json,benchmarks/truthfulness/cache/llama8b/evaluations/kv_cache_off/scores/truthfulqa_informative/truthfulness_spanish/original/final.json
OOD,Llama-3-8B,Original,Health,55,55.63636363636365,94.54545454545452,52.60165289256198,benchmarks/truthfulness/cache/llama8b/evaluations/kv_cache_off/scores/truthfulqa_true/truthfulness_spanish/original/final.json,benchmarks/truthfulness/cache/llama8b/evaluations/kv_cache_off/scores/truthfulqa_informative/truthfulness_spanish/original/final.json
OOD,Llama-3-8B,Original,Sociology,55,47.63636363636363,97.81818181818181,46.59702479338843,benchmarks/truthfulness/cache/llama8b/evaluations/kv_cache_off/scores/truthfulqa_true/truthfulness_spanish/original/final.json,benchmarks/truthfulness/cache/llama8b/evaluations/kv_cache_off/scores/truthfulqa_informative/truthfulness_spanish/original/final.json
OOD,Llama-3-8B,Original,Economics,31,44.516129032258064,95.48387096774195,42.5057232049948,benchmarks/truthfulness/cache/llama8b/evaluations/kv_cache_off/scores/truthfulqa_true/truthfulness_spanish/original/final.json,benchmarks/truthfulness/cache/llama8b/evaluations/kv_cache_off/scores/truthfulqa_informative/truthfulness_spanish/original/final.json
OOD,Llama-3-8B,Original,Fiction,30,36.0,97.33333333333334,35.040000000000006,benchmarks/truthfulness/cache/llama8b/evaluations/kv_cache_off/scores/truthfulqa_true/truthfulness_spanish/original/final.json,benchmarks/truthfulness/cache/llama8b/evaluations/kv_cache_off/scores/truthfulqa_informative/truthfulness_spanish/original/final.json
OOD,Llama-3-8B,Original,Paranormal,26,34.61538461538461,90.0,31.153846153846153,benchmarks/truthfulness/cache/llama8b/evaluations/kv_cache_off/scores/truthfulqa_true/truthfulness_spanish/original/final.json,benchmarks/truthfulness/cache/llama8b/evaluations/kv_cache_off/scores/truthfulqa_informative/truthfulness_spanish/original/final.json
OOD,Llama-3-8B,Original,Conspiracies,25,58.4,92.80000000000001,54.19520000000001,benchmarks/truthfulness/cache/llama8b/evaluations/kv_cache_off/scores/truthfulqa_true/truthfulness_spanish/original/final.json,benchmarks/truthfulness/cache/llama8b/evaluations/kv_cache_off/scores/truthfulqa_informative/truthfulness_spanish/original/final.json
OOD,Llama-3-8B,Original,Stereotypes,24,28.33333333333334,99.16666666666667,28.097222222222232,benchmarks/truthfulness/cache/llama8b/evaluations/kv_cache_off/scores/truthfulqa_true/truthfulness_spanish/original/final.json,benchmarks/truthfulness/cache/llama8b/evaluations/kv_cache_off/scores/truthfulqa_informative/truthfulness_spanish/original/final.json
OOD,Llama-3-8B,Original,History,24,43.333333333333336,96.66666666666669,41.88888888888889,benchmarks/truthfulness/cache/llama8b/evaluations/kv_cache_off/scores/truthfulqa_true/truthfulness_spanish/original/final.json,benchmarks/truthfulness/cache/llama8b/evaluations/kv_cache_off/scores/truthfulqa_informative/truthfulness_spanish/original/final.json
OOD,Llama-3-8B,ITI,Misconceptions,100,64.6,93.19999999999999,60.207199999999986,benchmarks/truthfulness/cache/llama8b/evaluations/kv_cache_off/scores/truthfulqa_true/truthfulness_spanish/iti/final.json,benchmarks/truthfulness/cache/llama8b/evaluations/kv_cache_off/scores/truthfulqa_informative/truthfulness_spanish/iti/final.json
OOD,Llama-3-8B,ITI,Law,64,55.31249999999998,94.37499999999999,52.20117187499997,benchmarks/truthfulness/cache/llama8b/evaluations/kv_cache_off/scores/truthfulqa_true/truthfulness_spanish/iti/final.json,benchmarks/truthfulness/cache/llama8b/evaluations/kv_cache_off/scores/truthfulqa_informative/truthfulness_spanish/iti/final.json
OOD,Llama-3-8B,ITI,Health,55,67.2727272727273,95.27272727272727,64.09256198347109,benchmarks/truthfulness/cache/llama8b/evaluations/kv_cache_off/scores/truthfulqa_true/truthfulness_spanish/iti/final.json,benchmarks/truthfulness/cache/llama8b/evaluations/kv_cache_off/scores/truthfulqa_informative/truthfulness_spanish/iti/final.json
OOD,Llama-3-8B,ITI,Sociology,55,55.27272727272727,95.27272727272727,52.6598347107438,benchmarks/truthfulness/cache/llama8b/evaluations/kv_cache_off/scores/truthfulqa_true/truthfulness_spanish/iti/final.json,benchmarks/truthfulness/cache/llama8b/evaluations/kv_cache_off/scores/truthfulqa_informative/truthfulness_spanish/iti/final.json
OOD,Llama-3-8B,ITI,Economics,31,65.80645161290325,93.54838709677418,61.56087408949013,benchmarks/truthfulness/cache/llama8b/evaluations/kv_cache_off/scores/truthfulqa_true/truthfulness_spanish/iti/final.json,benchmarks/truthfulness/cache/llama8b/evaluations/kv_cache_off/scores/truthfulqa_informative/truthfulness_spanish/iti/final.json
OOD,Llama-3-8B,ITI,Fiction,30,57.99999999999999,97.33333333333334,56.45333333333333,benchmarks/truthfulness/cache/llama8b/evaluations/kv_cache_off/scores/truthfulqa_true/truthfulness_spanish/iti/final.json,benchmarks/truthfulness/cache/llama8b/evaluations/kv_cache_off/scores/truthfulqa_informative/truthfulness_spanish/iti/final.json
OOD,Llama-3-8B,ITI,Paranormal,26,49.23076923076923,93.07692307692308,45.8224852071006,benchmarks/truthfulness/cache/llama8b/evaluations/kv_cache_off/scores/truthfulqa_true/truthfulness_spanish/iti/final.json,benchmarks/truthfulness/cache/llama8b/evaluations/kv_cache_off/scores/truthfulqa_informative/truthfulness_spanish/iti/final.json
OOD,Llama-3-8B,ITI,Conspiracies,25,76.8,93.6,71.8848,benchmarks/truthfulness/cache/llama8b/evaluations/kv_cache_off/scores/truthfulqa_true/truthfulness_spanish/iti/final.json,benchmarks/truthfulness/cache/llama8b/evaluations/kv_cache_off/scores/truthfulqa_informative/truthfulness_spanish/iti/final.json
OOD,Llama-3-8B,ITI,Stereotypes,24,49.166666666666664,99.16666666666667,48.75694444444444,benchmarks/truthfulness/cache/llama8b/evaluations/kv_cache_off/scores/truthfulqa_true/truthfulness_spanish/iti/final.json,benchmarks/truthfulness/cache/llama8b/evaluations/kv_cache_off/scores/truthfulqa_informative/truthfulness_spanish/iti/final.json
OOD,Llama-3-8B,ITI,History,24,49.166666666666664,95.0,46.70833333333333,benchmarks/truthfulness/cache/llama8b/evaluations/kv_cache_off/scores/truthfulqa_true/truthfulness_spanish/iti/final.json,benchmarks/truthfulness/cache/llama8b/evaluations/kv_cache_off/scores/truthfulqa_informative/truthfulness_spanish/iti/final.json
OOD,Llama-3-8B,ActAdd,Misconceptions,100,56.79999999999999,91.19999999999999,51.80159999999998,benchmarks/truthfulness/cache/llama8b/evaluations/kv_cache_off/scores/truthfulqa_true/truthfulness_spanish/actadd/final.json,benchmarks/truthfulness/cache/llama8b/evaluations/kv_cache_off/scores/truthfulqa_informative/truthfulness_spanish/actadd/final.json
OOD,Llama-3-8B,ActAdd,Law,64,42.49999999999999,95.0,40.37499999999999,benchmarks/truthfulness/cache/llama8b/evaluations/kv_cache_off/scores/truthfulqa_true/truthfulness_spanish/actadd/final.json,benchmarks/truthfulness/cache/llama8b/evaluations/kv_cache_off/scores/truthfulqa_informative/truthfulness_spanish/actadd/final.json
OOD,Llama-3-8B,ActAdd,Health,55,57.81818181818183,93.09090909090908,53.823471074380166,benchmarks/truthfulness/cache/llama8b/evaluations/kv_cache_off/scores/truthfulqa_true/truthfulness_spanish/actadd/final.json,benchmarks/truthfulness/cache/llama8b/evaluations/kv_cache_off/scores/truthfulqa_informative/truthfulness_spanish/actadd/final.json
OOD,Llama-3-8B,ActAdd,Sociology,55,49.09090909090909,97.45454545454544,47.841322314049584,benchmarks/truthfulness/cache/llama8b/evaluations/kv_cache_off/scores/truthfulqa_true/truthfulness_spanish/actadd/final.json,benchmarks/truthfulness/cache/llama8b/evaluations/kv_cache_off/scores/truthfulqa_informative/truthfulness_spanish/actadd/final.json
OOD,Llama-3-8B,ActAdd,Economics,31,47.74193548387097,94.83870967741937,45.277835587929246,benchmarks/truthfulness/cache/llama8b/evaluations/kv_cache_off/scores/truthfulqa_true/truthfulness_spanish/actadd/final.json,benchmarks/truthfulness/cache/llama8b/evaluations/kv_cache_off/scores/truthfulqa_informative/truthfulness_spanish/actadd/final.json
OOD,Llama-3-8B,ActAdd,Fiction,30,36.66666666666666,97.33333333333334,35.68888888888888,benchmarks/truthfulness/cache/llama8b/evaluations/kv_cache_off/scores/truthfulqa_true/truthfulness_spanish/actadd/final.json,benchmarks/truthfulness/cache/llama8b/evaluations/kv_cache_off/scores/truthfulqa_informative/truthfulness_spanish/actadd/final.json
OOD,Llama-3-8B,ActAdd,Paranormal,26,36.15384615384615,90.0,32.53846153846154,benchmarks/truthfulness/cache/llama8b/evaluations/kv_cache_off/scores/truthfulqa_true/truthfulness_spanish/actadd/final.json,benchmarks/truthfulness/cache/llama8b/evaluations/kv_cache_off/scores/truthfulqa_informative/truthfulness_spanish/actadd/final.json
OOD,Llama-3-8B,ActAdd,Conspiracies,25,59.2,92.80000000000001,54.93760000000001,benchmarks/truthfulness/cache/llama8b/evaluations/kv_cache_off/scores/truthfulqa_true/truthfulness_spanish/actadd/final.json,benchmarks/truthfulness/cache/llama8b/evaluations/kv_cache_off/scores/truthfulqa_informative/truthfulness_spanish/actadd/final.json
OOD,Llama-3-8B,ActAdd,Stereotypes,24,28.33333333333334,99.16666666666667,28.097222222222232,benchmarks/truthfulness/cache/llama8b/evaluations/kv_cache_off/scores/truthfulqa_true/truthfulness_spanish/actadd/final.json,benchmarks/truthfulness/cache/llama8b/evaluations/kv_cache_off/scores/truthfulqa_informative/truthfulness_spanish/actadd/final.json
OOD,Llama-3-8B,ActAdd,History,24,42.49999999999999,96.66666666666669,41.08333333333333,benchmarks/truthfulness/cache/llama8b/evaluations/kv_cache_off/scores/truthfulqa_true/truthfulness_spanish/actadd/final.json,benchmarks/truthfulness/cache/llama8b/evaluations/kv_cache_off/scores/truthfulqa_informative/truthfulness_spanish/actadd/final.json
OOD,Llama-3-8B,Mean-AcT,Misconceptions,100,62.0,92.6,57.412,benchmarks/truthfulness/cache/llama8b/evaluations/kv_cache_off/scores/truthfulqa_true/truthfulness_spanish/mean_act/final.json,benchmarks/truthfulness/cache/llama8b/evaluations/kv_cache_off/scores/truthfulqa_informative/truthfulness_spanish/mean_act/final.json
OOD,Llama-3-8B,Mean-AcT,Law,64,41.87499999999999,96.875,40.56640624999999,benchmarks/truthfulness/cache/llama8b/evaluations/kv_cache_off/scores/truthfulqa_true/truthfulness_spanish/mean_act/final.json,benchmarks/truthfulness/cache/llama8b/evaluations/kv_cache_off/scores/truthfulqa_informative/truthfulness_spanish/mean_act/final.json
OOD,Llama-3-8B,Mean-AcT,Health,55,63.636363636363654,95.27272727272727,60.62809917355373,benchmarks/truthfulness/cache/llama8b/evaluations/kv_cache_off/scores/truthfulqa_true/truthfulness_spanish/mean_act/final.json,benchmarks/truthfulness/cache/llama8b/evaluations/kv_cache_off/scores/truthfulqa_informative/truthfulness_spanish/mean_act/final.json
OOD,Llama-3-8B,Mean-AcT,Sociology,55,50.18181818181817,98.18181818181816,49.26942148760329,benchmarks/truthfulness/cache/llama8b/evaluations/kv_cache_off/scores/truthfulqa_true/truthfulness_spanish/mean_act/final.json,benchmarks/truthfulness/cache/llama8b/evaluations/kv_cache_off/scores/truthfulqa_informative/truthfulness_spanish/mean_act/final.json
OOD,Llama-3-8B,Mean-AcT,Economics,31,52.25806451612903,98.70967741935483,51.5837669094693,benchmarks/truthfulness/cache/llama8b/evaluations/kv_cache_off/scores/truthfulqa_true/truthfulness_spanish/mean_act/final.json,benchmarks/truthfulness/cache/llama8b/evaluations/kv_cache_off/scores/truthfulqa_informative/truthfulness_spanish/mean_act/final.json
OOD,Llama-3-8B,Mean-AcT,Fiction,30,37.99999999999999,96.66666666666669,36.733333333333334,benchmarks/truthfulness/cache/llama8b/evaluations/kv_cache_off/scores/truthfulqa_true/truthfulness_spanish/mean_act/final.json,benchmarks/truthfulness/cache/llama8b/evaluations/kv_cache_off/scores/truthfulqa_informative/truthfulness_spanish/mean_act/final.json
OOD,Llama-3-8B,Mean-AcT,Paranormal,26,36.92307692307692,90.0,33.230769230769226,benchmarks/truthfulness/cache/llama8b/evaluations/kv_cache_off/scores/truthfulqa_true/truthfulness_spanish/mean_act/final.json,benchmarks/truthfulness/cache/llama8b/evaluations/kv_cache_off/scores/truthfulqa_informative/truthfulness_spanish/mean_act/final.json
OOD,Llama-3-8B,Mean-AcT,Conspiracies,25,69.60000000000001,92.80000000000001,64.58880000000002,benchmarks/truthfulness/cache/llama8b/evaluations/kv_cache_off/scores/truthfulqa_true/truthfulness_spanish/mean_act/final.json,benchmarks/truthfulness/cache/llama8b/evaluations/kv_cache_off/scores/truthfulqa_informative/truthfulness_spanish/mean_act/final.json
OOD,Llama-3-8B,Mean-AcT,Stereotypes,24,30.000000000000004,99.16666666666667,29.750000000000004,benchmarks/truthfulness/cache/llama8b/evaluations/kv_cache_off/scores/truthfulqa_true/truthfulness_spanish/mean_act/final.json,benchmarks/truthfulness/cache/llama8b/evaluations/kv_cache_off/scores/truthfulqa_informative/truthfulness_spanish/mean_act/final.json
OOD,Llama-3-8B,Mean-AcT,History,24,45.0,92.5,41.625,benchmarks/truthfulness/cache/llama8b/evaluations/kv_cache_off/scores/truthfulqa_true/truthfulness_spanish/mean_act/final.json,benchmarks/truthfulness/cache/llama8b/evaluations/kv_cache_off/scores/truthfulqa_informative/truthfulness_spanish/mean_act/final.json
OOD,Llama-3-8B,Linear-AcT,Misconceptions,100,62.2,93.2,57.97040000000001,benchmarks/truthfulness/cache/llama8b/evaluations/kv_cache_off/scores/truthfulqa_true/truthfulness_spanish/linear_act/final.json,benchmarks/truthfulness/cache/llama8b/evaluations/kv_cache_off/scores/truthfulqa_informative/truthfulness_spanish/linear_act/final.json
OOD,Llama-3-8B,Linear-AcT,Law,64,41.25,97.49999999999999,40.21874999999999,benchmarks/truthfulness/cache/llama8b/evaluations/kv_cache_off/scores/truthfulqa_true/truthfulness_spanish/linear_act/final.json,benchmarks/truthfulness/cache/llama8b/evaluations/kv_cache_off/scores/truthfulqa_informative/truthfulness_spanish/linear_act/final.json
OOD,Llama-3-8B,Linear-AcT,Health,55,66.18181818181819,95.27272727272725,63.05322314049586,benchmarks/truthfulness/cache/llama8b/evaluations/kv_cache_off/scores/truthfulqa_true/truthfulness_spanish/linear_act/final.json,benchmarks/truthfulness/cache/llama8b/evaluations/kv_cache_off/scores/truthfulqa_informative/truthfulness_spanish/linear_act/final.json
OOD,Llama-3-8B,Linear-AcT,Sociology,55,52.72727272727272,98.18181818181819,51.76859504132231,benchmarks/truthfulness/cache/llama8b/evaluations/kv_cache_off/scores/truthfulqa_true/truthfulness_spanish/linear_act/final.json,benchmarks/truthfulness/cache/llama8b/evaluations/kv_cache_off/scores/truthfulqa_informative/truthfulness_spanish/linear_act/final.json
OOD,Llama-3-8B,Linear-AcT,Economics,31,54.83870967741937,97.4193548387097,53.423517169615,benchmarks/truthfulness/cache/llama8b/evaluations/kv_cache_off/scores/truthfulqa_true/truthfulness_spanish/linear_act/final.json,benchmarks/truthfulness/cache/llama8b/evaluations/kv_cache_off/scores/truthfulqa_informative/truthfulness_spanish/linear_act/final.json
OOD,Llama-3-8B,Linear-AcT,Fiction,30,40.666666666666664,97.33333333333334,39.58222222222222,benchmarks/truthfulness/cache/llama8b/evaluations/kv_cache_off/scores/truthfulqa_true/truthfulness_spanish/linear_act/final.json,benchmarks/truthfulness/cache/llama8b/evaluations/kv_cache_off/scores/truthfulqa_informative/truthfulness_spanish/linear_act/final.json
OOD,Llama-3-8B,Linear-AcT,Paranormal,26,36.92307692307692,89.23076923076925,32.94674556213018,benchmarks/truthfulness/cache/llama8b/evaluations/kv_cache_off/scores/truthfulqa_true/truthfulness_spanish/linear_act/final.json,benchmarks/truthfulness/cache/llama8b/evaluations/kv_cache_off/scores/truthfulqa_informative/truthfulness_spanish/linear_act/final.json
OOD,Llama-3-8B,Linear-AcT,Conspiracies,25,72.80000000000001,94.4,68.72320000000002,benchmarks/truthfulness/cache/llama8b/evaluations/kv_cache_off/scores/truthfulqa_true/truthfulness_spanish/linear_act/final.json,benchmarks/truthfulness/cache/llama8b/evaluations/kv_cache_off/scores/truthfulqa_informative/truthfulness_spanish/linear_act/final.json
OOD,Llama-3-8B,Linear-AcT,Stereotypes,24,32.50000000000001,99.16666666666667,32.22916666666667,benchmarks/truthfulness/cache/llama8b/evaluations/kv_cache_off/scores/truthfulqa_true/truthfulness_spanish/linear_act/final.json,benchmarks/truthfulness/cache/llama8b/evaluations/kv_cache_off/scores/truthfulqa_informative/truthfulness_spanish/linear_act/final.json
OOD,Llama-3-8B,Linear-AcT,History,24,47.5,92.5,43.9375,benchmarks/truthfulness/cache/llama8b/evaluations/kv_cache_off/scores/truthfulqa_true/truthfulness_spanish/linear_act/final.json,benchmarks/truthfulness/cache/llama8b/evaluations/kv_cache_off/scores/truthfulqa_informative/truthfulness_spanish/linear_act/final.json
OOD,Llama-3-8B,PID-AcT,Misconceptions,100,62.00000000000001,93.4,57.90800000000001,benchmarks/truthfulness/cache/llama8b/evaluations/kv_cache_off/scores/truthfulqa_true/truthfulness_spanish/pid_act/final.json,benchmarks/truthfulness/cache/llama8b/evaluations/kv_cache_off/scores/truthfulqa_informative/truthfulness_spanish/pid_act/final.json
OOD,Llama-3-8B,PID-AcT,Law,64,43.43749999999999,96.875,42.08007812499999,benchmarks/truthfulness/cache/llama8b/evaluations/kv_cache_off/scores/truthfulqa_true/truthfulness_spanish/pid_act/final.json,benchmarks/truthfulness/cache/llama8b/evaluations/kv_cache_off/scores/truthfulqa_informative/truthfulness_spanish/pid_act/final.json
OOD,Llama-3-8B,PID-AcT,Health,55,65.45454545454545,96.36363636363635,63.07438016528924,benchmarks/truthfulness/cache/llama8b/evaluations/kv_cache_off/scores/truthfulqa_true/truthfulness_spanish/pid_act/final.json,benchmarks/truthfulness/cache/llama8b/evaluations/kv_cache_off/scores/truthfulqa_informative/truthfulness_spanish/pid_act/final.json
OOD,Llama-3-8B,PID-AcT,Sociology,55,53.81818181818181,99.27272727272725,53.426776859504116,benchmarks/truthfulness/cache/llama8b/evaluations/kv_cache_off/scores/truthfulqa_true/truthfulness_spanish/pid_act/final.json,benchmarks/truthfulness/cache/llama8b/evaluations/kv_cache_off/scores/truthfulqa_informative/truthfulness_spanish/pid_act/final.json
OOD,Llama-3-8B,PID-AcT,Economics,31,48.387096774193566,98.06451612903226,47.4505723204995,benchmarks/truthfulness/cache/llama8b/evaluations/kv_cache_off/scores/truthfulqa_true/truthfulness_spanish/pid_act/final.json,benchmarks/truthfulness/cache/llama8b/evaluations/kv_cache_off/scores/truthfulqa_informative/truthfulness_spanish/pid_act/final.json
OOD,Llama-3-8B,PID-AcT,Fiction,30,37.99999999999999,97.33333333333334,36.986666666666665,benchmarks/truthfulness/cache/llama8b/evaluations/kv_cache_off/scores/truthfulqa_true/truthfulness_spanish/pid_act/final.json,benchmarks/truthfulness/cache/llama8b/evaluations/kv_cache_off/scores/truthfulqa_informative/truthfulness_spanish/pid_act/final.json
OOD,Llama-3-8B,PID-AcT,Paranormal,26,36.153846153846146,91.53846153846153,33.09467455621301,benchmarks/truthfulness/cache/llama8b/evaluations/kv_cache_off/scores/truthfulqa_true/truthfulness_spanish/pid_act/final.json,benchmarks/truthfulness/cache/llama8b/evaluations/kv_cache_off/scores/truthfulqa_informative/truthfulness_spanish/pid_act/final.json
OOD,Llama-3-8B,PID-AcT,Conspiracies,25,69.60000000000001,94.4,65.70240000000001,benchmarks/truthfulness/cache/llama8b/evaluations/kv_cache_off/scores/truthfulqa_true/truthfulness_spanish/pid_act/final.json,benchmarks/truthfulness/cache/llama8b/evaluations/kv_cache_off/scores/truthfulqa_informative/truthfulness_spanish/pid_act/final.json
OOD,Llama-3-8B,PID-AcT,Stereotypes,24,25.833333333333332,100.0,25.83333333333333,benchmarks/truthfulness/cache/llama8b/evaluations/kv_cache_off/scores/truthfulqa_true/truthfulness_spanish/pid_act/final.json,benchmarks/truthfulness/cache/llama8b/evaluations/kv_cache_off/scores/truthfulqa_informative/truthfulness_spanish/pid_act/final.json
OOD,Llama-3-8B,PID-AcT,History,24,50.0,92.5,46.25,benchmarks/truthfulness/cache/llama8b/evaluations/kv_cache_off/scores/truthfulqa_true/truthfulness_spanish/pid_act/final.json,benchmarks/truthfulness/cache/llama8b/evaluations/kv_cache_off/scores/truthfulqa_informative/truthfulness_spanish/pid_act/final.json
OOD,Llama-3-8B,ODESteer,Misconceptions,100,96.2,7.6,7.3112,benchmarks/truthfulness/cache/llama8b/evaluations/kv_cache_off/scores/truthfulqa_true/truthfulness_spanish/odesteer/final.json,benchmarks/truthfulness/cache/llama8b/evaluations/kv_cache_off/scores/truthfulqa_informative/truthfulness_spanish/odesteer/final.json
OOD,Llama-3-8B,ODESteer,Law,64,94.6875,12.187500000000002,11.540039062500002,benchmarks/truthfulness/cache/llama8b/evaluations/kv_cache_off/scores/truthfulqa_true/truthfulness_spanish/odesteer/final.json,benchmarks/truthfulness/cache/llama8b/evaluations/kv_cache_off/scores/truthfulqa_informative/truthfulness_spanish/odesteer/final.json
OOD,Llama-3-8B,ODESteer,Health,55,94.18181818181819,15.272727272727273,14.38413223140496,benchmarks/truthfulness/cache/llama8b/evaluations/kv_cache_off/scores/truthfulqa_true/truthfulness_spanish/odesteer/final.json,benchmarks/truthfulness/cache/llama8b/evaluations/kv_cache_off/scores/truthfulqa_informative/truthfulness_spanish/odesteer/final.json
OOD,Llama-3-8B,ODESteer,Sociology,55,94.9090909090909,8.363636363636365,7.937851239669422,benchmarks/truthfulness/cache/llama8b/evaluations/kv_cache_off/scores/truthfulqa_true/truthfulness_spanish/odesteer/final.json,benchmarks/truthfulness/cache/llama8b/evaluations/kv_cache_off/scores/truthfulqa_informative/truthfulness_spanish/odesteer/final.json
OOD,Llama-3-8B,ODESteer,Economics,31,96.7741935483871,14.838709677419352,14.360041623309051,benchmarks/truthfulness/cache/llama8b/evaluations/kv_cache_off/scores/truthfulqa_true/truthfulness_spanish/odesteer/final.json,benchmarks/truthfulness/cache/llama8b/evaluations/kv_cache_off/scores/truthfulqa_informative/truthfulness_spanish/odesteer/final.json
OOD,Llama-3-8B,ODESteer,Fiction,30,94.66666666666667,8.000000000000002,7.573333333333335,benchmarks/truthfulness/cache/llama8b/evaluations/kv_cache_off/scores/truthfulqa_true/truthfulness_spanish/odesteer/final.json,benchmarks/truthfulness/cache/llama8b/evaluations/kv_cache_off/scores/truthfulqa_informative/truthfulness_spanish/odesteer/final.json
OOD,Llama-3-8B,ODESteer,Paranormal,26,100.0,3.076923076923077,3.0769230769230775,benchmarks/truthfulness/cache/llama8b/evaluations/kv_cache_off/scores/truthfulqa_true/truthfulness_spanish/odesteer/final.json,benchmarks/truthfulness/cache/llama8b/evaluations/kv_cache_off/scores/truthfulqa_informative/truthfulness_spanish/odesteer/final.json
OOD,Llama-3-8B,ODESteer,Conspiracies,25,98.4,4.8,4.7232,benchmarks/truthfulness/cache/llama8b/evaluations/kv_cache_off/scores/truthfulqa_true/truthfulness_spanish/odesteer/final.json,benchmarks/truthfulness/cache/llama8b/evaluations/kv_cache_off/scores/truthfulqa_informative/truthfulness_spanish/odesteer/final.json
OOD,Llama-3-8B,ODESteer,Stereotypes,24,95.83333333333333,13.333333333333334,12.777777777777779,benchmarks/truthfulness/cache/llama8b/evaluations/kv_cache_off/scores/truthfulqa_true/truthfulness_spanish/odesteer/final.json,benchmarks/truthfulness/cache/llama8b/evaluations/kv_cache_off/scores/truthfulqa_informative/truthfulness_spanish/odesteer/final.json
OOD,Llama-3-8B,ODESteer,History,24,100.0,0.0,0.0,benchmarks/truthfulness/cache/llama8b/evaluations/kv_cache_off/scores/truthfulqa_true/truthfulness_spanish/odesteer/final.json,benchmarks/truthfulness/cache/llama8b/evaluations/kv_cache_off/scores/truthfulqa_informative/truthfulness_spanish/odesteer/final.json
OOD,Llama-3-8B,S-PID,Misconceptions,100,61.20000000000001,93.79999999999998,57.40559999999999,benchmarks/truthfulness/cache/llama8b/evaluations/kv_cache_off/scores/truthfulqa_true/truthfulness_spanish/spid/final.json,benchmarks/truthfulness/cache/llama8b/evaluations/kv_cache_off/scores/truthfulqa_informative/truthfulness_spanish/spid/final.json
OOD,Llama-3-8B,S-PID,Law,64,44.68749999999998,96.875,43.29101562499998,benchmarks/truthfulness/cache/llama8b/evaluations/kv_cache_off/scores/truthfulqa_true/truthfulness_spanish/spid/final.json,benchmarks/truthfulness/cache/llama8b/evaluations/kv_cache_off/scores/truthfulqa_informative/truthfulness_spanish/spid/final.json
OOD,Llama-3-8B,S-PID,Health,55,68.00000000000001,95.63636363636363,65.03272727272729,benchmarks/truthfulness/cache/llama8b/evaluations/kv_cache_off/scores/truthfulqa_true/truthfulness_spanish/spid/final.json,benchmarks/truthfulness/cache/llama8b/evaluations/kv_cache_off/scores/truthfulqa_informative/truthfulness_spanish/spid/final.json
OOD,Llama-3-8B,S-PID,Sociology,55,58.90909090909091,94.9090909090909,55.91008264462809,benchmarks/truthfulness/cache/llama8b/evaluations/kv_cache_off/scores/truthfulqa_true/truthfulness_spanish/spid/final.json,benchmarks/truthfulness/cache/llama8b/evaluations/kv_cache_off/scores/truthfulqa_informative/truthfulness_spanish/spid/final.json
OOD,Llama-3-8B,S-PID,Economics,31,56.12903225806453,92.25806451612904,51.78355879292405,benchmarks/truthfulness/cache/llama8b/evaluations/kv_cache_off/scores/truthfulqa_true/truthfulness_spanish/spid/final.json,benchmarks/truthfulness/cache/llama8b/evaluations/kv_cache_off/scores/truthfulqa_informative/truthfulness_spanish/spid/final.json
OOD,Llama-3-8B,S-PID,Fiction,30,54.66666666666666,98.0,53.57333333333332,benchmarks/truthfulness/cache/llama8b/evaluations/kv_cache_off/scores/truthfulqa_true/truthfulness_spanish/spid/final.json,benchmarks/truthfulness/cache/llama8b/evaluations/kv_cache_off/scores/truthfulqa_informative/truthfulness_spanish/spid/final.json
OOD,Llama-3-8B,S-PID,Paranormal,26,44.61538461538461,92.3076923076923,41.18343195266272,benchmarks/truthfulness/cache/llama8b/evaluations/kv_cache_off/scores/truthfulqa_true/truthfulness_spanish/spid/final.json,benchmarks/truthfulness/cache/llama8b/evaluations/kv_cache_off/scores/truthfulqa_informative/truthfulness_spanish/spid/final.json
OOD,Llama-3-8B,S-PID,Conspiracies,25,64.8,95.2,61.6896,benchmarks/truthfulness/cache/llama8b/evaluations/kv_cache_off/scores/truthfulqa_true/truthfulness_spanish/spid/final.json,benchmarks/truthfulness/cache/llama8b/evaluations/kv_cache_off/scores/truthfulqa_informative/truthfulness_spanish/spid/final.json
OOD,Llama-3-8B,S-PID,Stereotypes,24,40.00000000000001,99.16666666666667,39.66666666666667,benchmarks/truthfulness/cache/llama8b/evaluations/kv_cache_off/scores/truthfulqa_true/truthfulness_spanish/spid/final.json,benchmarks/truthfulness/cache/llama8b/evaluations/kv_cache_off/scores/truthfulqa_informative/truthfulness_spanish/spid/final.json
OOD,Llama-3-8B,S-PID,History,24,49.99999999999999,95.0,47.49999999999999,benchmarks/truthfulness/cache/llama8b/evaluations/kv_cache_off/scores/truthfulqa_true/truthfulness_spanish/spid/final.json,benchmarks/truthfulness/cache/llama8b/evaluations/kv_cache_off/scores/truthfulqa_informative/truthfulness_spanish/spid/final.json
OOD,Llama-3-8B,A-LQR,Misconceptions,100,62.4,94.59999999999997,59.03039999999998,benchmarks/truthfulness/cache/llama8b/evaluations/kv_cache_off/scores/truthfulqa_true/truthfulness_spanish/alqr/final.json,benchmarks/truthfulness/cache/llama8b/evaluations/kv_cache_off/scores/truthfulqa_informative/truthfulness_spanish/alqr/final.json
OOD,Llama-3-8B,A-LQR,Law,64,55.62499999999998,94.0625,52.32226562499998,benchmarks/truthfulness/cache/llama8b/evaluations/kv_cache_off/scores/truthfulqa_true/truthfulness_spanish/alqr/final.json,benchmarks/truthfulness/cache/llama8b/evaluations/kv_cache_off/scores/truthfulqa_informative/truthfulness_spanish/alqr/final.json
OOD,Llama-3-8B,A-LQR,Health,55,71.63636363636364,97.0909090909091,69.55239669421489,benchmarks/truthfulness/cache/llama8b/evaluations/kv_cache_off/scores/truthfulqa_true/truthfulness_spanish/alqr/final.json,benchmarks/truthfulness/cache/llama8b/evaluations/kv_cache_off/scores/truthfulqa_informative/truthfulness_spanish/alqr/final.json
OOD,Llama-3-8B,A-LQR,Sociology,55,58.90909090909092,95.63636363636365,56.33851239669424,benchmarks/truthfulness/cache/llama8b/evaluations/kv_cache_off/scores/truthfulqa_true/truthfulness_spanish/alqr/final.json,benchmarks/truthfulness/cache/llama8b/evaluations/kv_cache_off/scores/truthfulqa_informative/truthfulness_spanish/alqr/final.json
OOD,Llama-3-8B,A-LQR,Economics,31,55.48387096774194,94.83870967741937,52.62018730489076,benchmarks/truthfulness/cache/llama8b/evaluations/kv_cache_off/scores/truthfulqa_true/truthfulness_spanish/alqr/final.json,benchmarks/truthfulness/cache/llama8b/evaluations/kv_cache_off/scores/truthfulqa_informative/truthfulness_spanish/alqr/final.json
OOD,Llama-3-8B,A-LQR,Fiction,30,56.666666666666664,97.33333333333333,55.155555555555544,benchmarks/truthfulness/cache/llama8b/evaluations/kv_cache_off/scores/truthfulqa_true/truthfulness_spanish/alqr/final.json,benchmarks/truthfulness/cache/llama8b/evaluations/kv_cache_off/scores/truthfulqa_informative/truthfulness_spanish/alqr/final.json
OOD,Llama-3-8B,A-LQR,Paranormal,26,49.23076923076923,93.07692307692308,45.8224852071006,benchmarks/truthfulness/cache/llama8b/evaluations/kv_cache_off/scores/truthfulqa_true/truthfulness_spanish/alqr/final.json,benchmarks/truthfulness/cache/llama8b/evaluations/kv_cache_off/scores/truthfulqa_informative/truthfulness_spanish/alqr/final.json
OOD,Llama-3-8B,A-LQR,Conspiracies,25,62.39999999999999,96.0,59.903999999999996,benchmarks/truthfulness/cache/llama8b/evaluations/kv_cache_off/scores/truthfulqa_true/truthfulness_spanish/alqr/final.json,benchmarks/truthfulness/cache/llama8b/evaluations/kv_cache_off/scores/truthfulqa_informative/truthfulness_spanish/alqr/final.json
OOD,Llama-3-8B,A-LQR,Stereotypes,24,39.16666666666668,98.33333333333333,38.5138888888889,benchmarks/truthfulness/cache/llama8b/evaluations/kv_cache_off/scores/truthfulqa_true/truthfulness_spanish/alqr/final.json,benchmarks/truthfulness/cache/llama8b/evaluations/kv_cache_off/scores/truthfulqa_informative/truthfulness_spanish/alqr/final.json
OOD,Llama-3-8B,A-LQR,History,24,59.16666666666668,96.66666666666667,57.194444444444464,benchmarks/truthfulness/cache/llama8b/evaluations/kv_cache_off/scores/truthfulqa_true/truthfulness_spanish/alqr/final.json,benchmarks/truthfulness/cache/llama8b/evaluations/kv_cache_off/scores/truthfulqa_informative/truthfulness_spanish/alqr/final.json
OOD,Llama-3-8B,H∞ (ours),Misconceptions,100,64.0,88.0,56.32,benchmarks/truthfulness/cache/llama8b/evaluations/kv_cache_off/calibrations/txi_fluency_95_05/scores/truthfulqa_true/truthfulness_spanish/h_infinity/final.json,benchmarks/truthfulness/cache/llama8b/evaluations/kv_cache_off/calibrations/txi_fluency_95_05/scores/truthfulqa_informative/truthfulness_spanish/h_infinity/final.json
OOD,Llama-3-8B,H∞ (ours),Law,64,68.75,81.25,55.859375,benchmarks/truthfulness/cache/llama8b/evaluations/kv_cache_off/calibrations/txi_fluency_95_05/scores/truthfulqa_true/truthfulness_spanish/h_infinity/final.json,benchmarks/truthfulness/cache/llama8b/evaluations/kv_cache_off/calibrations/txi_fluency_95_05/scores/truthfulqa_informative/truthfulness_spanish/h_infinity/final.json
OOD,Llama-3-8B,H∞ (ours),Health,55,81.81818181818181,94.54545454545455,77.35537190082644,benchmarks/truthfulness/cache/llama8b/evaluations/kv_cache_off/calibrations/txi_fluency_95_05/scores/truthfulqa_true/truthfulness_spanish/h_infinity/final.json,benchmarks/truthfulness/cache/llama8b/evaluations/kv_cache_off/calibrations/txi_fluency_95_05/scores/truthfulqa_informative/truthfulness_spanish/h_infinity/final.json
OOD,Llama-3-8B,H∞ (ours),Sociology,55,69.0909090909091,70.9090909090909,48.99173553719008,benchmarks/truthfulness/cache/llama8b/evaluations/kv_cache_off/calibrations/txi_fluency_95_05/scores/truthfulqa_true/truthfulness_spanish/h_infinity/final.json,benchmarks/truthfulness/cache/llama8b/evaluations/kv_cache_off/calibrations/txi_fluency_95_05/scores/truthfulqa_informative/truthfulness_spanish/h_infinity/final.json
OOD,Llama-3-8B,H∞ (ours),Economics,31,67.74193548387096,83.87096774193549,56.81581685744016,benchmarks/truthfulness/cache/llama8b/evaluations/kv_cache_off/calibrations/txi_fluency_95_05/scores/truthfulqa_true/truthfulness_spanish/h_infinity/final.json,benchmarks/truthfulness/cache/llama8b/evaluations/kv_cache_off/calibrations/txi_fluency_95_05/scores/truthfulqa_informative/truthfulness_spanish/h_infinity/final.json
OOD,Llama-3-8B,H∞ (ours),Fiction,30,73.33333333333333,83.33333333333333,61.11111111111111,benchmarks/truthfulness/cache/llama8b/evaluations/kv_cache_off/calibrations/txi_fluency_95_05/scores/truthfulqa_true/truthfulness_spanish/h_infinity/final.json,benchmarks/truthfulness/cache/llama8b/evaluations/kv_cache_off/calibrations/txi_fluency_95_05/scores/truthfulqa_informative/truthfulness_spanish/h_infinity/final.json
OOD,Llama-3-8B,H∞ (ours),Paranormal,26,80.76923076923077,73.07692307692308,59.023668639053255,benchmarks/truthfulness/cache/llama8b/evaluations/kv_cache_off/calibrations/txi_fluency_95_05/scores/truthfulqa_true/truthfulness_spanish/h_infinity/final.json,benchmarks/truthfulness/cache/llama8b/evaluations/kv_cache_off/calibrations/txi_fluency_95_05/scores/truthfulqa_informative/truthfulness_spanish/h_infinity/final.json
OOD,Llama-3-8B,H∞ (ours),Conspiracies,25,84.0,80.0,67.2,benchmarks/truthfulness/cache/llama8b/evaluations/kv_cache_off/calibrations/txi_fluency_95_05/scores/truthfulqa_true/truthfulness_spanish/h_infinity/final.json,benchmarks/truthfulness/cache/llama8b/evaluations/kv_cache_off/calibrations/txi_fluency_95_05/scores/truthfulqa_informative/truthfulness_spanish/h_infinity/final.json
OOD,Llama-3-8B,H∞ (ours),Stereotypes,24,62.5,100.0,62.5,benchmarks/truthfulness/cache/llama8b/evaluations/kv_cache_off/calibrations/txi_fluency_95_05/scores/truthfulqa_true/truthfulness_spanish/h_infinity/final.json,benchmarks/truthfulness/cache/llama8b/evaluations/kv_cache_off/calibrations/txi_fluency_95_05/scores/truthfulqa_informative/truthfulness_spanish/h_infinity/final.json
OOD,Llama-3-8B,H∞ (ours),History,24,79.16666666666667,70.83333333333333,56.076388888888886,benchmarks/truthfulness/cache/llama8b/evaluations/kv_cache_off/calibrations/txi_fluency_95_05/scores/truthfulqa_true/truthfulness_spanish/h_infinity/final.json,benchmarks/truthfulness/cache/llama8b/evaluations/kv_cache_off/calibrations/txi_fluency_95_05/scores/truthfulqa_informative/truthfulness_spanish/h_infinity/final.json
OOD,Qwen-2.5-14B,Original,Misconceptions,100,74.6,97.0,72.362,benchmarks/truthfulness/cache/qwen14b/evaluations/kv_cache_off/scores/truthfulqa_true/truthfulness_spanish/original/final.json,benchmarks/truthfulness/cache/qwen14b/evaluations/kv_cache_off/scores/truthfulqa_informative/truthfulness_spanish/original/final.json
OOD,Qwen-2.5-14B,Original,Law,64,64.375,98.4375,63.369140625,benchmarks/truthfulness/cache/qwen14b/evaluations/kv_cache_off/scores/truthfulqa_true/truthfulness_spanish/original/final.json,benchmarks/truthfulness/cache/qwen14b/evaluations/kv_cache_off/scores/truthfulqa_informative/truthfulness_spanish/original/final.json
OOD,Qwen-2.5-14B,Original,Health,55,81.0909090909091,99.27272727272727,80.50115702479339,benchmarks/truthfulness/cache/qwen14b/evaluations/kv_cache_off/scores/truthfulqa_true/truthfulness_spanish/original/final.json,benchmarks/truthfulness/cache/qwen14b/evaluations/kv_cache_off/scores/truthfulqa_informative/truthfulness_spanish/original/final.json
OOD,Qwen-2.5-14B,Original,Sociology,55,66.9090909090909,99.63636363636364,66.66578512396694,benchmarks/truthfulness/cache/qwen14b/evaluations/kv_cache_off/scores/truthfulqa_true/truthfulness_spanish/original/final.json,benchmarks/truthfulness/cache/qwen14b/evaluations/kv_cache_off/scores/truthfulqa_informative/truthfulness_spanish/original/final.json
OOD,Qwen-2.5-14B,Original,Economics,31,72.90322580645162,98.70967741935483,71.96253902185224,benchmarks/truthfulness/cache/qwen14b/evaluations/kv_cache_off/scores/truthfulqa_true/truthfulness_spanish/original/final.json,benchmarks/truthfulness/cache/qwen14b/evaluations/kv_cache_off/scores/truthfulqa_informative/truthfulness_spanish/original/final.json
OOD,Qwen-2.5-14B,Original,Fiction,30,86.66666666666669,98.0,84.93333333333335,benchmarks/truthfulness/cache/qwen14b/evaluations/kv_cache_off/scores/truthfulqa_true/truthfulness_spanish/original/final.json,benchmarks/truthfulness/cache/qwen14b/evaluations/kv_cache_off/scores/truthfulqa_informative/truthfulness_spanish/original/final.json
OOD,Qwen-2.5-14B,Original,Paranormal,26,59.99999999999999,91.53846153846153,54.92307692307691,benchmarks/truthfulness/cache/qwen14b/evaluations/kv_cache_off/scores/truthfulqa_true/truthfulness_spanish/original/final.json,benchmarks/truthfulness/cache/qwen14b/evaluations/kv_cache_off/scores/truthfulqa_informative/truthfulness_spanish/original/final.json
OOD,Qwen-2.5-14B,Original,Conspiracies,25,84.8,92.8,78.6944,benchmarks/truthfulness/cache/qwen14b/evaluations/kv_cache_off/scores/truthfulqa_true/truthfulness_spanish/original/final.json,benchmarks/truthfulness/cache/qwen14b/evaluations/kv_cache_off/scores/truthfulqa_informative/truthfulness_spanish/original/final.json
OOD,Qwen-2.5-14B,Original,Stereotypes,24,66.66666666666667,95.0,63.33333333333334,benchmarks/truthfulness/cache/qwen14b/evaluations/kv_cache_off/scores/truthfulqa_true/truthfulness_spanish/original/final.json,benchmarks/truthfulness/cache/qwen14b/evaluations/kv_cache_off/scores/truthfulqa_informative/truthfulness_spanish/original/final.json
OOD,Qwen-2.5-14B,Original,History,24,61.666666666666664,96.66666666666669,59.61111111111112,benchmarks/truthfulness/cache/qwen14b/evaluations/kv_cache_off/scores/truthfulqa_true/truthfulness_spanish/original/final.json,benchmarks/truthfulness/cache/qwen14b/evaluations/kv_cache_off/scores/truthfulqa_informative/truthfulness_spanish/original/final.json
OOD,Qwen-2.5-14B,ITI,Misconceptions,100,78.19999999999999,97.4,76.1668,benchmarks/truthfulness/cache/qwen14b/evaluations/kv_cache_off/scores/truthfulqa_true/truthfulness_spanish/iti/final.json,benchmarks/truthfulness/cache/qwen14b/evaluations/kv_cache_off/scores/truthfulqa_informative/truthfulness_spanish/iti/final.json
OOD,Qwen-2.5-14B,ITI,Law,64,53.43749999999999,96.25,51.43359374999999,benchmarks/truthfulness/cache/qwen14b/evaluations/kv_cache_off/scores/truthfulqa_true/truthfulness_spanish/iti/final.json,benchmarks/truthfulness/cache/qwen14b/evaluations/kv_cache_off/scores/truthfulqa_informative/truthfulness_spanish/iti/final.json
OOD,Qwen-2.5-14B,ITI,Health,55,74.9090909090909,99.63636363636364,74.63669421487603,benchmarks/truthfulness/cache/qwen14b/evaluations/kv_cache_off/scores/truthfulqa_true/truthfulness_spanish/iti/final.json,benchmarks/truthfulness/cache/qwen14b/evaluations/kv_cache_off/scores/truthfulqa_informative/truthfulness_spanish/iti/final.json
OOD,Qwen-2.5-14B,ITI,Sociology,55,63.636363636363654,98.9090909090909,62.94214876033059,benchmarks/truthfulness/cache/qwen14b/evaluations/kv_cache_off/scores/truthfulqa_true/truthfulness_spanish/iti/final.json,benchmarks/truthfulness/cache/qwen14b/evaluations/kv_cache_off/scores/truthfulqa_informative/truthfulness_spanish/iti/final.json
OOD,Qwen-2.5-14B,ITI,Economics,31,75.48387096774194,100.0,75.48387096774194,benchmarks/truthfulness/cache/qwen14b/evaluations/kv_cache_off/scores/truthfulqa_true/truthfulness_spanish/iti/final.json,benchmarks/truthfulness/cache/qwen14b/evaluations/kv_cache_off/scores/truthfulqa_informative/truthfulness_spanish/iti/final.json
OOD,Qwen-2.5-14B,ITI,Fiction,30,85.33333333333333,98.0,83.62666666666667,benchmarks/truthfulness/cache/qwen14b/evaluations/kv_cache_off/scores/truthfulqa_true/truthfulness_spanish/iti/final.json,benchmarks/truthfulness/cache/qwen14b/evaluations/kv_cache_off/scores/truthfulqa_informative/truthfulness_spanish/iti/final.json
OOD,Qwen-2.5-14B,ITI,Paranormal,26,59.23076923076925,91.53846153846153,54.21893491124261,benchmarks/truthfulness/cache/qwen14b/evaluations/kv_cache_off/scores/truthfulqa_true/truthfulness_spanish/iti/final.json,benchmarks/truthfulness/cache/qwen14b/evaluations/kv_cache_off/scores/truthfulqa_informative/truthfulness_spanish/iti/final.json
OOD,Qwen-2.5-14B,ITI,Conspiracies,25,79.20000000000002,97.6,77.29920000000001,benchmarks/truthfulness/cache/qwen14b/evaluations/kv_cache_off/scores/truthfulqa_true/truthfulness_spanish/iti/final.json,benchmarks/truthfulness/cache/qwen14b/evaluations/kv_cache_off/scores/truthfulqa_informative/truthfulness_spanish/iti/final.json
OOD,Qwen-2.5-14B,ITI,Stereotypes,24,74.16666666666667,100.0,74.16666666666667,benchmarks/truthfulness/cache/qwen14b/evaluations/kv_cache_off/scores/truthfulqa_true/truthfulness_spanish/iti/final.json,benchmarks/truthfulness/cache/qwen14b/evaluations/kv_cache_off/scores/truthfulqa_informative/truthfulness_spanish/iti/final.json
OOD,Qwen-2.5-14B,ITI,History,24,69.16666666666666,99.16666666666667,68.59027777777777,benchmarks/truthfulness/cache/qwen14b/evaluations/kv_cache_off/scores/truthfulqa_true/truthfulness_spanish/iti/final.json,benchmarks/truthfulness/cache/qwen14b/evaluations/kv_cache_off/scores/truthfulqa_informative/truthfulness_spanish/iti/final.json
OOD,Qwen-2.5-14B,ActAdd,Misconceptions,100,75.99999999999999,88.39999999999992,67.18399999999993,benchmarks/truthfulness/cache/qwen14b/evaluations/kv_cache_off/scores/truthfulqa_true/truthfulness_spanish/actadd/final.json,benchmarks/truthfulness/cache/qwen14b/evaluations/kv_cache_off/scores/truthfulqa_informative/truthfulness_spanish/actadd/final.json
OOD,Qwen-2.5-14B,ActAdd,Law,64,69.0625,84.06249999999997,58.05566406249998,benchmarks/truthfulness/cache/qwen14b/evaluations/kv_cache_off/scores/truthfulqa_true/truthfulness_spanish/actadd/final.json,benchmarks/truthfulness/cache/qwen14b/evaluations/kv_cache_off/scores/truthfulqa_informative/truthfulness_spanish/actadd/final.json
OOD,Qwen-2.5-14B,ActAdd,Health,55,77.8181818181818,91.27272727272727,71.02677685950411,benchmarks/truthfulness/cache/qwen14b/evaluations/kv_cache_off/scores/truthfulqa_true/truthfulness_spanish/actadd/final.json,benchmarks/truthfulness/cache/qwen14b/evaluations/kv_cache_off/scores/truthfulqa_informative/truthfulness_spanish/actadd/final.json
OOD,Qwen-2.5-14B,ActAdd,Sociology,55,74.9090909090909,91.63636363636364,68.64396694214877,benchmarks/truthfulness/cache/qwen14b/evaluations/kv_cache_off/scores/truthfulqa_true/truthfulness_spanish/actadd/final.json,benchmarks/truthfulness/cache/qwen14b/evaluations/kv_cache_off/scores/truthfulqa_informative/truthfulness_spanish/actadd/final.json
OOD,Qwen-2.5-14B,ActAdd,Economics,31,74.19354838709678,90.32258064516132,67.01352757544228,benchmarks/truthfulness/cache/qwen14b/evaluations/kv_cache_off/scores/truthfulqa_true/truthfulness_spanish/actadd/final.json,benchmarks/truthfulness/cache/qwen14b/evaluations/kv_cache_off/scores/truthfulqa_informative/truthfulness_spanish/actadd/final.json
OOD,Qwen-2.5-14B,ActAdd,Fiction,30,82.66666666666669,88.6666666666667,73.29777777777782,benchmarks/truthfulness/cache/qwen14b/evaluations/kv_cache_off/scores/truthfulqa_true/truthfulness_spanish/actadd/final.json,benchmarks/truthfulness/cache/qwen14b/evaluations/kv_cache_off/scores/truthfulqa_informative/truthfulness_spanish/actadd/final.json
OOD,Qwen-2.5-14B,ActAdd,Paranormal,26,66.15384615384616,83.07692307692308,54.95857988165682,benchmarks/truthfulness/cache/qwen14b/evaluations/kv_cache_off/scores/truthfulqa_true/truthfulness_spanish/actadd/final.json,benchmarks/truthfulness/cache/qwen14b/evaluations/kv_cache_off/scores/truthfulqa_informative/truthfulness_spanish/actadd/final.json
OOD,Qwen-2.5-14B,ActAdd,Conspiracies,25,87.20000000000003,89.60000000000002,78.13120000000005,benchmarks/truthfulness/cache/qwen14b/evaluations/kv_cache_off/scores/truthfulqa_true/truthfulness_spanish/actadd/final.json,benchmarks/truthfulness/cache/qwen14b/evaluations/kv_cache_off/scores/truthfulqa_informative/truthfulness_spanish/actadd/final.json
OOD,Qwen-2.5-14B,ActAdd,Stereotypes,24,73.33333333333334,84.16666666666667,61.722222222222236,benchmarks/truthfulness/cache/qwen14b/evaluations/kv_cache_off/scores/truthfulqa_true/truthfulness_spanish/actadd/final.json,benchmarks/truthfulness/cache/qwen14b/evaluations/kv_cache_off/scores/truthfulqa_informative/truthfulness_spanish/actadd/final.json
OOD,Qwen-2.5-14B,ActAdd,History,24,65.83333333333334,89.16666666666667,58.70138888888889,benchmarks/truthfulness/cache/qwen14b/evaluations/kv_cache_off/scores/truthfulqa_true/truthfulness_spanish/actadd/final.json,benchmarks/truthfulness/cache/qwen14b/evaluations/kv_cache_off/scores/truthfulqa_informative/truthfulness_spanish/actadd/final.json
OOD,Qwen-2.5-14B,Mean-AcT,Misconceptions,100,79.39999999999999,96.19999999999999,76.38279999999997,benchmarks/truthfulness/cache/qwen14b/evaluations/kv_cache_off/scores/truthfulqa_true/truthfulness_spanish/mean_act/final.json,benchmarks/truthfulness/cache/qwen14b/evaluations/kv_cache_off/scores/truthfulqa_informative/truthfulness_spanish/mean_act/final.json
OOD,Qwen-2.5-14B,Mean-AcT,Law,64,54.0625,98.75,53.38671875,benchmarks/truthfulness/cache/qwen14b/evaluations/kv_cache_off/scores/truthfulqa_true/truthfulness_spanish/mean_act/final.json,benchmarks/truthfulness/cache/qwen14b/evaluations/kv_cache_off/scores/truthfulqa_informative/truthfulness_spanish/mean_act/final.json
OOD,Qwen-2.5-14B,Mean-AcT,Health,55,76.0,98.18181818181819,74.61818181818182,benchmarks/truthfulness/cache/qwen14b/evaluations/kv_cache_off/scores/truthfulqa_true/truthfulness_spanish/mean_act/final.json,benchmarks/truthfulness/cache/qwen14b/evaluations/kv_cache_off/scores/truthfulqa_informative/truthfulness_spanish/mean_act/final.json
OOD,Qwen-2.5-14B,Mean-AcT,Sociology,55,65.81818181818184,98.54545454545455,64.86082644628101,benchmarks/truthfulness/cache/qwen14b/evaluations/kv_cache_off/scores/truthfulqa_true/truthfulness_spanish/mean_act/final.json,benchmarks/truthfulness/cache/qwen14b/evaluations/kv_cache_off/scores/truthfulqa_informative/truthfulness_spanish/mean_act/final.json
OOD,Qwen-2.5-14B,Mean-AcT,Economics,31,73.54838709677419,100.0,73.54838709677419,benchmarks/truthfulness/cache/qwen14b/evaluations/kv_cache_off/scores/truthfulqa_true/truthfulness_spanish/mean_act/final.json,benchmarks/truthfulness/cache/qwen14b/evaluations/kv_cache_off/scores/truthfulqa_informative/truthfulness_spanish/mean_act/final.json
OOD,Qwen-2.5-14B,Mean-AcT,Fiction,30,80.00000000000003,98.0,78.40000000000003,benchmarks/truthfulness/cache/qwen14b/evaluations/kv_cache_off/scores/truthfulqa_true/truthfulness_spanish/mean_act/final.json,benchmarks/truthfulness/cache/qwen14b/evaluations/kv_cache_off/scores/truthfulqa_informative/truthfulness_spanish/mean_act/final.json
OOD,Qwen-2.5-14B,Mean-AcT,Paranormal,26,60.76923076923077,93.07692307692308,56.56213017751479,benchmarks/truthfulness/cache/qwen14b/evaluations/kv_cache_off/scores/truthfulqa_true/truthfulness_spanish/mean_act/final.json,benchmarks/truthfulness/cache/qwen14b/evaluations/kv_cache_off/scores/truthfulqa_informative/truthfulness_spanish/mean_act/final.json
OOD,Qwen-2.5-14B,Mean-AcT,Conspiracies,25,84.79999999999998,96.8,82.08639999999997,benchmarks/truthfulness/cache/qwen14b/evaluations/kv_cache_off/scores/truthfulqa_true/truthfulness_spanish/mean_act/final.json,benchmarks/truthfulness/cache/qwen14b/evaluations/kv_cache_off/scores/truthfulqa_informative/truthfulness_spanish/mean_act/final.json
OOD,Qwen-2.5-14B,Mean-AcT,Stereotypes,24,76.66666666666667,100.0,76.66666666666667,benchmarks/truthfulness/cache/qwen14b/evaluations/kv_cache_off/scores/truthfulqa_true/truthfulness_spanish/mean_act/final.json,benchmarks/truthfulness/cache/qwen14b/evaluations/kv_cache_off/scores/truthfulqa_informative/truthfulness_spanish/mean_act/final.json
OOD,Qwen-2.5-14B,Mean-AcT,History,24,61.666666666666664,92.5,57.04166666666666,benchmarks/truthfulness/cache/qwen14b/evaluations/kv_cache_off/scores/truthfulqa_true/truthfulness_spanish/mean_act/final.json,benchmarks/truthfulness/cache/qwen14b/evaluations/kv_cache_off/scores/truthfulqa_informative/truthfulness_spanish/mean_act/final.json
OOD,Qwen-2.5-14B,Linear-AcT,Misconceptions,100,78.60000000000002,96.59999999999998,75.9276,benchmarks/truthfulness/cache/qwen14b/evaluations/kv_cache_off/scores/truthfulqa_true/truthfulness_spanish/linear_act/final.json,benchmarks/truthfulness/cache/qwen14b/evaluations/kv_cache_off/scores/truthfulqa_informative/truthfulness_spanish/linear_act/final.json
OOD,Qwen-2.5-14B,Linear-AcT,Law,64,53.125,98.75,52.4609375,benchmarks/truthfulness/cache/qwen14b/evaluations/kv_cache_off/scores/truthfulqa_true/truthfulness_spanish/linear_act/final.json,benchmarks/truthfulness/cache/qwen14b/evaluations/kv_cache_off/scores/truthfulqa_informative/truthfulness_spanish/linear_act/final.json
OOD,Qwen-2.5-14B,Linear-AcT,Health,55,78.9090909090909,99.27272727272727,78.33520661157024,benchmarks/truthfulness/cache/qwen14b/evaluations/kv_cache_off/scores/truthfulqa_true/truthfulness_spanish/linear_act/final.json,benchmarks/truthfulness/cache/qwen14b/evaluations/kv_cache_off/scores/truthfulqa_informative/truthfulness_spanish/linear_act/final.json
OOD,Qwen-2.5-14B,Linear-AcT,Sociology,55,66.54545454545455,98.54545454545455,65.57752066115702,benchmarks/truthfulness/cache/qwen14b/evaluations/kv_cache_off/scores/truthfulqa_true/truthfulness_spanish/linear_act/final.json,benchmarks/truthfulness/cache/qwen14b/evaluations/kv_cache_off/scores/truthfulqa_informative/truthfulness_spanish/linear_act/final.json
OOD,Qwen-2.5-14B,Linear-AcT,Economics,31,69.03225806451613,100.0,69.03225806451613,benchmarks/truthfulness/cache/qwen14b/evaluations/kv_cache_off/scores/truthfulqa_true/truthfulness_spanish/linear_act/final.json,benchmarks/truthfulness/cache/qwen14b/evaluations/kv_cache_off/scores/truthfulqa_informative/truthfulness_spanish/linear_act/final.json
OOD,Qwen-2.5-14B,Linear-AcT,Fiction,30,84.00000000000001,98.0,82.32000000000002,benchmarks/truthfulness/cache/qwen14b/evaluations/kv_cache_off/scores/truthfulqa_true/truthfulness_spanish/linear_act/final.json,benchmarks/truthfulness/cache/qwen14b/evaluations/kv_cache_off/scores/truthfulqa_informative/truthfulness_spanish/linear_act/final.json
OOD,Qwen-2.5-14B,Linear-AcT,Paranormal,26,59.23076923076923,95.38461538461539,56.49704142011835,benchmarks/truthfulness/cache/qwen14b/evaluations/kv_cache_off/scores/truthfulqa_true/truthfulness_spanish/linear_act/final.json,benchmarks/truthfulness/cache/qwen14b/evaluations/kv_cache_off/scores/truthfulqa_informative/truthfulness_spanish/linear_act/final.json
OOD,Qwen-2.5-14B,Linear-AcT,Conspiracies,25,84.0,96.0,80.64,benchmarks/truthfulness/cache/qwen14b/evaluations/kv_cache_off/scores/truthfulqa_true/truthfulness_spanish/linear_act/final.json,benchmarks/truthfulness/cache/qwen14b/evaluations/kv_cache_off/scores/truthfulqa_informative/truthfulness_spanish/linear_act/final.json
OOD,Qwen-2.5-14B,Linear-AcT,Stereotypes,24,78.33333333333333,100.0,78.33333333333333,benchmarks/truthfulness/cache/qwen14b/evaluations/kv_cache_off/scores/truthfulqa_true/truthfulness_spanish/linear_act/final.json,benchmarks/truthfulness/cache/qwen14b/evaluations/kv_cache_off/scores/truthfulqa_informative/truthfulness_spanish/linear_act/final.json
OOD,Qwen-2.5-14B,Linear-AcT,History,24,64.16666666666667,92.5,59.35416666666667,benchmarks/truthfulness/cache/qwen14b/evaluations/kv_cache_off/scores/truthfulqa_true/truthfulness_spanish/linear_act/final.json,benchmarks/truthfulness/cache/qwen14b/evaluations/kv_cache_off/scores/truthfulqa_informative/truthfulness_spanish/linear_act/final.json
OOD,Qwen-2.5-14B,PID-AcT,Misconceptions,100,79.0,96.4,76.156,benchmarks/truthfulness/cache/qwen14b/evaluations/kv_cache_off/scores/truthfulqa_true/truthfulness_spanish/pid_act/final.json,benchmarks/truthfulness/cache/qwen14b/evaluations/kv_cache_off/scores/truthfulqa_informative/truthfulness_spanish/pid_act/final.json
OOD,Qwen-2.5-14B,PID-AcT,Law,64,51.87500000000001,99.0625,51.38867187500001,benchmarks/truthfulness/cache/qwen14b/evaluations/kv_cache_off/scores/truthfulqa_true/truthfulness_spanish/pid_act/final.json,benchmarks/truthfulness/cache/qwen14b/evaluations/kv_cache_off/scores/truthfulqa_informative/truthfulness_spanish/pid_act/final.json
OOD,Qwen-2.5-14B,PID-AcT,Health,55,75.63636363636364,98.18181818181819,74.26115702479339,benchmarks/truthfulness/cache/qwen14b/evaluations/kv_cache_off/scores/truthfulqa_true/truthfulness_spanish/pid_act/final.json,benchmarks/truthfulness/cache/qwen14b/evaluations/kv_cache_off/scores/truthfulqa_informative/truthfulness_spanish/pid_act/final.json
OOD,Qwen-2.5-14B,PID-AcT,Sociology,55,66.90909090909092,98.54545454545455,65.93586776859506,benchmarks/truthfulness/cache/qwen14b/evaluations/kv_cache_off/scores/truthfulqa_true/truthfulness_spanish/pid_act/final.json,benchmarks/truthfulness/cache/qwen14b/evaluations/kv_cache_off/scores/truthfulqa_informative/truthfulness_spanish/pid_act/final.json
OOD,Qwen-2.5-14B,PID-AcT,Economics,31,69.03225806451613,100.0,69.03225806451613,benchmarks/truthfulness/cache/qwen14b/evaluations/kv_cache_off/scores/truthfulqa_true/truthfulness_spanish/pid_act/final.json,benchmarks/truthfulness/cache/qwen14b/evaluations/kv_cache_off/scores/truthfulqa_informative/truthfulness_spanish/pid_act/final.json
OOD,Qwen-2.5-14B,PID-AcT,Fiction,30,84.66666666666669,98.66666666666667,83.53777777777779,benchmarks/truthfulness/cache/qwen14b/evaluations/kv_cache_off/scores/truthfulqa_true/truthfulness_spanish/pid_act/final.json,benchmarks/truthfulness/cache/qwen14b/evaluations/kv_cache_off/scores/truthfulqa_informative/truthfulness_spanish/pid_act/final.json
OOD,Qwen-2.5-14B,PID-AcT,Paranormal,26,59.23076923076923,93.0769230769231,55.13017751479291,benchmarks/truthfulness/cache/qwen14b/evaluations/kv_cache_off/scores/truthfulqa_true/truthfulness_spanish/pid_act/final.json,benchmarks/truthfulness/cache/qwen14b/evaluations/kv_cache_off/scores/truthfulqa_informative/truthfulness_spanish/pid_act/final.json
OOD,Qwen-2.5-14B,PID-AcT,Conspiracies,25,82.4,93.6,77.1264,benchmarks/truthfulness/cache/qwen14b/evaluations/kv_cache_off/scores/truthfulqa_true/truthfulness_spanish/pid_act/final.json,benchmarks/truthfulness/cache/qwen14b/evaluations/kv_cache_off/scores/truthfulqa_informative/truthfulness_spanish/pid_act/final.json
OOD,Qwen-2.5-14B,PID-AcT,Stereotypes,24,80.0,100.0,80.0,benchmarks/truthfulness/cache/qwen14b/evaluations/kv_cache_off/scores/truthfulqa_true/truthfulness_spanish/pid_act/final.json,benchmarks/truthfulness/cache/qwen14b/evaluations/kv_cache_off/scores/truthfulqa_informative/truthfulness_spanish/pid_act/final.json
OOD,Qwen-2.5-14B,PID-AcT,History,24,65.83333333333333,91.66666666666667,60.347222222222214,benchmarks/truthfulness/cache/qwen14b/evaluations/kv_cache_off/scores/truthfulqa_true/truthfulness_spanish/pid_act/final.json,benchmarks/truthfulness/cache/qwen14b/evaluations/kv_cache_off/scores/truthfulqa_informative/truthfulness_spanish/pid_act/final.json
OOD,Qwen-2.5-14B,ODESteer,Misconceptions,100,78.79999999999998,96.2,75.80559999999998,benchmarks/truthfulness/cache/qwen14b/evaluations/kv_cache_off/scores/truthfulqa_true/truthfulness_spanish/odesteer/final.json,benchmarks/truthfulness/cache/qwen14b/evaluations/kv_cache_off/scores/truthfulqa_informative/truthfulness_spanish/odesteer/final.json
OOD,Qwen-2.5-14B,ODESteer,Law,64,70.0,92.5,64.75,benchmarks/truthfulness/cache/qwen14b/evaluations/kv_cache_off/scores/truthfulqa_true/truthfulness_spanish/odesteer/final.json,benchmarks/truthfulness/cache/qwen14b/evaluations/kv_cache_off/scores/truthfulqa_informative/truthfulness_spanish/odesteer/final.json
OOD,Qwen-2.5-14B,ODESteer,Health,55,87.27272727272727,96.0,83.78181818181818,benchmarks/truthfulness/cache/qwen14b/evaluations/kv_cache_off/scores/truthfulqa_true/truthfulness_spanish/odesteer/final.json,benchmarks/truthfulness/cache/qwen14b/evaluations/kv_cache_off/scores/truthfulqa_informative/truthfulness_spanish/odesteer/final.json
OOD,Qwen-2.5-14B,ODESteer,Sociology,55,73.81818181818181,93.81818181818181,69.25487603305784,benchmarks/truthfulness/cache/qwen14b/evaluations/kv_cache_off/scores/truthfulqa_true/truthfulness_spanish/odesteer/final.json,benchmarks/truthfulness/cache/qwen14b/evaluations/kv_cache_off/scores/truthfulqa_informative/truthfulness_spanish/odesteer/final.json
OOD,Qwen-2.5-14B,ODESteer,Economics,31,76.77419354838709,96.12903225806453,73.80228928199791,benchmarks/truthfulness/cache/qwen14b/evaluations/kv_cache_off/scores/truthfulqa_true/truthfulness_spanish/odesteer/final.json,benchmarks/truthfulness/cache/qwen14b/evaluations/kv_cache_off/scores/truthfulqa_informative/truthfulness_spanish/odesteer/final.json
OOD,Qwen-2.5-14B,ODESteer,Fiction,30,84.66666666666669,88.0,74.50666666666667,benchmarks/truthfulness/cache/qwen14b/evaluations/kv_cache_off/scores/truthfulqa_true/truthfulness_spanish/odesteer/final.json,benchmarks/truthfulness/cache/qwen14b/evaluations/kv_cache_off/scores/truthfulqa_informative/truthfulness_spanish/odesteer/final.json
OOD,Qwen-2.5-14B,ODESteer,Paranormal,26,74.61538461538461,83.84615384615384,62.56213017751478,benchmarks/truthfulness/cache/qwen14b/evaluations/kv_cache_off/scores/truthfulqa_true/truthfulness_spanish/odesteer/final.json,benchmarks/truthfulness/cache/qwen14b/evaluations/kv_cache_off/scores/truthfulqa_informative/truthfulness_spanish/odesteer/final.json
OOD,Qwen-2.5-14B,ODESteer,Conspiracies,25,85.6,90.4,77.3824,benchmarks/truthfulness/cache/qwen14b/evaluations/kv_cache_off/scores/truthfulqa_true/truthfulness_spanish/odesteer/final.json,benchmarks/truthfulness/cache/qwen14b/evaluations/kv_cache_off/scores/truthfulqa_informative/truthfulness_spanish/odesteer/final.json
OOD,Qwen-2.5-14B,ODESteer,Stereotypes,24,78.33333333333333,97.5,76.37499999999999,benchmarks/truthfulness/cache/qwen14b/evaluations/kv_cache_off/scores/truthfulqa_true/truthfulness_spanish/odesteer/final.json,benchmarks/truthfulness/cache/qwen14b/evaluations/kv_cache_off/scores/truthfulqa_informative/truthfulness_spanish/odesteer/final.json
OOD,Qwen-2.5-14B,ODESteer,History,24,72.50000000000001,96.66666666666669,70.08333333333336,benchmarks/truthfulness/cache/qwen14b/evaluations/kv_cache_off/scores/truthfulqa_true/truthfulness_spanish/odesteer/final.json,benchmarks/truthfulness/cache/qwen14b/evaluations/kv_cache_off/scores/truthfulqa_informative/truthfulness_spanish/odesteer/final.json
OOD,Qwen-2.5-14B,S-PID,Misconceptions,100,79.39999999999999,93.8,74.4772,benchmarks/truthfulness/cache/qwen14b/evaluations/kv_cache_off/scores/truthfulqa_true/truthfulness_spanish/spid/final.json,benchmarks/truthfulness/cache/qwen14b/evaluations/kv_cache_off/scores/truthfulqa_informative/truthfulness_spanish/spid/final.json
OOD,Qwen-2.5-14B,S-PID,Law,64,76.875,95.625,73.51171875,benchmarks/truthfulness/cache/qwen14b/evaluations/kv_cache_off/scores/truthfulqa_true/truthfulness_spanish/spid/final.json,benchmarks/truthfulness/cache/qwen14b/evaluations/kv_cache_off/scores/truthfulqa_informative/truthfulness_spanish/spid/final.json
OOD,Qwen-2.5-14B,S-PID,Health,55,93.8181818181818,97.09090909090911,91.0889256198347,benchmarks/truthfulness/cache/qwen14b/evaluations/kv_cache_off/scores/truthfulqa_true/truthfulness_spanish/spid/final.json,benchmarks/truthfulness/cache/qwen14b/evaluations/kv_cache_off/scores/truthfulqa_informative/truthfulness_spanish/spid/final.json
OOD,Qwen-2.5-14B,S-PID,Sociology,55,82.54545454545456,97.0909090909091,80.14413223140497,benchmarks/truthfulness/cache/qwen14b/evaluations/kv_cache_off/scores/truthfulqa_true/truthfulness_spanish/spid/final.json,benchmarks/truthfulness/cache/qwen14b/evaluations/kv_cache_off/scores/truthfulqa_informative/truthfulness_spanish/spid/final.json
OOD,Qwen-2.5-14B,S-PID,Economics,31,90.96774193548387,97.4193548387097,88.62018730489075,benchmarks/truthfulness/cache/qwen14b/evaluations/kv_cache_off/scores/truthfulqa_true/truthfulness_spanish/spid/final.json,benchmarks/truthfulness/cache/qwen14b/evaluations/kv_cache_off/scores/truthfulqa_informative/truthfulness_spanish/spid/final.json
OOD,Qwen-2.5-14B,S-PID,Fiction,30,90.0,96.0,86.4,benchmarks/truthfulness/cache/qwen14b/evaluations/kv_cache_off/scores/truthfulqa_true/truthfulness_spanish/spid/final.json,benchmarks/truthfulness/cache/qwen14b/evaluations/kv_cache_off/scores/truthfulqa_informative/truthfulness_spanish/spid/final.json
OOD,Qwen-2.5-14B,S-PID,Paranormal,26,90.0,81.53846153846156,73.38461538461542,benchmarks/truthfulness/cache/qwen14b/evaluations/kv_cache_off/scores/truthfulqa_true/truthfulness_spanish/spid/final.json,benchmarks/truthfulness/cache/qwen14b/evaluations/kv_cache_off/scores/truthfulqa_informative/truthfulness_spanish/spid/final.json
OOD,Qwen-2.5-14B,S-PID,Conspiracies,25,99.2,96.8,96.0256,benchmarks/truthfulness/cache/qwen14b/evaluations/kv_cache_off/scores/truthfulqa_true/truthfulness_spanish/spid/final.json,benchmarks/truthfulness/cache/qwen14b/evaluations/kv_cache_off/scores/truthfulqa_informative/truthfulness_spanish/spid/final.json
OOD,Qwen-2.5-14B,S-PID,Stereotypes,24,91.66666666666667,93.33333333333333,85.55555555555554,benchmarks/truthfulness/cache/qwen14b/evaluations/kv_cache_off/scores/truthfulqa_true/truthfulness_spanish/spid/final.json,benchmarks/truthfulness/cache/qwen14b/evaluations/kv_cache_off/scores/truthfulqa_informative/truthfulness_spanish/spid/final.json
OOD,Qwen-2.5-14B,S-PID,History,24,80.83333333333333,90.0,72.75,benchmarks/truthfulness/cache/qwen14b/evaluations/kv_cache_off/scores/truthfulqa_true/truthfulness_spanish/spid/final.json,benchmarks/truthfulness/cache/qwen14b/evaluations/kv_cache_off/scores/truthfulqa_informative/truthfulness_spanish/spid/final.json
OOD,Qwen-2.5-14B,A-LQR,Misconceptions,100,83.59999999999998,95.19999999999999,79.58719999999998,benchmarks/truthfulness/cache/qwen14b/evaluations/kv_cache_off/scores/truthfulqa_true/truthfulness_spanish/alqr/final.json,benchmarks/truthfulness/cache/qwen14b/evaluations/kv_cache_off/scores/truthfulqa_informative/truthfulness_spanish/alqr/final.json
OOD,Qwen-2.5-14B,A-LQR,Law,64,78.12499999999997,95.9375,74.95117187499997,benchmarks/truthfulness/cache/qwen14b/evaluations/kv_cache_off/scores/truthfulqa_true/truthfulness_spanish/alqr/final.json,benchmarks/truthfulness/cache/qwen14b/evaluations/kv_cache_off/scores/truthfulqa_informative/truthfulness_spanish/alqr/final.json
OOD,Qwen-2.5-14B,A-LQR,Health,55,98.18181818181816,99.27272727272727,97.46776859504129,benchmarks/truthfulness/cache/qwen14b/evaluations/kv_cache_off/scores/truthfulqa_true/truthfulness_spanish/alqr/final.json,benchmarks/truthfulness/cache/qwen14b/evaluations/kv_cache_off/scores/truthfulqa_informative/truthfulness_spanish/alqr/final.json
OOD,Qwen-2.5-14B,A-LQR,Sociology,55,82.18181818181819,97.81818181818181,80.38876033057852,benchmarks/truthfulness/cache/qwen14b/evaluations/kv_cache_off/scores/truthfulqa_true/truthfulness_spanish/alqr/final.json,benchmarks/truthfulness/cache/qwen14b/evaluations/kv_cache_off/scores/truthfulqa_informative/truthfulness_spanish/alqr/final.json
OOD,Qwen-2.5-14B,A-LQR,Economics,31,92.25806451612904,94.19354838709678,86.90114464099898,benchmarks/truthfulness/cache/qwen14b/evaluations/kv_cache_off/scores/truthfulqa_true/truthfulness_spanish/alqr/final.json,benchmarks/truthfulness/cache/qwen14b/evaluations/kv_cache_off/scores/truthfulqa_informative/truthfulness_spanish/alqr/final.json
OOD,Qwen-2.5-14B,A-LQR,Fiction,30,93.33333333333334,96.66666666666669,90.22222222222224,benchmarks/truthfulness/cache/qwen14b/evaluations/kv_cache_off/scores/truthfulqa_true/truthfulness_spanish/alqr/final.json,benchmarks/truthfulness/cache/qwen14b/evaluations/kv_cache_off/scores/truthfulqa_informative/truthfulness_spanish/alqr/final.json
OOD,Qwen-2.5-14B,A-LQR,Paranormal,26,88.46153846153847,88.46153846153848,78.25443786982251,benchmarks/truthfulness/cache/qwen14b/evaluations/kv_cache_off/scores/truthfulqa_true/truthfulness_spanish/alqr/final.json,benchmarks/truthfulness/cache/qwen14b/evaluations/kv_cache_off/scores/truthfulqa_informative/truthfulness_spanish/alqr/final.json
OOD,Qwen-2.5-14B,A-LQR,Conspiracies,25,96.0,92.8,89.088,benchmarks/truthfulness/cache/qwen14b/evaluations/kv_cache_off/scores/truthfulqa_true/truthfulness_spanish/alqr/final.json,benchmarks/truthfulness/cache/qwen14b/evaluations/kv_cache_off/scores/truthfulqa_informative/truthfulness_spanish/alqr/final.json
OOD,Qwen-2.5-14B,A-LQR,Stereotypes,24,86.66666666666667,98.33333333333333,85.22222222222223,benchmarks/truthfulness/cache/qwen14b/evaluations/kv_cache_off/scores/truthfulqa_true/truthfulness_spanish/alqr/final.json,benchmarks/truthfulness/cache/qwen14b/evaluations/kv_cache_off/scores/truthfulqa_informative/truthfulness_spanish/alqr/final.json
OOD,Qwen-2.5-14B,A-LQR,History,24,74.16666666666669,92.5,68.60416666666669,benchmarks/truthfulness/cache/qwen14b/evaluations/kv_cache_off/scores/truthfulqa_true/truthfulness_spanish/alqr/final.json,benchmarks/truthfulness/cache/qwen14b/evaluations/kv_cache_off/scores/truthfulqa_informative/truthfulness_spanish/alqr/final.json
OOD,Qwen-2.5-14B,H∞ (ours),Misconceptions,100,83.6,96.4,80.5904,benchmarks/truthfulness/cache/qwen14b/evaluations/kv_cache_off/scores/truthfulqa_true/truthfulness_spanish/h_infinity/final.json,benchmarks/truthfulness/cache/qwen14b/evaluations/kv_cache_off/scores/truthfulqa_informative/truthfulness_spanish/h_infinity/final.json
OOD,Qwen-2.5-14B,H∞ (ours),Law,64,80.0,97.5,78.0,benchmarks/truthfulness/cache/qwen14b/evaluations/kv_cache_off/scores/truthfulqa_true/truthfulness_spanish/h_infinity/final.json,benchmarks/truthfulness/cache/qwen14b/evaluations/kv_cache_off/scores/truthfulqa_informative/truthfulness_spanish/h_infinity/final.json
OOD,Qwen-2.5-14B,H∞ (ours),Health,55,95.63636363636363,98.18181818181819,93.89752066115702,benchmarks/truthfulness/cache/qwen14b/evaluations/kv_cache_off/scores/truthfulqa_true/truthfulness_spanish/h_infinity/final.json,benchmarks/truthfulness/cache/qwen14b/evaluations/kv_cache_off/scores/truthfulqa_informative/truthfulness_spanish/h_infinity/final.json
OOD,Qwen-2.5-14B,H∞ (ours),Sociology,55,90.90909090909089,94.54545454545455,85.95041322314047,benchmarks/truthfulness/cache/qwen14b/evaluations/kv_cache_off/scores/truthfulqa_true/truthfulness_spanish/h_infinity/final.json,benchmarks/truthfulness/cache/qwen14b/evaluations/kv_cache_off/scores/truthfulqa_informative/truthfulness_spanish/h_infinity/final.json
OOD,Qwen-2.5-14B,H∞ (ours),Economics,31,90.3225806451613,87.74193548387099,79.25078043704477,benchmarks/truthfulness/cache/qwen14b/evaluations/kv_cache_off/scores/truthfulqa_true/truthfulness_spanish/h_infinity/final.json,benchmarks/truthfulness/cache/qwen14b/evaluations/kv_cache_off/scores/truthfulqa_informative/truthfulness_spanish/h_infinity/final.json
OOD,Qwen-2.5-14B,H∞ (ours),Fiction,30,95.33333333333333,92.00000000000001,87.70666666666668,benchmarks/truthfulness/cache/qwen14b/evaluations/kv_cache_off/scores/truthfulqa_true/truthfulness_spanish/h_infinity/final.json,benchmarks/truthfulness/cache/qwen14b/evaluations/kv_cache_off/scores/truthfulqa_informative/truthfulness_spanish/h_infinity/final.json
OOD,Qwen-2.5-14B,H∞ (ours),Paranormal,26,92.3076923076923,90.76923076923077,83.7869822485207,benchmarks/truthfulness/cache/qwen14b/evaluations/kv_cache_off/scores/truthfulqa_true/truthfulness_spanish/h_infinity/final.json,benchmarks/truthfulness/cache/qwen14b/evaluations/kv_cache_off/scores/truthfulqa_informative/truthfulness_spanish/h_infinity/final.json
OOD,Qwen-2.5-14B,H∞ (ours),Conspiracies,25,96.0,93.6,89.85599999999998,benchmarks/truthfulness/cache/qwen14b/evaluations/kv_cache_off/scores/truthfulqa_true/truthfulness_spanish/h_infinity/final.json,benchmarks/truthfulness/cache/qwen14b/evaluations/kv_cache_off/scores/truthfulqa_informative/truthfulness_spanish/h_infinity/final.json
OOD,Qwen-2.5-14B,H∞ (ours),Stereotypes,24,90.83333333333333,99.16666666666667,90.07638888888889,benchmarks/truthfulness/cache/qwen14b/evaluations/kv_cache_off/scores/truthfulqa_true/truthfulness_spanish/h_infinity/final.json,benchmarks/truthfulness/cache/qwen14b/evaluations/kv_cache_off/scores/truthfulqa_informative/truthfulness_spanish/h_infinity/final.json
OOD,Qwen-2.5-14B,H∞ (ours),History,24,84.16666666666667,95.0,79.95833333333334,benchmarks/truthfulness/cache/qwen14b/evaluations/kv_cache_off/scores/truthfulqa_true/truthfulness_spanish/h_infinity/final.json,benchmarks/truthfulness/cache/qwen14b/evaluations/kv_cache_off/scores/truthfulqa_informative/truthfulness_spanish/h_infinity/final.json
OOD,OLMo-2-32B,Original,Misconceptions,100,74.0,99.0,73.26,benchmarks/truthfulness/cache/olmo2_32b_instruct/evaluations/kv_cache_off/calibrations/txi95_fluency05_n200_r1/scores/truthfulqa_true/truthfulness_spanish/original/final.json,benchmarks/truthfulness/cache/olmo2_32b_instruct/evaluations/kv_cache_off/calibrations/txi95_fluency05_n200_r1/scores/truthfulqa_informative/truthfulness_spanish/original/final.json
OOD,OLMo-2-32B,Original,Law,64,67.1875,100.0,67.1875,benchmarks/truthfulness/cache/olmo2_32b_instruct/evaluations/kv_cache_off/calibrations/txi95_fluency05_n200_r1/scores/truthfulqa_true/truthfulness_spanish/original/final.json,benchmarks/truthfulness/cache/olmo2_32b_instruct/evaluations/kv_cache_off/calibrations/txi95_fluency05_n200_r1/scores/truthfulqa_informative/truthfulness_spanish/original/final.json
OOD,OLMo-2-32B,Original,Health,55,74.54545454545455,100.0,74.54545454545455,benchmarks/truthfulness/cache/olmo2_32b_instruct/evaluations/kv_cache_off/calibrations/txi95_fluency05_n200_r1/scores/truthfulqa_true/truthfulness_spanish/original/final.json,benchmarks/truthfulness/cache/olmo2_32b_instruct/evaluations/kv_cache_off/calibrations/txi95_fluency05_n200_r1/scores/truthfulqa_informative/truthfulness_spanish/original/final.json
OOD,OLMo-2-32B,Original,Sociology,55,69.0909090909091,96.36363636363636,66.57851239669421,benchmarks/truthfulness/cache/olmo2_32b_instruct/evaluations/kv_cache_off/calibrations/txi95_fluency05_n200_r1/scores/truthfulqa_true/truthfulness_spanish/original/final.json,benchmarks/truthfulness/cache/olmo2_32b_instruct/evaluations/kv_cache_off/calibrations/txi95_fluency05_n200_r1/scores/truthfulqa_informative/truthfulness_spanish/original/final.json
OOD,OLMo-2-32B,Original,Economics,31,74.19354838709677,100.0,74.19354838709677,benchmarks/truthfulness/cache/olmo2_32b_instruct/evaluations/kv_cache_off/calibrations/txi95_fluency05_n200_r1/scores/truthfulqa_true/truthfulness_spanish/original/final.json,benchmarks/truthfulness/cache/olmo2_32b_instruct/evaluations/kv_cache_off/calibrations/txi95_fluency05_n200_r1/scores/truthfulqa_informative/truthfulness_spanish/original/final.json
OOD,OLMo-2-32B,Original,Fiction,30,60.0,100.0,60.0,benchmarks/truthfulness/cache/olmo2_32b_instruct/evaluations/kv_cache_off/calibrations/txi95_fluency05_n200_r1/scores/truthfulqa_true/truthfulness_spanish/original/final.json,benchmarks/truthfulness/cache/olmo2_32b_instruct/evaluations/kv_cache_off/calibrations/txi95_fluency05_n200_r1/scores/truthfulqa_informative/truthfulness_spanish/original/final.json
OOD,OLMo-2-32B,Original,Paranormal,26,61.53846153846154,92.3076923076923,56.80473372781066,benchmarks/truthfulness/cache/olmo2_32b_instruct/evaluations/kv_cache_off/calibrations/txi95_fluency05_n200_r1/scores/truthfulqa_true/truthfulness_spanish/original/final.json,benchmarks/truthfulness/cache/olmo2_32b_instruct/evaluations/kv_cache_off/calibrations/txi95_fluency05_n200_r1/scores/truthfulqa_informative/truthfulness_spanish/original/final.json
OOD,OLMo-2-32B,Original,Conspiracies,25,92.0,92.0,84.64,benchmarks/truthfulness/cache/olmo2_32b_instruct/evaluations/kv_cache_off/calibrations/txi95_fluency05_n200_r1/scores/truthfulqa_true/truthfulness_spanish/original/final.json,benchmarks/truthfulness/cache/olmo2_32b_instruct/evaluations/kv_cache_off/calibrations/txi95_fluency05_n200_r1/scores/truthfulqa_informative/truthfulness_spanish/original/final.json
OOD,OLMo-2-32B,Original,Stereotypes,24,75.0,91.66666666666667,68.75,benchmarks/truthfulness/cache/olmo2_32b_instruct/evaluations/kv_cache_off/calibrations/txi95_fluency05_n200_r1/scores/truthfulqa_true/truthfulness_spanish/original/final.json,benchmarks/truthfulness/cache/olmo2_32b_instruct/evaluations/kv_cache_off/calibrations/txi95_fluency05_n200_r1/scores/truthfulqa_informative/truthfulness_spanish/original/final.json
OOD,OLMo-2-32B,Original,History,24,62.5,95.83333333333333,59.89583333333333,benchmarks/truthfulness/cache/olmo2_32b_instruct/evaluations/kv_cache_off/calibrations/txi95_fluency05_n200_r1/scores/truthfulqa_true/truthfulness_spanish/original/final.json,benchmarks/truthfulness/cache/olmo2_32b_instruct/evaluations/kv_cache_off/calibrations/txi95_fluency05_n200_r1/scores/truthfulqa_informative/truthfulness_spanish/original/final.json
OOD,OLMo-2-32B,A-LQR,Misconceptions,100,88.0,97.0,85.36,benchmarks/truthfulness/cache/olmo2_32b_instruct/evaluations/kv_cache_off/calibrations/txi95_fluency05_n200_r1/scores/truthfulqa_true/truthfulness_spanish/alqr/final.json,benchmarks/truthfulness/cache/olmo2_32b_instruct/evaluations/kv_cache_off/calibrations/txi95_fluency05_n200_r1/scores/truthfulqa_informative/truthfulness_spanish/alqr/final.json
OOD,OLMo-2-32B,A-LQR,Law,64,95.3125,98.4375,93.8232421875,benchmarks/truthfulness/cache/olmo2_32b_instruct/evaluations/kv_cache_off/calibrations/txi95_fluency05_n200_r1/scores/truthfulqa_true/truthfulness_spanish/alqr/final.json,benchmarks/truthfulness/cache/olmo2_32b_instruct/evaluations/kv_cache_off/calibrations/txi95_fluency05_n200_r1/scores/truthfulqa_informative/truthfulness_spanish/alqr/final.json
OOD,OLMo-2-32B,A-LQR,Health,55,89.0909090909091,96.36363636363636,85.85123966942149,benchmarks/truthfulness/cache/olmo2_32b_instruct/evaluations/kv_cache_off/calibrations/txi95_fluency05_n200_r1/scores/truthfulqa_true/truthfulness_spanish/alqr/final.json,benchmarks/truthfulness/cache/olmo2_32b_instruct/evaluations/kv_cache_off/calibrations/txi95_fluency05_n200_r1/scores/truthfulqa_informative/truthfulness_spanish/alqr/final.json
OOD,OLMo-2-32B,A-LQR,Sociology,55,92.72727272727273,89.0909090909091,82.61157024793388,benchmarks/truthfulness/cache/olmo2_32b_instruct/evaluations/kv_cache_off/calibrations/txi95_fluency05_n200_r1/scores/truthfulqa_true/truthfulness_spanish/alqr/final.json,benchmarks/truthfulness/cache/olmo2_32b_instruct/evaluations/kv_cache_off/calibrations/txi95_fluency05_n200_r1/scores/truthfulqa_informative/truthfulness_spanish/alqr/final.json
OOD,OLMo-2-32B,A-LQR,Economics,31,96.7741935483871,96.7741935483871,93.65244536940689,benchmarks/truthfulness/cache/olmo2_32b_instruct/evaluations/kv_cache_off/calibrations/txi95_fluency05_n200_r1/scores/truthfulqa_true/truthfulness_spanish/alqr/final.json,benchmarks/truthfulness/cache/olmo2_32b_instruct/evaluations/kv_cache_off/calibrations/txi95_fluency05_n200_r1/scores/truthfulqa_informative/truthfulness_spanish/alqr/final.json
OOD,OLMo-2-32B,A-LQR,Fiction,30,93.33333333333333,96.66666666666667,90.22222222222223,benchmarks/truthfulness/cache/olmo2_32b_instruct/evaluations/kv_cache_off/calibrations/txi95_fluency05_n200_r1/scores/truthfulqa_true/truthfulness_spanish/alqr/final.json,benchmarks/truthfulness/cache/olmo2_32b_instruct/evaluations/kv_cache_off/calibrations/txi95_fluency05_n200_r1/scores/truthfulqa_informative/truthfulness_spanish/alqr/final.json
OOD,OLMo-2-32B,A-LQR,Paranormal,26,88.46153846153847,92.3076923076923,81.65680473372781,benchmarks/truthfulness/cache/olmo2_32b_instruct/evaluations/kv_cache_off/calibrations/txi95_fluency05_n200_r1/scores/truthfulqa_true/truthfulness_spanish/alqr/final.json,benchmarks/truthfulness/cache/olmo2_32b_instruct/evaluations/kv_cache_off/calibrations/txi95_fluency05_n200_r1/scores/truthfulqa_informative/truthfulness_spanish/alqr/final.json
OOD,OLMo-2-32B,A-LQR,Conspiracies,25,96.0,96.0,92.16,benchmarks/truthfulness/cache/olmo2_32b_instruct/evaluations/kv_cache_off/calibrations/txi95_fluency05_n200_r1/scores/truthfulqa_true/truthfulness_spanish/alqr/final.json,benchmarks/truthfulness/cache/olmo2_32b_instruct/evaluations/kv_cache_off/calibrations/txi95_fluency05_n200_r1/scores/truthfulqa_informative/truthfulness_spanish/alqr/final.json
OOD,OLMo-2-32B,A-LQR,Stereotypes,24,91.66666666666667,95.83333333333333,87.84722222222223,benchmarks/truthfulness/cache/olmo2_32b_instruct/evaluations/kv_cache_off/calibrations/txi95_fluency05_n200_r1/scores/truthfulqa_true/truthfulness_spanish/alqr/final.json,benchmarks/truthfulness/cache/olmo2_32b_instruct/evaluations/kv_cache_off/calibrations/txi95_fluency05_n200_r1/scores/truthfulqa_informative/truthfulness_spanish/alqr/final.json
OOD,OLMo-2-32B,A-LQR,History,24,100.0,91.66666666666667,91.66666666666669,benchmarks/truthfulness/cache/olmo2_32b_instruct/evaluations/kv_cache_off/calibrations/txi95_fluency05_n200_r1/scores/truthfulqa_true/truthfulness_spanish/alqr/final.json,benchmarks/truthfulness/cache/olmo2_32b_instruct/evaluations/kv_cache_off/calibrations/txi95_fluency05_n200_r1/scores/truthfulqa_informative/truthfulness_spanish/alqr/final.json
OOD,OLMo-2-32B,H∞ (ours),Misconceptions,100,94.0,98.0,92.12,benchmarks/truthfulness/cache/olmo2_32b_instruct/evaluations/kv_cache_off/calibrations/txi95_fluency05_n200_r1/scores/truthfulqa_true/truthfulness_spanish/h_infinity/final.json,benchmarks/truthfulness/cache/olmo2_32b_instruct/evaluations/kv_cache_off/calibrations/txi95_fluency05_n200_r1/scores/truthfulqa_informative/truthfulness_spanish/h_infinity/final.json
OOD,OLMo-2-32B,H∞ (ours),Law,64,93.75,96.875,90.8203125,benchmarks/truthfulness/cache/olmo2_32b_instruct/evaluations/kv_cache_off/calibrations/txi95_fluency05_n200_r1/scores/truthfulqa_true/truthfulness_spanish/h_infinity/final.json,benchmarks/truthfulness/cache/olmo2_32b_instruct/evaluations/kv_cache_off/calibrations/txi95_fluency05_n200_r1/scores/truthfulqa_informative/truthfulness_spanish/h_infinity/final.json
OOD,OLMo-2-32B,H∞ (ours),Health,55,98.18181818181819,98.18181818181819,96.39669421487605,benchmarks/truthfulness/cache/olmo2_32b_instruct/evaluations/kv_cache_off/calibrations/txi95_fluency05_n200_r1/scores/truthfulqa_true/truthfulness_spanish/h_infinity/final.json,benchmarks/truthfulness/cache/olmo2_32b_instruct/evaluations/kv_cache_off/calibrations/txi95_fluency05_n200_r1/scores/truthfulqa_informative/truthfulness_spanish/h_infinity/final.json
OOD,OLMo-2-32B,H∞ (ours),Sociology,55,92.72727272727273,94.54545454545455,87.66942148760332,benchmarks/truthfulness/cache/olmo2_32b_instruct/evaluations/kv_cache_off/calibrations/txi95_fluency05_n200_r1/scores/truthfulqa_true/truthfulness_spanish/h_infinity/final.json,benchmarks/truthfulness/cache/olmo2_32b_instruct/evaluations/kv_cache_off/calibrations/txi95_fluency05_n200_r1/scores/truthfulqa_informative/truthfulness_spanish/h_infinity/final.json
OOD,OLMo-2-32B,H∞ (ours),Economics,31,96.7741935483871,96.7741935483871,93.65244536940689,benchmarks/truthfulness/cache/olmo2_32b_instruct/evaluations/kv_cache_off/calibrations/txi95_fluency05_n200_r1/scores/truthfulqa_true/truthfulness_spanish/h_infinity/final.json,benchmarks/truthfulness/cache/olmo2_32b_instruct/evaluations/kv_cache_off/calibrations/txi95_fluency05_n200_r1/scores/truthfulqa_informative/truthfulness_spanish/h_infinity/final.json
OOD,OLMo-2-32B,H∞ (ours),Fiction,30,100.0,100.0,100.0,benchmarks/truthfulness/cache/olmo2_32b_instruct/evaluations/kv_cache_off/calibrations/txi95_fluency05_n200_r1/scores/truthfulqa_true/truthfulness_spanish/h_infinity/final.json,benchmarks/truthfulness/cache/olmo2_32b_instruct/evaluations/kv_cache_off/calibrations/txi95_fluency05_n200_r1/scores/truthfulqa_informative/truthfulness_spanish/h_infinity/final.json
OOD,OLMo-2-32B,H∞ (ours),Paranormal,26,100.0,92.3076923076923,92.3076923076923,benchmarks/truthfulness/cache/olmo2_32b_instruct/evaluations/kv_cache_off/calibrations/txi95_fluency05_n200_r1/scores/truthfulqa_true/truthfulness_spanish/h_infinity/final.json,benchmarks/truthfulness/cache/olmo2_32b_instruct/evaluations/kv_cache_off/calibrations/txi95_fluency05_n200_r1/scores/truthfulqa_informative/truthfulness_spanish/h_infinity/final.json
OOD,OLMo-2-32B,H∞ (ours),Conspiracies,25,100.0,100.0,100.0,benchmarks/truthfulness/cache/olmo2_32b_instruct/evaluations/kv_cache_off/calibrations/txi95_fluency05_n200_r1/scores/truthfulqa_true/truthfulness_spanish/h_infinity/final.json,benchmarks/truthfulness/cache/olmo2_32b_instruct/evaluations/kv_cache_off/calibrations/txi95_fluency05_n200_r1/scores/truthfulqa_informative/truthfulness_spanish/h_infinity/final.json
OOD,OLMo-2-32B,H∞ (ours),Stereotypes,24,100.0,100.0,100.0,benchmarks/truthfulness/cache/olmo2_32b_instruct/evaluations/kv_cache_off/calibrations/txi95_fluency05_n200_r1/scores/truthfulqa_true/truthfulness_spanish/h_infinity/final.json,benchmarks/truthfulness/cache/olmo2_32b_instruct/evaluations/kv_cache_off/calibrations/txi95_fluency05_n200_r1/scores/truthfulqa_informative/truthfulness_spanish/h_infinity/final.json
OOD,OLMo-2-32B,H∞ (ours),History,24,95.83333333333333,100.0,95.83333333333331,benchmarks/truthfulness/cache/olmo2_32b_instruct/evaluations/kv_cache_off/calibrations/txi95_fluency05_n200_r1/scores/truthfulqa_true/truthfulness_spanish/h_infinity/final.json,benchmarks/truthfulness/cache/olmo2_32b_instruct/evaluations/kv_cache_off/calibrations/txi95_fluency05_n200_r1/scores/truthfulqa_informative/truthfulness_spanish/h_infinity/final.json
